gene,pathway,frac_in_Hcar2-,frac_in_Hcar2+,frac_in_Hcar2-high,mean_in_Hcar2-,mean_in_Hcar2+,enrichment(+/-),spearman_rho,fisher_p
Nlrp3,ketone extras,0.1979557901836068,0.3814160433324736,0.3211340206185567,0.5034416913986206,0.9437726140022278,1.9267738669260688,0.11767790000757225,0.0
Slc16a3,Monocarboxylate transporters,0.35285294015046686,0.4922620582924942,0.39922680412371137,0.9872921705245972,1.3140416145324707,1.3950912753697877,0.06654365021681985,5.426138864483031e-253
Cpt1a,Fatty acid beta-oxidation,0.2138396958104164,0.2362651534691772,0.12886597938144329,0.512748122215271,0.507476270198822,1.1048704150731794,0.003532252001431434,1.2495434271936424e-10
Ppara,Nutrient sensing / regulators,0.008174513657135549,0.008124838792881093,0.0028350515463917525,0.017899828031659126,0.015643686056137085,0.993923202487882,-0.0010676821752364576,1.0
Pdk4,Pyruvate fate,0.030006162862358864,0.03856074284240392,0.021134020618556702,0.06836757063865662,0.07884122431278229,1.2850940994783548,0.011930679320469994,1.08322340028671e-08
Bdh1,Ketone body synthesis,0.06800660472796195,0.09201702347175651,0.04097938144329897,0.1572420299053192,0.19165873527526855,1.3530601011451806,0.021927792416135634,4.0658579263711416e-27
Acss2,Ketone body utilisation,0.07146594727845673,0.09994841372194996,0.04974226804123711,0.16464459896087646,0.20708315074443817,1.398545986279527,0.02579230666784133,1.5745301914490697e-35
Cd36,Fatty acid uptake / activation,0.11732694566215886,0.2805003868970854,0.17422680412371133,0.30348485708236694,0.6924441456794739,2.390758451215307,0.12707823539963256,0.0
Lpl,Cholesterol / lipid transport,0.1956069256619263,0.26979623420170235,0.13762886597938145,0.5552006959915161,0.7512281537055969,1.379277514273701,0.044978752620597626,6.430689427520444e-101
Plin2,Cholesterol / lipid transport,0.4677438109745462,0.5244389992262058,0.37938144329896906,1.4327033758163452,1.4336466789245605,1.1212099164573337,-0.004460715037734927,1.0366239920888448e-41
C4b,context,0.46902289561506527,0.606074284240392,0.42036082474226805,1.4371908903121948,1.7562785148620605,1.2922061799256108,0.05151798837680413,1.3204102144504369e-235
