cell_type,FA_supply_score
Astrocytes,0.307199631471979
Foamy Mic_Mac,0.24456520828068895
DA astrocytes,0.17570716913029666
Mic_AST,0.12070127183357453
Endothelial cells,0.1179189472924889
Schwann cells,0.10597489567856558
Activated Mic_Mac 2,0.08498599495785082
Ependymal cells,0.06730367593462244
Macrophages,0.05773621433796127
Vascular cells,0.05702995284504573
Fibroblasts,0.045619437646840226
Proliferating microglia,0.030635215962889404
T cells,0.024010284289119086
DA Oligodendrocytes,0.015436136965607073
Efflux Mic_Mac,0.007151221101629688
Oligodendrocytes,0.004905398467785276
Stromal cells,0.002530871773902688
Newly formed oligodendrocytes,0.0009392611541452578
Microglia,-0.01596083877773755
Activate Mic_Mac 1,-0.02213308041913377
APCs,-0.024263412663801966
B cells,-0.03419872490255219
Dendritic cells,-0.056187727977209015
OPCs,-0.07988532931955944
Myeloid cells,-0.08221294163131154
Neurons,-0.27317164845563674
