cell_type,n,Hcar2+,Nlrp3+,both,both_expected
Activate Mic_Mac 1,18077,0.08391879183492836,0.19428002434032196,0.025502019140344084,0.016303744920300293
Activated Mic_Mac 2,24097,0.1322571274432502,0.2173714570278458,0.045607337012906174,0.028748924494656783
Efflux Mic_Mac,17895,0.0027381950265437274,0.02134674490081028,0.00022352612461581448,5.8451550720296386e-05
Foamy Mic_Mac,12961,0.02245197129851092,0.14335313633207314,0.00439780881104853,0.003218560502479229
Macrophages,32806,0.0542888496006828,0.2800097543132354,0.021886240321892337,0.015201407438635378
Mic_AST,8134,0.055077452667814115,0.14187361691664618,0.011433489058273912,0.007814037420538171
Microglia,56065,0.08331401052349952,0.21690894497458307,0.03026843841969143,0.01807155412425359
Myeloid cells,10389,0.19857541630570796,0.4464337279815189,0.11358167292328425,0.0886507633868393
Proliferating microglia,7082,0.21194577802880543,0.25896639367410335,0.0855690482914431,0.05488683379057175
