,source,target,n_samples,median_ratio,frac_samples_gt1,wilcoxon_p,lesion_matched_n,lesion_matched_median_ratio,lesion_matched_wilcoxon_p
0,DA vs homeostatic oligodendrocytes,Bdh1+ astrocytes,92,0.8227626927135898,0.17391304347826086,5.4937510404119806e-12,77,0.8700503966249037,5.7865876073243796e-08
1,DA vs homeostatic oligodendrocytes,Cpt1a+ astrocytes,92,0.7706830109924967,0.08695652173913043,1.8137397678884068e-14,77,0.8965100833232701,1.8866383086958629e-06
2,DA vs homeostatic oligodendrocytes,Bdh1+Cpt1a+ astrocytes,92,0.6852471352774179,0.09782608695652174,2.0474572277125025e-14,77,0.8175238674309475,3.167799984067318e-08
3,DA vs homeostatic oligodendrocytes,Slc16a3+ astrocytes,75,1.9480981233695196,0.8933333333333333,7.738127303277162e-13,70,1.4940113500480867,5.1672856263368195e-08
4,DA vs homeostatic oligodendrocytes,Hcar2+ myeloid,88,1.6192509633497465,0.9204545454545454,1.8573740075903252e-14,77,1.236696420240724,8.107609484191557e-07
5,DA vs homeostatic oligodendrocytes,Nlrp3+ myeloid,92,1.6361764871086162,0.9347826086956522,3.8836169281433657e-16,77,1.3419309864064133,1.4360654997253657e-12
6,DA vs homeostatic oligodendrocytes,Slc16a1+ endothelial,92,0.7726226039033102,0.09782608695652174,1.0947083611268e-12,77,0.8756394952251022,1.1056953222843964e-06
7,C4b-high vs C4b-neg oligodendrocytes,Bdh1+ astrocytes,87,1.0348749316804855,0.5402298850574713,0.42621268439176196,76,1.0372644490767784,0.3434067047453756
8,C4b-high vs C4b-neg oligodendrocytes,Cpt1a+ astrocytes,87,0.9000829187396351,0.3793103448275862,0.05628690446284252,76,1.0593888435319307,0.5175225203908931
9,C4b-high vs C4b-neg oligodendrocytes,Bdh1+Cpt1a+ astrocytes,87,0.9330779870198957,0.45977011494252873,0.12759360639495215,76,1.0496628803000763,0.35137607464168286
10,C4b-high vs C4b-neg oligodendrocytes,Slc16a3+ astrocytes,75,2.2705299782730473,0.6933333333333334,2.856131131858324e-07,62,1.7511637915077927,0.04681376150698026
11,C4b-high vs C4b-neg oligodendrocytes,Hcar2+ myeloid,85,1.8235731792717087,0.8235294117647058,1.7981891053975684e-10,76,1.7013179426601135,7.111069812517013e-09
12,C4b-high vs C4b-neg oligodendrocytes,Nlrp3+ myeloid,87,1.6974400085511197,0.8160919540229885,2.7131826568507054e-07,76,1.7202394505932388,3.1647877423360786e-10
13,C4b-high vs C4b-neg oligodendrocytes,Slc16a1+ endothelial,87,0.9222621902478018,0.39080459770114945,0.04809524270185636,76,0.9831816852377624,0.8929193106752843
