,Bdh1,Slc16a1,Slc16a3,Slc5a12,Hcar2,Ffar3,Ffar2,Nlrp3,Cpt1a,Cpt1c,Cpt2,Slc25a20,Hadhb,Hadh,Echs1,Acaa2,Ppara,Ppargc1a,Pdk4,Fgf21,Klb,Acss1,Acss2
Oligodendrocytes,0.4197068,0.9593753,0.05920816,0.000979566,0.0061188443,0.0011394809,0.0037446718,0.012075424,0.215607,0.3978713,0.22552747,0.18686514,0.54071003,0.90432245,1.1408828,0.13811857,0.025802182,0.14706714,0.39641935,0.0014397047,0.0034163755,0.14511423,1.1309466
Neurons,0.5789372,0.5005278,0.02786962,0.0007775426,0.009311203,0.0016461877,0.003042109,0.01665552,0.18294264,0.76306134,0.106528915,0.31891307,0.49815574,0.25458324,0.81070685,0.16824222,0.021399122,0.40301248,0.071557485,0.002839965,0.0026208055,0.13783243,0.86528826
Endothelial cells,0.30989343,1.0870602,0.19508654,0.000556726,0.01460852,0.00029958054,0.011789776,0.08187129,0.8113914,0.12913512,0.2599681,0.45633668,0.63120174,0.7500557,0.84711134,0.39097446,0.05166034,0.14616519,0.13432862,0.00053125713,0.0010431985,0.16749245,0.28079066
Microglia,0.13721785,0.43689582,0.6526512,0.00030975335,0.20726724,0.0009210517,0.024615146,0.550405,0.42886612,0.11605349,0.13928032,0.26216334,0.38039234,0.46312323,0.95038235,0.23642482,0.02679678,0.04346419,0.08463052,0.0009022373,0.00074497255,0.3191617,0.13868281
Astrocytes,1.2554525,1.0742849,0.019300189,0.00043552966,0.0072885877,0.00055851846,0.0021318246,0.013441401,0.9552981,0.4348378,0.33467135,0.58942014,1.1875913,0.78927374,1.3440114,0.51086503,0.14781775,0.7170667,0.3155039,0.00074855064,0.0023830084,1.0247521,1.2216113
DA Oligodendrocytes,0.33740342,0.9220121,0.16794206,0.0008992757,0.03386653,0.00084268214,0.0077342098,0.067723505,0.22549209,0.29773384,0.1509333,0.17693129,0.37685433,0.7416551,0.90874535,0.10926164,0.015500114,0.049727846,0.34219983,0.0009485134,0.0014672233,0.11703721,0.7026273
DA astrocytes,0.9920678,2.7790723,0.14291798,0.0007430407,0.0154199,0.0011200674,0.0065907123,0.04031964,0.69246936,0.57058567,0.2926169,0.43027076,0.76025134,0.9422977,1.2344303,0.2910943,0.06876922,0.35043332,0.29688784,0.0013520381,0.0036817014,0.43116006,0.8682811
T cells,0.24093582,0.6030796,0.6947023,0.00047556346,0.055082586,0.0004713171,0.057383526,0.22473952,0.4993863,0.124519765,0.14047588,0.40909773,0.5100283,0.5349164,0.8418038,0.32440633,0.018383611,0.033329032,0.07595116,0.00076119305,0.0009957693,0.23573539,0.22989087
Fibroblasts,0.21011919,0.67626953,0.14113675,0.00038394926,0.00681047,0.00013696423,0.0074658636,0.050912235,0.43305418,0.3390335,0.20631815,0.34345454,0.32613888,0.6061205,0.53179556,0.37415743,0.075651154,0.11383879,0.101264834,0.00048609404,0.0006410788,0.049645986,0.14872369
Schwann cells,0.10982391,0.5373691,0.0637874,0.001740301,0.0048454627,0.00077264104,0.010032549,0.027678797,0.38142386,0.15633412,0.11495262,0.18443814,0.42993492,0.8609337,0.7573394,0.4216753,0.07677142,0.08633396,0.3129068,0.0016560794,0.0020564538,0.17642929,0.40633726
Macrophages,0.07732928,0.51834726,1.8069824,0.0006062481,0.12849958,0.001090539,0.06800144,0.72005785,0.6565984,0.05677822,0.149829,0.3513253,0.37984377,0.4394859,1.1914212,0.31200162,0.0074194972,0.02234514,0.033035543,0.001336622,0.00066815596,0.1173971,0.10974976
Activated Mic_Mac 2,0.12207251,0.65570587,1.2595376,0.00047156584,0.3025471,0.00090573827,0.009884744,0.5034932,0.60913485,0.08313266,0.1483822,0.30459753,0.40694192,0.5455375,1.5545816,0.28431574,0.012433465,0.032670736,0.059224308,0.0016633457,0.00094515603,0.45237035,0.14475082
OPCs,0.5674841,0.5616328,0.09259956,0.0004701871,0.017942049,0.0011218811,0.0048654,0.034960896,0.4048134,0.74452907,0.12688723,0.3774629,0.51199603,0.45263818,0.85676295,0.10927568,0.049314335,0.16059396,0.09313273,0.00071814866,0.0016277119,0.4732422,0.4472395
Stromal cells,0.19701335,0.47191966,0.3112409,0.0001647952,0.012422643,0.00018322514,0.012091685,0.085733235,0.4174588,0.44815013,0.18320554,0.35409683,0.37867984,0.60058844,0.66651225,0.28138375,0.1218811,0.045583647,0.13566478,0.0019621241,0.000539125,0.09274907,0.18340532
Vascular cells,0.2967579,0.43922025,0.10904071,0.00015823901,0.011070063,0.0009238008,0.023290938,0.040011253,0.5365243,0.25251368,0.16261542,0.32120603,0.65744823,0.7534999,0.78246236,0.46830615,0.097221926,0.13508227,0.16079994,0.00036808752,0.00038220358,0.20977727,0.3143977
Activate Mic_Mac 1,0.48418602,0.49708647,0.287251,0.000612278,0.18351139,0.001207601,0.005129114,0.44320035,0.39384425,0.20582646,0.16079947,0.30691758,0.7372722,0.5114052,1.1142893,0.27591294,0.03453386,0.2669473,0.122798316,0.0010956918,0.0013984716,0.48382366,0.41964477
Efflux Mic_Mac,0.060237277,0.35884148,0.51599365,0.0018003009,0.010043062,0.00057703455,0.015901122,0.07560505,0.1892676,0.07413291,0.052780587,0.15086733,0.12517434,0.17738454,0.37095177,0.09163434,0.0027896028,0.02006218,0.026912482,0.0017254378,0.0015522116,0.094543464,0.06427798
Foamy Mic_Mac,0.066765144,0.62696105,1.3793936,0.00015193579,0.04552552,0.0007813336,0.011035796,0.30754817,1.0604281,0.0660239,0.17397499,0.5129112,0.45870462,0.7024027,1.6721454,0.46269304,0.0059870663,0.013551199,0.027514206,0.00063426397,0.0007636929,0.2169649,0.12846364
APCs,0.15724078,0.5447941,0.45551002,0.00018372013,0.039752692,0.00018276018,0.34376138,0.4189641,0.49068224,0.13269861,0.1313562,0.39884663,0.4407598,0.35883984,0.78443384,0.24077547,0.014927192,0.034767147,0.056864,0.0005949317,0.000697255,0.33750862,0.17147586
B cells,0.121499024,0.45043623,0.34542862,0.00021011816,0.025068484,0.0033000123,0.1214207,0.16730236,0.48519865,0.14982256,0.1553154,0.34892288,0.47065377,0.5303831,0.6679491,0.2903697,0.02954395,0.03162232,0.11401028,0.0030775527,0.0005007674,0.39689788,0.10649518
Newly formed oligodendrocytes,1.1333842,0.51648396,0.25510395,0.0011649639,0.025325952,0.0015330839,0.0072968407,0.05773856,0.40712452,0.67834795,0.17491083,0.34028405,0.55521375,0.77144593,0.9512436,0.101333395,0.032864142,0.064281814,0.08367206,0.002674883,0.0010640898,0.22793071,0.5487548
Myeloid cells,0.101631,0.5402378,1.8849581,0.00043061824,0.57368433,0.00040483943,0.30843857,1.3976774,0.3328951,0.06698131,0.09576063,0.31558076,0.30114514,0.2610648,0.5753466,0.13537747,0.011786641,0.027815484,0.055533357,0.00048660082,0.00061043777,0.07675271,0.15103528
Mic_AST,0.42891183,1.6491859,0.6136949,0.0,0.121838,0.00097632495,0.009518322,0.32498893,0.5111758,0.25609562,0.16868994,0.35088512,0.6189693,0.76276803,1.288459,0.29255965,0.031868454,0.08931291,0.16882972,0.00018900442,0.0007534552,0.30124107,0.3315837
Proliferating microglia,0.22669582,0.99631953,1.0010331,0.00088059204,0.4735951,0.0003806194,0.010426207,0.57877576,0.55513906,0.27078062,0.19839625,0.32135734,0.52703357,0.5590049,1.3998312,0.22217117,0.020122293,0.0834142,0.10135837,0.002224564,0.0010758888,0.46511036,0.28224033
Dendritic cells,0.11552405,0.41972306,0.5713717,0.0015928553,0.027832432,0.00060464523,0.09891357,0.20693421,0.41375685,0.18105634,0.14455146,0.43613324,0.3608717,0.38702887,0.66720426,0.21165422,0.019458998,0.024953496,0.058391802,0.00079012394,0.00039024305,0.09662124,0.09219002
Ependymal cells,0.70178646,0.97519046,0.030984405,0.00071355817,0.010308461,0.00036697384,0.0008688449,0.026331509,0.4477771,0.4532297,0.18741533,0.49919334,0.7382329,0.76193905,1.2170978,0.48652658,0.029384647,0.41944167,0.11351666,0.00041028683,0.008788984,0.20932652,0.3603435
