gene,group,mean_DA,mean_homeo,log2FC,n_samples,frac_samples_up,wilcoxon_p
Bdh1,Ketone enzyme on the panel,0.32112643,0.42997137,-0.4199649806349146,107,0.037383177570093455,9.120030743285223e-19
Slc16a1,Transport,0.83015376,0.9591002,-0.2080695594675687,107,0.2523364485981308,1.6580793543336323e-10
Slc16a3,Transport,0.14864956,0.06279268,1.230125201569362,107,0.9532710280373832,8.158486931220066e-19
Slc5a12,Transport,0.0009548085,0.001011725,-0.04140586218758067,107,0.1308411214953271,0.120354302507949
Hcar2,Sensing,0.032933243,0.0071509033,2.0576674352180384,107,0.8598130841121495,2.3238608704973638e-17
Ffar3,Sensing,0.0009357208,0.0011162275,-0.12862382997249514,107,0.1588785046728972,0.04308783506491863
Ffar2,Sensing,0.0074994196,0.004052814,0.7502772292874539,107,0.5420560747663551,0.0009675773301449956
Nlrp3,Sensing,0.07224956,0.013713736,2.315656504180372,107,0.9906542056074766,2.8094922284483904e-19
Cpt1a,Fatty-acid supply,0.20581156,0.2189452,-0.08882732066264853,107,0.3644859813084112,0.005512464327397134
Cpt1c,Fatty-acid supply,0.26469156,0.40145263,-0.5990665783720817,107,0.028037383177570093,3.4226604037406564e-19
Cpt2,Fatty-acid supply,0.14415517,0.23496503,-0.7009770438938968,107,0.037383177570093455,1.7738775777550786e-18
Slc25a20,Fatty-acid supply,0.14670746,0.19882712,-0.43600968400400036,107,0.12149532710280374,1.9799357319526375e-14
Hadhb,Fatty-acid supply,0.37051916,0.5225129,-0.4947885023470586,107,0.028037383177570093,4.4085649120603e-19
Hadh,Fatty-acid supply,0.6843922,0.908103,-0.40751393903424393,107,0.009345794392523364,3.057712887474193e-19
Echs1,Fatty-acid supply,0.8788111,1.1170329,-0.34569688146434224,107,0.056074766355140186,8.389044734064158e-19
Acaa2,Fatty-acid supply,0.113583095,0.13310398,-0.22695785553875178,107,0.27102803738317754,1.0502494229877e-07
Ppara,Regulators,0.016155627,0.025020342,-0.6009581194840433,107,0.22429906542056074,1.1131190549243738e-08
Ppargc1a,Regulators,0.054344315,0.13803747,-1.3289667288077092,107,0.018691588785046728,2.9726553551865166e-19
Pdk4,Regulators,0.2830088,0.40868738,-0.5285877604413001,107,0.07476635514018691,5.762558085782174e-18
Fgf21,Regulators,0.0009869729,0.0013920213,-0.2676580168063206,107,0.14018691588785046,0.0032592078693483646
Klb,Regulators,0.0014033914,0.0036712165,-0.9587267344847803,107,0.14018691588785046,8.755648986995819e-08
Acss1,Acetate activation,0.11927729,0.14617966,-0.29121403864605044,107,0.2616822429906542,1.816687694620292e-08
Acss2,Acetate activation,0.70497346,1.1355951,-0.6870325274490182,107,0.0,2.7312613078476504e-19
