,gene,pathway,frac_in_Bdh1-,frac_in_Bdh1+,frac_in_Bdh1-high,mean_in_Bdh1-,mean_in_Bdh1+,enrichment(+/-),spearman_rho,fisher_p,cell_type,condition,n_cells
0,Cpt1a,Fatty acid beta-oxidation,0.32885584072919166,0.47933502655275917,0.3702677746999077,0.821155309677124,1.0739420652389526,1.4575840450025186,0.07723661029865848,1.8712572672878106e-45,Astrocytes,CONTROL,8500
1,Cpt2,Fatty acid beta-oxidation,0.10745982249940034,0.17363195566843684,0.13665743305632502,0.24517717957496643,0.34958574175834656,1.615784873173467,0.056053033595898055,1.5184102789171199e-18,Astrocytes,CONTROL,8500
2,Slc25a20,Fatty acid beta-oxidation,0.18973374910050372,0.2920803509582083,0.21514312096029548,0.4512732923030853,0.6180741190910339,1.539422229007295,0.063301303266723,2.1821685945651847e-28,Astrocytes,CONTROL,8500
3,Hadhb,Fatty acid beta-oxidation,0.4154473494842888,0.5860078503809744,0.46722068328716526,1.0800482034683228,1.400226354598999,1.4105466098373454,0.08314189750637613,7.254762661165303e-56,Astrocytes,CONTROL,8500
4,Hadh,context,0.2688894219237227,0.3791272223504964,0.28162511542012925,0.65931236743927,0.8298290371894836,1.4099744781259762,0.056301740313176765,1.82056398923157e-27,Astrocytes,CONTROL,8500
5,Echs1,Fatty acid beta-oxidation,0.4715759174862077,0.6199492034172247,0.48107109879963067,1.2466670274734497,1.518132209777832,1.3146328733705035,0.05487096975933245,4.759594695732212e-43,Astrocytes,CONTROL,8500
6,Acaa2,Fatty acid beta-oxidation,0.19141280882705686,0.2911567767259293,0.22160664819944598,0.45340579748153687,0.6167212128639221,1.5210934864290717,0.06509560647069264,5.120538034850922e-27,Astrocytes,CONTROL,8500
7,Ppara,Nutrient sensing / regulators,0.06500359798512832,0.10043869776033248,0.07109879963065559,0.15053234994411469,0.20372560620307922,1.5451252065048937,0.04074050916706183,3.2931289349409837e-09,Astrocytes,CONTROL,8500
8,Ppargc1a,Mitochondrial biogenesis / dynamics,0.3202206764212041,0.44216116370353264,0.30655586334256696,0.7855591773986816,0.9800264835357666,1.380801416838972,0.046255231382988586,5.153188153596297e-31,Astrocytes,CONTROL,8500
9,Pdk4,Pyruvate fate,0.10961861357639721,0.1648580004617871,0.1283471837488458,0.2534942328929901,0.3386790156364441,1.503923422155778,0.046974013517333366,1.505717028326766e-13,Astrocytes,CONTROL,8500
10,Slc16a1,Monocarboxylate transporters,0.26073398896617894,0.3558069729854537,0.27516158818097874,0.6367881894111633,0.771754264831543,1.3646359433085156,0.046680897240913795,2.1929855828178316e-21,Astrocytes,CONTROL,8500
11,Slc16a3,Monocarboxylate transporters,0.004317582153993763,0.005079658277534056,0.0009233610341643582,0.009785469621419907,0.008942406624555588,1.1765052977244157,-0.007757775012304117,0.6375046498699269,Astrocytes,CONTROL,8500
12,Acss2,Ketone body utilisation,0.4994003358119453,0.6737474024474717,0.5650969529085873,1.3646996021270752,1.7117136716842651,1.3491128341995722,0.08996453752430672,3.756687473047448e-60,Astrocytes,CONTROL,8500
13,Hcar2,Ketone / SCFA receptors,0.0007195970256656273,0.0016162549064881089,0.0,0.0014174951938912272,0.0025828753132373095,2.246055568382975,0.005586999179762677,0.34435472918906485,Astrocytes,CONTROL,8500
14,Nlrp3,ketone extras,0.0033581194531062605,0.0036942969291156777,0.0018467220683287165,0.0074699497781693935,0.0067178113386034966,1.100108849820233,-0.003371721915228261,0.8560690631701622,Astrocytes,CONTROL,8500
15,C4b,context,0.16598704725353802,0.15793119371969522,0.13019390581717452,0.48024752736091614,0.4116678535938263,0.9514669748806494,-0.021562006086140662,0.3167694952829987,Astrocytes,CONTROL,8500
16,Gfap,context,0.7788438474454306,0.8559224197644886,0.7977839335180056,2.9120962619781494,2.9402365684509277,1.0989653735750393,-0.00915371457638681,2.914872073060768e-20,Astrocytes,CONTROL,8500
17,Cpt1a,Fatty acid beta-oxidation,0.3412347341090489,0.47891081367002436,0.38208241353936717,0.8406804800033569,1.0670322179794312,1.403464436058781,0.06966757905090165,1.2643849222972582e-183,Astrocytes,EAE,42539
18,Cpt2,Fatty acid beta-oxidation,0.1259255697663237,0.19548318844579365,0.14753495217071377,0.2869534492492676,0.3945097029209137,1.552370887092637,0.05466891280859441,2.7693641225238257e-85,Astrocytes,EAE,42539
19,Slc25a20,Fatty acid beta-oxidation,0.2196845850562554,0.31981049629731845,0.23712288447387786,0.5229101777076721,0.6738279461860657,1.4557712195210395,0.05803731480865499,4.9616961737393355e-120,Astrocytes,EAE,42539
20,Hadhb,Fatty acid beta-oxidation,0.40624098471006825,0.5680511476013063,0.4540103016924209,1.0278115272521973,1.3187041282653809,1.3983107785314202,0.07891236662561738,2.8958786320628305e-245,Astrocytes,EAE,42539
21,Hadh,context,0.2818540244254255,0.4129064900418564,0.33167770419426046,0.6872665286064148,0.9036985039710999,1.4649657420488793,0.07514539179415362,1.0609018317625202e-177,Astrocytes,EAE,42539
22,Echs1,Fatty acid beta-oxidation,0.4519184536974709,0.6260521595142817,0.5042310522442973,1.1699963808059692,1.494458794593811,1.3853210781549135,0.083354381187778,1.4697386420702009e-285,Astrocytes,EAE,42539
23,Acaa2,Fatty acid beta-oxidation,0.1816520819309549,0.2787360287015317,0.21725533480500367,0.42791876196861267,0.5801442265510559,1.5344499536618466,0.06791923611870898,1.5661082857704335e-125,Astrocytes,EAE,42539
24,Ppara,Nutrient sensing / regulators,0.05462063659967305,0.08168897474817166,0.05923473142016188,0.12250130623579025,0.16037823259830475,1.4955698035321074,0.030752131776779126,1.3336210675741946e-28,Astrocytes,EAE,42539
25,Ppargc1a,Mitochondrial biogenesis / dynamics,0.24122511779978845,0.3640126949082379,0.2742825607064018,0.5822587609291077,0.7805097699165344,1.5090165494721013,0.06759319108156149,8.283620287523639e-168,Astrocytes,EAE,42539
26,Pdk4,Pyruvate fate,0.11861717472833927,0.18104043052297503,0.13723325974981604,0.27063092589378357,0.36570462584495544,1.5262581572828675,0.051063522737090715,5.82307768587646e-73,Astrocytes,EAE,42539
27,Slc16a1,Monocarboxylate transporters,0.3837869025867872,0.5152476886987719,0.4012141280353201,1.0282068252563477,1.2625246047973633,1.34253588443461,0.050867777966999796,6.986987381532238e-164,Astrocytes,EAE,42539
28,Slc16a3,Monocarboxylate transporters,0.008558515241850178,0.012050963617128927,0.006254598969830758,0.01935689151287079,0.02313382923603058,1.4080670860058844,0.004184610487285096,0.00038109023394488045,Astrocytes,EAE,42539
29,Acss2,Ketone body utilisation,0.4028271949225887,0.5410054735292765,0.4350625459896983,1.0395609140396118,1.2706941366195679,1.3430212268395672,0.06203837489099088,1.4302591074325003e-179,Astrocytes,EAE,42539
30,Hcar2,Ketone / SCFA receptors,0.003654197518992211,0.004967572788740169,0.0023914643119941135,0.008023216389119625,0.008649068884551525,1.3594155113186581,-0.0022636224506400685,0.045723474137716616,Astrocytes,EAE,42539
31,Nlrp3,ketone extras,0.006202519473026253,0.008233291936893428,0.00459896983075791,0.013871236704289913,0.01551467552781105,1.3274108969264302,0.0023955648563793036,0.013878790683632982,Astrocytes,EAE,42539
32,C4b,context,0.5374074430233676,0.6432546800975116,0.5281456953642384,1.6555742025375366,1.8576838970184326,1.1969590083804282,0.017389723857526743,2.579783706513205e-109,Astrocytes,EAE,42539
33,Gfap,context,0.9410520242330993,0.9732303021940113,0.9475717439293598,4.590381145477295,4.695500373840332,1.0341939416018315,-0.003510468292109027,8.487091209216771e-62,Astrocytes,EAE,42539
34,Cpt1a,Fatty acid beta-oxidation,0.22372723026623073,0.3027232425585814,0.24242424242424243,0.5820170044898987,0.7170331478118896,1.3530907355280226,0.05451219655277527,6.814348938223193e-08,DA astrocytes,CONTROL,3720
35,Cpt2,Fatty acid beta-oxidation,0.08360579168612797,0.11652944901836605,0.07828282828282829,0.2033681720495224,0.2593325674533844,1.3937963706610152,0.029219117576142147,0.000957112240418707,DA astrocytes,CONTROL,3720
36,Slc25a20,Fatty acid beta-oxidation,0.11349836524988323,0.1551614946168461,0.07323232323232323,0.27483582496643066,0.33507466316223145,1.3670813167681792,0.017995917827964284,0.0002251941945765913,DA astrocytes,CONTROL,3720
37,Hadhb,Fatty acid beta-oxidation,0.25455394675385334,0.37682077264091196,0.2297979797979798,0.6503563523292542,0.8868455290794373,1.4803179343563164,0.07021827865807748,1.6339138954335128e-15,DA astrocytes,CONTROL,3720
38,Hadh,context,0.2802428771602055,0.3825205826472451,0.2601010101010101,0.7262811660766602,0.9200895428657532,1.3649609457462528,0.051199045533768264,5.173578386678629e-11,DA astrocytes,CONTROL,3720
39,Echs1,Fatty acid beta-oxidation,0.3657169546940682,0.48068397720075995,0.34595959595959597,0.9724695682525635,1.1753716468811035,1.3143606579652964,0.050338687403537,2.360627362119255e-12,DA astrocytes,CONTROL,3720
40,Acaa2,Fatty acid beta-oxidation,0.09948622139187295,0.13932868904369855,0.09090909090909091,0.24262480437755585,0.30660244822502136,1.4004822687444067,0.03358106094465477,0.000233974714803793,DA astrocytes,CONTROL,3720
41,Ppara,Nutrient sensing / regulators,0.029892573563755253,0.051931602279924,0.04292929292929293,0.07008212804794312,0.1143653467297554,1.7372743825205827,0.04755481426688661,0.000812298750518089,DA astrocytes,CONTROL,3720
42,Ppargc1a,Mitochondrial biogenesis / dynamics,0.20831387202241944,0.2887903736542115,0.1590909090909091,0.5306174755096436,0.6793205738067627,1.3863232959499256,0.04819758177451808,1.904391425413572e-08,DA astrocytes,CONTROL,3720
43,Pdk4,Pyruvate fate,0.12237272302662307,0.19189360354654844,0.10606060606060606,0.2969377040863037,0.43482646346092224,1.5681076534090086,0.05527265612762937,6.859767355277014e-09,DA astrocytes,CONTROL,3720
44,Slc16a1,Monocarboxylate transporters,0.6562354040168146,0.7682077264091197,0.6035353535353535,2.0150885581970215,2.2830886840820312,1.1706282862931854,0.04065667852812501,1.1123056524213308e-13,DA astrocytes,CONTROL,3720
45,Slc16a3,Monocarboxylate transporters,0.012610929472209247,0.006333122229259025,0.0,0.0303849745541811,0.013072125613689423,0.5021931367719842,-0.03559701642801595,0.06570567291546776,DA astrocytes,CONTROL,3720
46,Acss2,Ketone body utilisation,0.39374124241008873,0.49778340721975933,0.33585858585858586,1.0568541288375854,1.2571674585342407,1.2642399464501837,0.04514740220563767,3.1492736919664915e-10,DA astrocytes,CONTROL,3720
47,Hcar2,Ketone / SCFA receptors,0.00046707146193367583,0.001266624445851805,0.0,0.0009972016559913754,0.0021705536637455225,2.7118429385687146,0.008382744754155135,0.5780555083382362,DA astrocytes,CONTROL,3720
48,Nlrp3,ketone extras,0.004203643157403083,0.006966434452184927,0.0025252525252525255,0.009025109000504017,0.013420791365206242,1.6572373513475476,0.004655748991184298,0.2656831893103491,DA astrocytes,CONTROL,3720
49,C4b,context,0.8000934142923868,0.8955034832172261,0.7626262626262627,2.8231687545776367,3.067924976348877,1.1192486617443553,0.010506170102852526,1.4641147143371407e-15,DA astrocytes,CONTROL,3720
50,Gfap,context,0.9939280709948622,1.0,1.0,5.879759788513184,5.919351577758789,1.006109022556391,-0.010089374714648552,0.001013276302878362,DA astrocytes,CONTROL,3720
51,Cpt1a,Fatty acid beta-oxidation,0.2630958482829318,0.3835351809198306,0.3037147102526003,0.6113681197166443,0.8247211575508118,1.4577773971840824,0.08723407230391073,4.793215005218799e-118,DA astrocytes,EAE,32969
52,Cpt2,Fatty acid beta-oxidation,0.1185545873910815,0.18077123114644475,0.14026745913818722,0.2592381238937378,0.35910454392433167,1.5247932207812958,0.059121960318635265,1.7079068732409143e-55,DA astrocytes,EAE,32969
53,Slc25a20,Fatty acid beta-oxidation,0.1821117375704767,0.24474329444981052,0.16077265973254087,0.4099031388759613,0.49568971991539,1.3439182872828042,0.034982203628283824,9.198399909410927e-43,DA astrocytes,EAE,32969
54,Hadhb,Fatty acid beta-oxidation,0.2885187083546899,0.41488966490823986,0.2986627043090639,0.6697583198547363,0.8940585851669312,1.4379991761164967,0.07813167508100508,2.3250397196335563e-124,DA astrocytes,EAE,32969
55,Hadh,context,0.3590466427473091,0.4907496842261684,0.3726597325408618,0.8616218566894531,1.0962128639221191,1.3668131819061449,0.07507509797205583,1.3493165485716044e-125,DA astrocytes,EAE,32969
56,Echs1,Fatty acid beta-oxidation,0.4604305484366991,0.5938777026525002,0.45289747399702823,1.153523325920105,1.4003124237060547,1.289831234415037,0.06229844377363407,5.982250413810731e-126,DA astrocytes,EAE,32969
57,Acaa2,Fatty acid beta-oxidation,0.11137878011276268,0.18196002674790104,0.1438335809806835,0.2452104687690735,0.36349788308143616,1.633704611988748,0.07438902706847533,2.2517760004286026e-72,DA astrocytes,EAE,32969
58,Ppara,Nutrient sensing / regulators,0.02619169656586366,0.043093840552789954,0.031203566121842496,0.055685900151729584,0.08217647671699524,1.6453245189529002,0.03338537642773853,7.36600775984287e-17,DA astrocytes,EAE,32969
59,Ppargc1a,Mitochondrial biogenesis / dynamics,0.11619682214249102,0.20023775912029126,0.16196136701337296,0.2625313401222229,0.41060715913772583,1.7232636437745403,0.09362203173909069,4.66801796146132e-96,DA astrocytes,EAE,32969
60,Pdk4,Pyruvate fate,0.1185545873910815,0.16338509547514674,0.11768202080237741,0.26403599977493286,0.32831865549087524,1.3781423314829713,0.041235063590485774,6.377326890004979e-31,DA astrocytes,EAE,32969
61,Slc16a1,Monocarboxylate transporters,0.8216299333675039,0.9076454417118657,0.8032689450222883,2.7864537239074707,2.948091745376587,1.1046888688582968,-0.018418655784292477,2.8033114016723516e-111,DA astrocytes,EAE,32969
62,Slc16a3,Monocarboxylate transporters,0.07837006663249615,0.06508655917973104,0.031203566121842496,0.17577554285526276,0.12842275202274323,0.8305027924110874,-0.051015535384422085,4.878068691215911e-06,DA astrocytes,EAE,32969
63,Acss2,Ketone body utilisation,0.3065094823167606,0.4381454788617282,0.33046062407132243,0.7411311268806458,0.9769750237464905,1.42946794190507,0.08606790042109333,1.7651505764372969e-131,DA astrocytes,EAE,32969
64,Hcar2,Ketone / SCFA receptors,0.008457201435161456,0.008841667285831042,0.0020802377414561664,0.01759384572505951,0.01611727848649025,1.0454601742215976,-0.008964559619354275,0.7163429106604196,DA astrocytes,EAE,32969
65,Nlrp3,ketone extras,0.022962583290620196,0.019169329073482427,0.006835066864784547,0.048949092626571655,0.03594444319605827,0.8348071656777726,-0.02746392257237107,0.02017671170936361,DA astrocytes,EAE,32969
66,C4b,context,0.8471553049718094,0.9330559476929935,0.8520059435364041,2.9259276390075684,3.1689140796661377,1.1013989314793262,0.03650097119530633,5.48028684306345e-133,DA astrocytes,EAE,32969
67,Gfap,context,0.9978472578165044,0.9998514005498179,0.999405646359584,5.897833824157715,5.931469440460205,1.0020084664437512,0.022039354362480973,7.478336253716284e-08,DA astrocytes,EAE,32969
68,Cpt1a,Fatty acid beta-oxidation,0.07173633012037489,0.14893617021276595,0.11040723981900452,0.16735228896141052,0.30779504776000977,2.0761609907120744,0.09257277937832753,1.3640196467309988e-55,Oligodendrocytes,CONTROL,26931
69,Cpt2,Fatty acid beta-oxidation,0.07977612934748812,0.12086917157084653,0.07149321266968325,0.18149740993976593,0.23910778760910034,1.5151044875136235,0.043722406936720394,1.5801160383502107e-17,Oligodendrocytes,CONTROL,26931
70,Slc25a20,Fatty acid beta-oxidation,0.05854395238306756,0.1104572204617474,0.0660633484162896,0.1320095807313919,0.21971847116947174,1.8867400639266458,0.06689569842355317,2.7450353858925457e-32,Oligodendrocytes,CONTROL,26931
71,Hadhb,Fatty acid beta-oxidation,0.21703016035179673,0.36555002263467634,0.23891402714932128,0.5170688033103943,0.8033837676048279,1.6843282152219543,0.10430307754905323,8.126990024357639e-92,Oligodendrocytes,CONTROL,26931
72,Hadh,context,0.3482876560209657,0.43141693073789045,0.3040723981900452,0.8743174076080322,0.9791239500045776,1.2386799338990087,0.028786257294914897,2.2658865878625114e-25,Oligodendrocytes,CONTROL,26931
73,Echs1,Fatty acid beta-oxidation,0.4493403811131346,0.5826165685830693,0.42262443438914027,1.1572777032852173,1.3915761709213257,1.296604073597335,0.05237107680695068,3.3917535023223846e-59,Oligodendrocytes,CONTROL,26931
74,Acaa2,Fatty acid beta-oxidation,0.0530360236307911,0.12086917157084653,0.09321266968325792,0.12136108428239822,0.24669547379016876,2.279001389928365,0.0940470468666945,3.6178208651128446e-54,Oligodendrocytes,CONTROL,26931
75,Ppara,Nutrient sensing / regulators,0.00986096921778528,0.021502942507922135,0.012669683257918552,0.022035561501979828,0.04101065173745155,2.1806114625263557,0.03791395727348226,1.5097372162420693e-09,Oligodendrocytes,CONTROL,26931
76,Ppargc1a,Mitochondrial biogenesis / dynamics,0.06556211966419402,0.15821638750565867,0.08416289592760182,0.1478312909603119,0.3218921720981598,2.413228680159142,0.11125262387343592,2.998104704365625e-80,Oligodendrocytes,CONTROL,26931
77,Pdk4,Pyruvate fate,0.12877004397459246,0.1453146220009054,0.10407239819004525,0.3099030554294586,0.31022536754608154,1.128481574717621,0.008065927061276089,0.003214208033801586,Oligodendrocytes,CONTROL,26931
78,Slc16a1,Monocarboxylate transporters,0.39186247945631414,0.465142598460842,0.33031674208144796,0.9942010641098022,1.057119369506836,1.1870046836487118,0.01243957501811416,1.9792280293992027e-19,Oligodendrocytes,CONTROL,26931
79,Slc16a3,Monocarboxylate transporters,0.02203171500910585,0.022181982797645994,0.019004524886877826,0.05240500345826149,0.04656622186303139,1.0068205216197668,-0.0008212296708291957,0.9553173770589347,Oligodendrocytes,CONTROL,26931
80,Acss2,Ketone body utilisation,0.47834584462310664,0.5534178361249434,0.3936651583710407,1.3075896501541138,1.3772461414337158,1.1569408250237583,0.006738069161958201,7.054875377038604e-20,Oligodendrocytes,CONTROL,26931
81,Hcar2,Ketone / SCFA receptors,0.0010216319459867632,0.0009053870529651426,0.0009049773755656109,0.0022257056552916765,0.001798143028281629,0.8862164662349676,-0.0019124907796301339,1.0,Oligodendrocytes,CONTROL,26931
82,Nlrp3,ketone extras,0.0028872207169191133,0.0036215482118605704,0.0036199095022624436,0.006208999548107386,0.007395995315164328,1.2543371522094926,0.004472581866928306,0.4510626311350171,Oligodendrocytes,CONTROL,26931
83,C4b,context,0.3100430862168525,0.27048438207333636,0.21357466063348415,0.9441802501678467,0.7437321543693542,0.8724090105468512,-0.046049819660972546,1.418117979009412e-07,Oligodendrocytes,CONTROL,26931
84,Gfap,context,0.7182516768089549,0.7664101403349932,0.7221719457013575,2.4772398471832275,2.4744675159454346,1.0670495664416637,-0.013022980979104275,3.383437662060948e-11,Oligodendrocytes,CONTROL,26931
85,Cpt1a,Fatty acid beta-oxidation,0.08787500387000897,0.14940622899395026,0.11260293591120658,0.20126475393772125,0.30831682682037354,1.7002130573440737,0.06944454617901925,9.591631710254879e-154,Oligodendrocytes,EAE,119214
86,Cpt2,Fatty acid beta-oxidation,0.09786478704630595,0.13502128613040557,0.08915145005370569,0.2232961654663086,0.2769484519958496,1.3796717921280364,0.03639647036007513,1.1016195343924607e-56,Oligodendrocytes,EAE,119214
87,Slc25a20,Fatty acid beta-oxidation,0.07792650078948184,0.1411606542684293,0.09559613319011816,0.17518414556980133,0.28642579913139343,1.8114589111318409,0.07398972206321221,2.0383683813611517e-175,Oligodendrocytes,EAE,119214
88,Hadhb,Fatty acid beta-oxidation,0.20937264574453812,0.3304055568003585,0.24239169351951306,0.49245989322662354,0.7220736145973206,1.5780741348776586,0.09036540442402666,1.2630349520119921e-306,Oligodendrocytes,EAE,119214
89,Hadh,context,0.35557642493730585,0.44378220927627154,0.31954887218045114,0.8825932741165161,1.0141396522521973,1.2480642082908557,0.03683084106051831,3.3654387605678266e-131,Oligodendrocytes,EAE,119214
90,Echs1,Fatty acid beta-oxidation,0.4285905943301788,0.5566659197848981,0.41263873970640885,1.0853885412216187,1.3156845569610596,1.2988290623943377,0.05782893866344502,5.15559645675973e-262,Oligodendrocytes,EAE,119214
91,Acaa2,Fatty acid beta-oxidation,0.053757004716250945,0.09984315482859063,0.0769781596849266,0.12231596559286118,0.20214837789535522,1.8573050220264165,0.06630929835455483,1.3609737701892562e-129,Oligodendrocytes,EAE,119214
92,Ppara,Nutrient sensing / regulators,0.010464504277649923,0.019717678691463143,0.01288936627282492,0.023039113730192184,0.03858933225274086,1.884243932469514,0.03005587732738708,1.6521602905181143e-26,Oligodendrocytes,EAE,119214
93,Ppargc1a,Mitochondrial biogenesis / dynamics,0.05412852557817934,0.11059825229666144,0.07679914070891515,0.12143316119909286,0.2229948788881302,2.0432526309426495,0.07883530543759848,3.070203866599697e-184,Oligodendrocytes,EAE,119214
94,Pdk4,Pyruvate fate,0.16927935272809833,0.18906565090746136,0.13802363050483352,0.41577595472335815,0.4167156219482422,1.1168854787101201,0.007463251400178739,2.937467318132481e-12,Oligodendrocytes,EAE,119214
95,Slc16a1,Monocarboxylate transporters,0.36844549479354793,0.47129733363208604,0.34156820622986034,0.9174480438232422,1.0869505405426025,1.2791507571456922,0.04649699966042383,5.681625388131688e-175,Oligodendrocytes,EAE,119214
96,Slc16a3,Monocarboxylate transporters,0.026635981795477767,0.02894913735155725,0.02040816326530612,0.06127140671014786,0.05961526930332184,1.0868432623899829,0.002998837342422543,0.05755348418889271,Oligodendrocytes,EAE,119214
97,Acss2,Ketone body utilisation,0.40815694692411686,0.49083576069908136,0.3583959899749373,1.067954421043396,1.1775047779083252,1.2025662294811703,0.024994286617262388,1.5610024451648074e-111,Oligodendrocytes,EAE,119214
98,Hcar2,Ketone / SCFA receptors,0.003054727086966842,0.004302038987228322,0.0026852846401718583,0.006737702060490847,0.008214673958718777,1.4083218777818822,0.006751590614097798,0.004272019987732546,Oligodendrocytes,EAE,119214
99,Nlrp3,ketone extras,0.0058824136471996614,0.008021510194936141,0.003938417472252059,0.012876497581601143,0.015441827476024628,1.3636426603142406,0.008520441481464603,0.00041389585809157106,Oligodendrocytes,EAE,119214
100,C4b,context,0.6961578550862239,0.7208604077974456,0.6482277121374865,2.5493571758270264,2.4737117290496826,1.0354841255194374,-0.036907183626486,2.921851911205195e-13,Oligodendrocytes,EAE,119214
101,Gfap,context,0.8913404679098855,0.9318843827022182,0.9006444683136412,3.6096560955047607,3.7989492416381836,1.0454864513078874,0.04461928401719481,9.67846003078232e-80,Oligodendrocytes,EAE,119214
102,Cpt1a,Fatty acid beta-oxidation,0.05370843989769821,0.10285714285714286,0.0,0.14342869818210602,0.2383476197719574,1.9151020408163264,0.056668400350184986,0.015936276640093654,DA Oligodendrocytes,CONTROL,1739
103,Cpt2,Fatty acid beta-oxidation,0.03388746803069054,0.08571428571428572,0.045454545454545456,0.08420087397098541,0.19708210229873657,2.5293800539083557,0.0752638802200793,0.0028559041906494284,DA Oligodendrocytes,CONTROL,1739
104,Slc25a20,Fatty acid beta-oxidation,0.030690537084398978,0.07428571428571429,0.045454545454545456,0.07820252329111099,0.1850314736366272,2.4204761904761907,0.06834705476909221,0.007350945158673133,DA Oligodendrocytes,CONTROL,1739
105,Hadhb,Fatty acid beta-oxidation,0.11892583120204604,0.21142857142857144,0.09090909090909091,0.3336678147315979,0.50539231300354,1.7778187403993855,0.06943269273997313,0.001152845528456165,DA Oligodendrocytes,CONTROL,1739
106,Hadh,context,0.2026854219948849,0.36,0.06818181818181818,0.5853576064109802,0.9321398735046387,1.7761514195583596,0.09302726512646205,7.074302290234486e-06,DA Oligodendrocytes,CONTROL,1739
107,Echs1,Fatty acid beta-oxidation,0.23721227621483376,0.44,0.18181818181818182,0.7008139491081238,1.1271610260009766,1.854878706199461,0.10906040485240101,3.0020006719173465e-08,DA Oligodendrocytes,CONTROL,1739
108,Acaa2,Fatty acid beta-oxidation,0.03900255754475703,0.14857142857142858,0.09090909090909091,0.10839782655239105,0.36078500747680664,3.809274004683841,0.1441845100063735,9.302107169293845e-08,DA Oligodendrocytes,CONTROL,1739
109,Ppara,Nutrient sensing / regulators,0.007033248081841432,0.022857142857142857,0.022727272727272728,0.01809500716626644,0.052410148084163666,3.2498701298701302,0.04886802311775437,0.05584941951469036,DA Oligodendrocytes,CONTROL,1739
110,Ppargc1a,Mitochondrial biogenesis / dynamics,0.019820971867007674,0.06285714285714286,0.022727272727272728,0.05762982368469238,0.15690679848194122,3.1712442396313363,0.07791221645640799,0.0020671739913878757,DA Oligodendrocytes,CONTROL,1739
111,Pdk4,Pyruvate fate,0.06521739130434782,0.12,0.022727272727272728,0.18067465722560883,0.2876390516757965,1.84,0.05699192909488428,0.012000115577538426,DA Oligodendrocytes,CONTROL,1739
112,Slc16a1,Monocarboxylate transporters,0.19948849104859334,0.3485714285714286,0.09090909090909091,0.5819331407546997,0.8981066942214966,1.7473260073260075,0.08824981760566877,1.5839328934893838e-05,DA Oligodendrocytes,CONTROL,1739
113,Slc16a3,Monocarboxylate transporters,0.034526854219948847,0.04,0.0,0.08281353861093521,0.09013637900352478,1.1585185185185187,0.0057137057677898295,0.6648064373716884,DA Oligodendrocytes,CONTROL,1739
114,Acss2,Ketone body utilisation,0.22953964194373402,0.3657142857142857,0.11363636363636363,0.6851012110710144,0.9054561257362366,1.59325109430959,0.062400035745598215,0.00012822110678123254,DA Oligodendrocytes,CONTROL,1739
115,Hcar2,Ketone / SCFA receptors,0.005115089514066497,0.005714285714285714,0.0,0.009258517064154148,0.009842034429311752,1.117142857142857,6.115935417159325e-05,1.0,DA Oligodendrocytes,CONTROL,1739
116,Nlrp3,ketone extras,0.03900255754475703,0.03428571428571429,0.0,0.08699657022953033,0.08115043491125107,0.8790632318501171,-0.009853256271415865,1.0,DA Oligodendrocytes,CONTROL,1739
117,C4b,context,0.340153452685422,0.52,0.25,1.2250683307647705,1.7515782117843628,1.528721804511278,0.08498019373324471,4.179600138764721e-06,DA Oligodendrocytes,CONTROL,1739
118,Gfap,context,0.8369565217391305,0.9428571428571428,0.8409090909090909,4.121640682220459,4.681438446044922,1.126530612244898,0.06884476293308958,8.45051436237492e-05,DA Oligodendrocytes,CONTROL,1739
119,Cpt1a,Fatty acid beta-oxidation,0.08771525215252153,0.1421885087153002,0.061895551257253385,0.21499373018741608,0.31196489930152893,1.62102376982351,0.0535308572164788,5.195657486914561e-38,DA Oligodendrocytes,EAE,45220
120,Cpt2,Fatty acid beta-oxidation,0.06034747847478475,0.0947385409941898,0.0425531914893617,0.14562644064426422,0.19989852607250214,1.5698840015954405,0.03980233625932266,3.19418823421779e-22,DA Oligodendrocytes,EAE,45220
121,Slc25a20,Fatty acid beta-oxidation,0.07031570315703158,0.11297611362169141,0.04577691811734365,0.17061160504817963,0.24142664670944214,1.6066981989697104,0.045821756145691055,5.847315505929607e-29,DA Oligodendrocytes,EAE,45220
122,Hadhb,Fatty acid beta-oxidation,0.14109266092660927,0.24289864428663654,0.12379110251450677,0.3504827320575714,0.5502200722694397,1.7215540673159653,0.08200206489648988,8.967148164461303e-85,DA Oligodendrocytes,EAE,45220
123,Hadh,context,0.27198646986469865,0.39848289218850874,0.24242424242424243,0.7127521634101868,0.9577661156654358,1.4650835109067613,0.07118077468466513,5.465981301967367e-88,DA Oligodendrocytes,EAE,45220
124,Echs1,Fatty acid beta-oxidation,0.330130176301763,0.4625564880568108,0.25209542230818827,0.8815144300460815,1.126570463180542,1.4011336171644015,0.060622517692278194,7.658652940281517e-89,DA Oligodendrocytes,EAE,45220
125,Acaa2,Fatty acid beta-oxidation,0.042051045510455104,0.06762427372498386,0.0367504835589942,0.10260924696922302,0.14427419006824493,1.6081472625495248,0.03672355028989944,1.8613954897160806e-17,DA Oligodendrocytes,EAE,45220
126,Ppara,Nutrient sensing / regulators,0.005560680606806068,0.012588766946417043,0.0070921985815602835,0.0133860744535923,0.02711739018559456,2.2638895913224824,0.027797057515562294,6.762940760352987e-09,DA Oligodendrocytes,EAE,45220
127,Ppargc1a,Mitochondrial biogenesis / dynamics,0.01868081180811808,0.035345384118786315,0.016118633139909737,0.045283783227205276,0.07269593328237534,1.8920689572723144,0.034814879243943324,2.7349137919133157e-15,DA Oligodendrocytes,EAE,45220
128,Pdk4,Pyruvate fate,0.13007380073800737,0.17349903163331182,0.10573823339780787,0.3392452299594879,0.4031218886375427,1.333850711280213,0.03306553700415044,2.3935104932121303e-19,DA Oligodendrocytes,EAE,45220
129,Slc16a1,Monocarboxylate transporters,0.3246719967199672,0.46917366042608133,0.29464861379755,0.8920689225196838,1.197119951248169,1.4450696862247354,0.0771425646146628,1.1448019391388798e-105,DA Oligodendrocytes,EAE,45220
130,Slc16a3,Monocarboxylate transporters,0.0674969249692497,0.09102646868947709,0.038039974210186976,0.16653431951999664,0.20049414038658142,1.3486017137958062,0.02345173302765391,8.364722950622889e-11,DA Oligodendrocytes,EAE,45220
131,Acss2,Ketone body utilisation,0.2510506355063551,0.36636539703034215,0.2198581560283688,0.6711111068725586,0.8998198509216309,1.4593286979393765,0.06863581912236877,8.961690423779355e-77,DA Oligodendrocytes,EAE,45220
132,Hcar2,Ketone / SCFA receptors,0.01511890118901189,0.01920593931568754,0.0051579626047711154,0.03414040803909302,0.039031680673360825,1.2703263997548992,0.007183946275478906,0.017910991548364508,DA Oligodendrocytes,EAE,45220
133,Nlrp3,ketone extras,0.02757277572775728,0.03792769528728212,0.012250161186331399,0.06536714732646942,0.07732030004262924,1.3755486811253692,0.01514071071248495,1.2563279393159038e-05,DA Oligodendrocytes,EAE,45220
134,C4b,context,0.8099887248872488,0.9131697869593286,0.7981947130883301,3.302103042602539,3.6375572681427,1.1273858004461021,0.025061505929949435,1.2830795846352681e-100,DA Oligodendrocytes,EAE,45220
135,Gfap,context,0.9380893808938089,0.9738540994189799,0.9509993552546744,4.5242509841918945,4.677098274230957,1.038125064896369,0.020238448050627713,7.090762482782105e-35,DA Oligodendrocytes,EAE,45220
136,Cpt1a,Fatty acid beta-oxidation,0.178743961352657,0.25903614457831325,0.2619047619047619,0.418965607881546,0.5700047612190247,1.4492022142624554,0.06555850029965789,0.07527201663788374,Newly formed oligodendrocytes,CONTROL,373
137,Cpt2,Fatty acid beta-oxidation,0.06763285024154589,0.0963855421686747,0.07142857142857142,0.17189671099185944,0.19099532067775726,1.4251290877796903,0.029205787578157765,0.34183985054094046,Newly formed oligodendrocytes,CONTROL,373
138,Slc25a20,Fatty acid beta-oxidation,0.1497584541062802,0.18072289156626506,0.19047619047619047,0.35748809576034546,0.39194148778915405,1.2067625340069956,0.04235168348252781,0.48172746398770405,Newly formed oligodendrocytes,CONTROL,373
139,Hadhb,Fatty acid beta-oxidation,0.21256038647342995,0.24096385542168675,0.2619047619047619,0.5236985683441162,0.53219074010849,1.1336254107338444,0.02027293546759782,0.5346876227125994,Newly formed oligodendrocytes,CONTROL,373
140,Hadh,context,0.22705314009661837,0.42771084337349397,0.40476190476190477,0.5676760077476501,0.9867530465126038,1.8837477569853882,0.17034439222343326,5.007570777535628e-05,Newly formed oligodendrocytes,CONTROL,373
141,Echs1,Fatty acid beta-oxidation,0.30434782608695654,0.43373493975903615,0.40476190476190477,0.7526758313179016,1.0161553621292114,1.42512908777969,0.08418915503513742,0.012533663309915705,Newly formed oligodendrocytes,CONTROL,373
142,Acaa2,Fatty acid beta-oxidation,0.024154589371980676,0.05421686746987952,0.0,0.05746529623866081,0.10855373740196228,2.244578313253012,0.02730991967681167,0.17132281519549933,Newly formed oligodendrocytes,CONTROL,373
143,Ppara,Nutrient sensing / regulators,0.014492753623188406,0.030120481927710843,0.0,0.03712940961122513,0.061282943934202194,2.0783132530120483,0.03415395308465147,0.4748004765249688,Newly formed oligodendrocytes,CONTROL,373
144,Ppargc1a,Mitochondrial biogenesis / dynamics,0.03864734299516908,0.07228915662650602,0.047619047619047616,0.07979264855384827,0.1327207386493683,1.8704819277108433,0.05846399392528822,0.17041647060726958,Newly formed oligodendrocytes,CONTROL,373
145,Pdk4,Pyruvate fate,0.033816425120772944,0.0783132530120482,0.023809523809523808,0.08795769512653351,0.15297427773475647,2.315834767641997,0.0697332169498443,0.06661417960697236,Newly formed oligodendrocytes,CONTROL,373
146,Slc16a1,Monocarboxylate transporters,0.13526570048309178,0.1746987951807229,0.19047619047619047,0.3391212821006775,0.4007834792137146,1.2915232358003443,0.021507029618392685,0.31317565446596496,Newly formed oligodendrocytes,CONTROL,373
147,Slc16a3,Monocarboxylate transporters,0.057971014492753624,0.08433734939759036,0.07142857142857142,0.15255525708198547,0.18553660809993744,1.4548192771084336,0.03319084886810668,0.41368485469200755,Newly formed oligodendrocytes,CONTROL,373
148,Acss2,Ketone body utilisation,0.30434782608695654,0.4036144578313253,0.40476190476190477,0.843090832233429,0.9867088794708252,1.3261617900172118,0.05050527710550276,0.04957644042138727,Newly formed oligodendrocytes,CONTROL,373
149,Hcar2,Ketone / SCFA receptors,0.0,0.0,0.0,0.0,0.0,,,1.0,Newly formed oligodendrocytes,CONTROL,373
150,Nlrp3,ketone extras,0.0,0.0,0.0,0.0,0.0,,,1.0,Newly formed oligodendrocytes,CONTROL,373
151,C4b,context,0.20772946859903382,0.1686746987951807,0.11904761904761904,0.5782176852226257,0.4036138951778412,0.8119921546651723,-0.0597058800362851,0.35607094302732534,Newly formed oligodendrocytes,CONTROL,373
152,Gfap,context,0.7632850241545893,0.8373493975903614,0.7857142857142857,2.9483306407928467,2.9695656299591064,1.0970337044380052,-0.015228820376402155,0.09261277290286515,Newly formed oligodendrocytes,CONTROL,373
153,Cpt1a,Fatty acid beta-oxidation,0.15368004318877093,0.21123053301162537,0.12105263157894737,0.36777982115745544,0.4486136734485626,1.3744825198426254,0.02448071093679814,7.366318640722656e-14,Newly formed oligodendrocytes,EAE,10116
154,Cpt2,Fatty acid beta-oxidation,0.06712254813748425,0.0965123930686554,0.07017543859649122,0.15367361903190613,0.20034821331501007,1.4378535342694856,0.033674720452297045,7.53389499708984e-08,Newly formed oligodendrocytes,EAE,10116
155,Slc25a20,Fatty acid beta-oxidation,0.1293863595465179,0.17942531256854574,0.12192982456140351,0.30495887994766235,0.3806801438331604,1.3867405590311666,0.034147535123323025,3.831281552994647e-12,Newly formed oligodendrocytes,EAE,10116
156,Hadhb,Fatty acid beta-oxidation,0.2049667086557495,0.29370475981574906,0.1780701754385965,0.4910411238670349,0.6357033848762512,1.4329388501282858,0.0435487784391443,7.791756016055298e-25,Newly formed oligodendrocytes,EAE,10116
157,Hadh,context,0.2713694439445744,0.3917525773195876,0.2868421052631579,0.6776724457740784,0.8871595859527588,1.4436134430802046,0.06728887182772189,9.858748587808833e-38,Newly formed oligodendrocytes,EAE,10116
158,Echs1,Fatty acid beta-oxidation,0.3555875472377182,0.43935073481026543,0.2929824561403509,0.9081453680992126,1.010428547859192,1.2355627699092333,0.006212577388088446,9.939441405109085e-18,Newly formed oligodendrocytes,EAE,10116
159,Acaa2,Fatty acid beta-oxidation,0.045168256253374124,0.04957227462162755,0.02368421052631579,0.10531249642372131,0.09821215271949768,1.097502510248543,-0.012561441280095113,0.3001494685268081,Newly formed oligodendrocytes,EAE,10116
160,Ppara,Nutrient sensing / regulators,0.01187691200287925,0.019083132265847774,0.0061403508771929825,0.02750255912542343,0.03817098215222359,1.6067419091108497,0.011284737803432561,0.004022106396386624,Newly formed oligodendrocytes,EAE,10116
161,Ppargc1a,Mitochondrial biogenesis / dynamics,0.0237538240057585,0.03860495722746216,0.016666666666666666,0.05314773693680763,0.07465698570013046,1.6252102069167216,0.01630743904248771,2.0081163918779686e-05,Newly formed oligodendrocytes,EAE,10116
162,Pdk4,Pyruvate fate,0.03383120388698938,0.0425531914893617,0.015789473684210527,0.07894982397556305,0.08671002835035324,1.2578089633318243,0.001840305140311647,0.024115867377018964,Newly formed oligodendrocytes,EAE,10116
163,Slc16a1,Monocarboxylate transporters,0.19416951592585927,0.25312568545733716,0.15,0.4808804988861084,0.5721472501754761,1.3036324690328291,0.016638601326845134,1.3403952794539182e-12,Newly formed oligodendrocytes,EAE,10116
164,Slc16a3,Monocarboxylate transporters,0.0944754363865395,0.12195656942311911,0.09824561403508772,0.2425626963376999,0.2775798439979553,1.2908812500652815,0.017988286075154753,9.231186458346672e-06,Newly formed oligodendrocytes,EAE,10116
165,Acss2,Ketone body utilisation,0.18841101313658448,0.26804123711340205,0.1736842105263158,0.4713131785392761,0.6138381958007812,1.4226410263984481,0.049354410979026896,1.6097538474222443e-21,Newly formed oligodendrocytes,EAE,10116
166,Hcar2,Ketone / SCFA receptors,0.011696958790714414,0.01359947356876508,0.0043859649122807015,0.025936366990208626,0.026653988286852837,1.16265037879427,-0.007407565051659029,0.4196939028911556,Newly formed oligodendrocytes,EAE,10116
167,Nlrp3,ketone extras,0.027532841461220082,0.027418293485413466,0.013157894736842105,0.06376729160547256,0.05511404946446419,0.9958395875715205,-0.02342176722022093,1.0,Newly formed oligodendrocytes,EAE,10116
168,C4b,context,0.6634874932517545,0.7130949769686334,0.624561403508772,2.3033034801483154,2.3088746070861816,1.0747677751599394,-0.030040773229392356,9.290834919938231e-08,Newly formed oligodendrocytes,EAE,10116
169,Gfap,context,0.929278387619219,0.9697302039921035,0.9412280701754386,4.142648220062256,4.160197734832764,1.0435303531340279,-0.0458360135030338,1.5155081951064414e-20,Newly formed oligodendrocytes,EAE,10116
170,Cpt1a,Fatty acid beta-oxidation,0.1716833890746934,0.22692307692307692,0.11538461538461539,0.4130187928676605,0.5016995668411255,1.321753246753247,0.042749719519084274,0.005647822653807201,OPCs,CONTROL,2314
171,Cpt2,Fatty acid beta-oxidation,0.050724637681159424,0.06346153846153846,0.03076923076923077,0.11507093906402588,0.12937331199645996,1.2510989010989009,0.017937877834168746,0.26874073299984236,OPCs,CONTROL,2314
172,Slc25a20,Fatty acid beta-oxidation,0.12876254180602006,0.2326923076923077,0.1076923076923077,0.30403098464012146,0.4875432848930359,1.8071428571428572,0.09125562985025944,2.3304918292070545e-08,OPCs,CONTROL,2314
173,Hadhb,Fatty acid beta-oxidation,0.24526198439241917,0.3076923076923077,0.17692307692307693,0.6054551005363464,0.7028070092201233,1.2545454545454546,0.03256049764336102,0.005312423756566797,OPCs,CONTROL,2314
174,Hadh,context,0.17837235228539577,0.24615384615384617,0.19230769230769232,0.4373553395271301,0.5471252202987671,1.38,0.057073202073182346,0.0008151126167835587,OPCs,CONTROL,2314
175,Echs1,Fatty acid beta-oxidation,0.33166109253065773,0.4230769230769231,0.19230769230769232,0.8450165390968323,0.9800570011138916,1.2756302521008405,0.03190262655423187,0.00014035689972421056,OPCs,CONTROL,2314
176,Acaa2,Fatty acid beta-oxidation,0.051839464882943144,0.08461538461538462,0.03076923076923077,0.11672286689281464,0.17487739026546478,1.632258064516129,0.04253673828724222,0.008001526160015607,OPCs,CONTROL,2314
177,Ppara,Nutrient sensing / regulators,0.030657748049052396,0.057692307692307696,0.03076923076923077,0.07024684548377991,0.12069185823202133,1.881818181818182,0.04741012008205566,0.007513512625642354,OPCs,CONTROL,2314
178,Ppargc1a,Mitochondrial biogenesis / dynamics,0.09531772575250837,0.18076923076923077,0.06923076923076923,0.21853423118591309,0.3860129117965698,1.8964912280701753,0.08348505109170505,2.876036802569694e-07,OPCs,CONTROL,2314
179,Pdk4,Pyruvate fate,0.030100334448160536,0.06923076923076923,0.06153846153846154,0.06915948539972305,0.14932309091091156,2.3000000000000003,0.07864412607123251,0.00014607306730516517,OPCs,CONTROL,2314
180,Slc16a1,Monocarboxylate transporters,0.17725752508361203,0.19615384615384615,0.13076923076923078,0.42364051938056946,0.41827696561813354,1.1066037735849057,0.002160870265107152,0.3326699304565674,OPCs,CONTROL,2314
181,Slc16a3,Monocarboxylate transporters,0.017279821627647716,0.01730769230769231,0.0,0.04219092056155205,0.03615545108914375,1.0016129032258065,-0.005258377149422401,1.0,OPCs,CONTROL,2314
182,Acss2,Ketone body utilisation,0.25139353400222963,0.325,0.16923076923076924,0.6149862408638,0.754325270652771,1.2927937915742795,0.03839368279043189,0.0010918469664684977,OPCs,CONTROL,2314
183,Hcar2,Ketone / SCFA receptors,0.0011148272017837235,0.0019230769230769232,0.0,0.0019642680417746305,0.004412719514220953,1.725,0.008844468866830942,0.5341845205038948,OPCs,CONTROL,2314
184,Nlrp3,ketone extras,0.004459308807134894,0.0057692307692307696,0.0,0.0106953214854002,0.011143415234982967,1.2937500000000002,0.007780714225734754,0.718454998327329,OPCs,CONTROL,2314
185,C4b,context,0.1505016722408027,0.16538461538461538,0.1,0.4039670526981354,0.4004133939743042,1.0988888888888888,0.007697420173642027,0.4080084168437955,OPCs,CONTROL,2314
186,Gfap,context,0.7413600891861761,0.7692307692307693,0.7307692307692307,2.7629663944244385,2.736891031265259,1.037593984962406,-0.002604199879141282,0.2074611624410545,OPCs,CONTROL,2314
187,Cpt1a,Fatty acid beta-oxidation,0.15748286120812313,0.21475237091675448,0.1343408900083963,0.38014233112335205,0.47148633003234863,1.3636555068233502,0.04409965625816915,3.0077519529218005e-19,OPCs,EAE,20207
188,Cpt2,Fatty acid beta-oxidation,0.05212779718018368,0.07312961011591149,0.0327455919395466,0.12132443487644196,0.14920911192893982,1.4028908580796817,0.026198521159778485,1.1147964657699292e-07,OPCs,EAE,20207
189,Slc25a20,Fatty acid beta-oxidation,0.14467727331522443,0.2172813487881981,0.1351805205709488,0.35138705372810364,0.47813302278518677,1.5018346960049704,0.062344765259660144,6.634943359642127e-31,OPCs,EAE,20207
190,Hadhb,Fatty acid beta-oxidation,0.1893674815677144,0.2851422550052687,0.1561712846347607,0.4593963027000427,0.6271510720252991,1.5057614572716749,0.07010212027209975,3.3118988682246644e-43,OPCs,EAE,20207
191,Hadh,context,0.1731341352994438,0.24699683877766068,0.14273719563392107,0.4217272698879242,0.5487874150276184,1.426621263048259,0.05632442498327926,1.530173931044268e-28,OPCs,EAE,20207
192,Echs1,Fatty acid beta-oxidation,0.31406027680765747,0.4362486828240253,0.2510495382031906,0.8038528561592102,1.0201044082641602,1.3890603652852305,0.06349046484151222,5.180632908020646e-53,OPCs,EAE,20207
193,Acaa2,Fatty acid beta-oxidation,0.04145647393610141,0.06975763962065332,0.037783375314861464,0.09604983776807785,0.1423683613538742,1.6826718000226857,0.04455987618996474,2.0628441696636527e-14,OPCs,EAE,20207
194,Ppara,Nutrient sensing / regulators,0.018432285603414825,0.0273972602739726,0.015113350125944584,0.04244145005941391,0.0559738352894783,1.486373467916366,0.020662233122822646,0.00021934753436417796,OPCs,EAE,20207
195,Ppargc1a,Mitochondrial biogenesis / dynamics,0.057495796145388696,0.09947312961011591,0.0436607892527288,0.13288526237010956,0.20427560806274414,1.730093959540621,0.05312614363701712,4.121307889750354e-22,OPCs,EAE,20207
196,Pdk4,Pyruvate fate,0.0371879446384685,0.05584826132771338,0.020990764063811923,0.08644750714302063,0.11782313883304596,1.501784028954964,0.029497530070359258,4.699980188229562e-08,OPCs,EAE,20207
197,Slc16a1,Monocarboxylate transporters,0.21497865735351185,0.29378292939936773,0.1964735516372796,0.5454111695289612,0.6823751330375671,1.3665678863938098,0.05255775810690773,3.441511894776359e-28,OPCs,EAE,20207
198,Slc16a3,Monocarboxylate transporters,0.04093907644547924,0.04594309799789252,0.02434928631402183,0.09851758182048798,0.09855949133634567,1.1222309340338297,0.0021777182280336934,0.13691068934328138,OPCs,EAE,20207
199,Acss2,Ketone body utilisation,0.16129866770146165,0.235827186512118,0.13014273719563393,0.393779993057251,0.5243664979934692,1.4620529101244462,0.0567024518916453,3.027595629491042e-30,OPCs,EAE,20207
200,Hcar2,Ketone / SCFA receptors,0.008472383908938041,0.01053740779768177,0.0025188916876574307,0.01937161199748516,0.02080726996064186,1.2437358730363017,0.003149989415134486,0.18698149230522343,OPCs,EAE,20207
201,Nlrp3,ketone extras,0.0162333462682706,0.01981032665964173,0.005877413937867338,0.03672213852405548,0.041006237268447876,1.2203476924756191,0.0035305450796716876,0.09617635159605013,OPCs,EAE,20207
202,C4b,context,0.635752166601992,0.7049525816649105,0.6087321578505458,2.1493303775787354,2.250770092010498,1.1088480994611236,0.0030233619634669633,1.113572070924963e-18,OPCs,EAE,20207
203,Gfap,context,0.9334497477687234,0.961854583772392,0.9303106633081444,4.262500286102295,4.307963848114014,1.0304299573400348,-0.0012652971617688029,5.508445720565118e-14,OPCs,EAE,20207
204,Cpt1a,Fatty acid beta-oxidation,0.09165808444902163,0.14545454545454545,0.023809523809523808,0.23101121187210083,0.33362478017807007,1.5869254341164454,0.04273794324967452,0.037372707833608784,Microglia,CONTROL,2107
205,Cpt2,Fatty acid beta-oxidation,0.04531410916580844,0.04242424242424243,0.0,0.11936420947313309,0.09616943448781967,0.9362258953168046,-0.0059800081268062775,1.0,Microglia,CONTROL,2107
206,Slc25a20,Fatty acid beta-oxidation,0.04943357363542739,0.09696969696969697,0.07142857142857142,0.12618693709373474,0.241169273853302,1.9616161616161616,0.05402008367303595,0.016791256594542135,Microglia,CONTROL,2107
207,Hadhb,Fatty acid beta-oxidation,0.14675592173017507,0.2,0.11904761904761904,0.38567259907722473,0.4838045537471771,1.3628070175438598,0.033019842682375525,0.07027390793544573,Microglia,CONTROL,2107
208,Hadh,context,0.14881565396498456,0.24242424242424243,0.16666666666666666,0.39256441593170166,0.6190508008003235,1.6290238020341827,0.06376994414173819,0.0024394453371717403,Microglia,CONTROL,2107
209,Echs1,Fatty acid beta-oxidation,0.2353244078269825,0.3515151515151515,0.21428571428571427,0.640209972858429,0.8708086609840393,1.49374709899874,0.056589027745769196,0.001282631088255882,Microglia,CONTROL,2107
210,Acaa2,Fatty acid beta-oxidation,0.07260556127703399,0.09090909090909091,0.047619047619047616,0.19222991168498993,0.20879073441028595,1.2520954223081882,0.013877853434129273,0.35546279803593994,Microglia,CONTROL,2107
211,Ppara,Nutrient sensing / regulators,0.009783728115345005,0.04242424242424243,0.023809523809523808,0.024957360699772835,0.08526954799890518,4.336204146730463,0.07452332521452591,0.0029198608453222794,Microglia,CONTROL,2107
212,Ppargc1a,Mitochondrial biogenesis / dynamics,0.02729145211122554,0.07272727272727272,0.023809523809523808,0.06666846573352814,0.16421090066432953,2.66483704974271,0.06546298617041736,0.0036615788492273984,Microglia,CONTROL,2107
213,Pdk4,Pyruvate fate,0.032955715756951595,0.030303030303030304,0.0,0.08204664289951324,0.06795249879360199,0.9195075757575758,-0.006004916705895564,1.0,Microglia,CONTROL,2107
214,Slc16a1,Monocarboxylate transporters,0.1184346035015448,0.1696969696969697,0.09523809523809523,0.31477439403533936,0.40839719772338867,1.432832674571805,0.03466579804197085,0.06277450490386582,Microglia,CONTROL,2107
215,Slc16a3,Monocarboxylate transporters,0.12255406797116375,0.1696969696969697,0.09523809523809523,0.3306410312652588,0.40106597542762756,1.3846702317290553,0.02966554616847121,0.08709273195301956,Microglia,CONTROL,2107
216,Acss2,Ketone body utilisation,0.08496395468589084,0.16363636363636364,0.09523809523809523,0.2175244241952896,0.3775797188282013,1.9259504132231404,0.06659585602300173,0.0017247496999528854,Microglia,CONTROL,2107
217,Hcar2,Ketone / SCFA receptors,0.02008238928939238,0.030303030303030304,0.0,0.05288310348987579,0.0692906305193901,1.5089355089355088,0.017675769165472525,0.3869011223974134,Microglia,CONTROL,2107
218,Nlrp3,ketone extras,0.2008238928939238,0.23030303030303031,0.23809523809523808,0.5394006371498108,0.6033833026885986,1.146790986790987,0.017285339237126333,0.36508884220450777,Microglia,CONTROL,2107
219,C4b,context,0.30535530381050463,0.4,0.35714285714285715,1.09416663646698,1.3005039691925049,1.3099494097807758,0.0381820603363333,0.014170714581585989,Microglia,CONTROL,2107
220,Gfap,context,0.772399588053553,0.8666666666666667,0.7380952380952381,3.3221492767333984,3.7670655250549316,1.1220444444444444,0.048354380538381814,0.004387008836449885,Microglia,CONTROL,2107
221,Cpt1a,Fatty acid beta-oxidation,0.17841401023219206,0.2402804333970682,0.1297709923664122,0.4310865104198456,0.5203605890274048,1.3467576513994712,0.02835562296347486,3.992114065554698e-17,Microglia,EAE,53958
222,Cpt2,Fatty acid beta-oxidation,0.05895316804407714,0.09496494582536648,0.05216284987277354,0.13687022030353546,0.19290441274642944,1.6108539875985062,0.0319780195283911,2.0282372933199248e-14,Microglia,EAE,53958
223,Slc25a20,Fatty acid beta-oxidation,0.11109799291617474,0.1574251115360102,0.07633587786259542,0.26346710324287415,0.3263036608695984,1.416993299373014,0.028208147339108636,3.386960689601823e-14,Microglia,EAE,53958
224,Hadhb,Fatty acid beta-oxidation,0.15543093270365999,0.24920331421287445,0.13486005089058525,0.3697912096977234,0.5433729290962219,1.6033057891249878,0.05229457368225877,2.91836685498772e-39,Microglia,EAE,53958
225,Hadh,context,0.18709169618260527,0.27023581899298915,0.1475826972010178,0.4570097029209137,0.5975996851921082,1.4444030628127587,0.04014955745244752,3.726725038478604e-28,Microglia,EAE,53958
226,Echs1,Fatty acid beta-oxidation,0.3628295946477765,0.5006373486297004,0.30788804071246817,0.9464236497879028,1.2106322050094604,1.3798139843462973,0.04662640903607473,1.757733402029179e-52,Microglia,EAE,53958
227,Acaa2,Fatty acid beta-oxidation,0.09948839039748131,0.1478648820905035,0.0916030534351145,0.2336040884256363,0.31091031432151794,1.4862526320884866,0.03280215101299932,1.894716303892016e-16,Microglia,EAE,53958
228,Ppara,Nutrient sensing / regulators,0.011589925226288862,0.020076481835564052,0.006361323155216285,0.025921553373336792,0.03903483599424362,1.732235665336783,0.01709132865224006,9.47394736011115e-05,Microglia,EAE,53958
229,Ppargc1a,Mitochondrial biogenesis / dynamics,0.01733569460842188,0.036966220522625874,0.022900763358778626,0.040025703608989716,0.07844118773937225,2.132376080544662,0.03317709442709898,1.471417095458073e-12,Microglia,EAE,53958
230,Pdk4,Pyruvate fate,0.03492719401810311,0.06405353728489484,0.039440203562340966,0.08177854120731354,0.13329456746578217,1.833915923841327,0.03440551344280142,1.2354630679141857e-14,Microglia,EAE,53958
231,Slc16a1,Monocarboxylate transporters,0.17375049193231012,0.2708731676226896,0.15139949109414758,0.4310028851032257,0.6094073057174683,1.5589778458193753,0.05017009713975073,4.534857401927861e-39,Microglia,EAE,53958
232,Slc16a3,Monocarboxylate transporters,0.25088547815820544,0.29381771829190567,0.15903307888040713,0.6631544828414917,0.6950599551200867,1.1711228583211486,0.010794431050959495,1.2232613567184908e-07,Microglia,EAE,53958
233,Acss2,Ketone body utilisation,0.05499803227075954,0.10548119821542384,0.05725190839694656,0.12978535890579224,0.22142332792282104,1.9179085843677424,0.04735010078148001,1.2653195728408562e-26,Microglia,EAE,53958
234,Hcar2,Ketone / SCFA receptors,0.08327430145611964,0.1258763543658381,0.08396946564885496,0.2087307572364807,0.286363422870636,1.5115870342324889,0.032690897895265955,5.333435706074776e-15,Microglia,EAE,53958
235,Nlrp3,ketone extras,0.21367571822117276,0.278521351179095,0.16412213740458015,0.5448940992355347,0.643677830696106,1.3034768456507604,0.027002250807517735,9.391106511977509e-17,Microglia,EAE,53958
236,C4b,context,0.6100747737111374,0.741555130656469,0.5788804071246819,1.9956552982330322,2.3425650596618652,1.2155151509470312,0.03923226533353968,2.359455344323632e-51,Microglia,EAE,53958
237,Gfap,context,0.8186147186147186,0.9263862332695985,0.8740458015267175,3.7023661136627197,4.372679233551025,1.1316510834758184,0.08012478646215962,2.292180662619743e-64,Microglia,EAE,53958
238,Cpt1a,Fatty acid beta-oxidation,0.07835623678646934,0.14820118131376409,0.08088761632068718,0.15745529532432556,0.2574874758720398,1.891376964894716,0.07819082125669088,1.5477308375705682e-47,Neurons,CONTROL,20723
239,Cpt2,Fatty acid beta-oxidation,0.05093816067653277,0.09647395740110971,0.04509663564781675,0.09935615211725235,0.15527530014514923,1.8939426967875443,0.060485621168907364,1.511777373653418e-30,Neurons,CONTROL,20723
240,Slc25a20,Fatty acid beta-oxidation,0.12486786469344609,0.21657419008412385,0.1231209735146743,0.2576489746570587,0.3827330470085144,1.7344269529699992,0.0829153931337954,4.0389387942348995e-57,Neurons,CONTROL,20723
241,Hadhb,Fatty acid beta-oxidation,0.23374735729386892,0.36835511007696436,0.22405153901216893,0.5003398060798645,0.697371780872345,1.5758685545859052,0.08851040134714781,1.9873197146054563e-80,Neurons,CONTROL,20723
242,Hadh,context,0.11145613107822411,0.18865222838732773,0.10522548317823908,0.2293803095817566,0.3292011320590973,1.69261418427421,0.07332728888538566,3.259878257580103e-45,Neurons,CONTROL,20723
243,Echs1,Fatty acid beta-oxidation,0.3501585623678647,0.502953284410238,0.33142448103078026,0.7873036861419678,1.0074824094772339,1.4363586627987477,0.07802974902716621,1.1644167101232725e-87,Neurons,CONTROL,20723
244,Acaa2,Fatty acid beta-oxidation,0.08337737843551797,0.137282978342581,0.10522548317823908,0.1700991839170456,0.24455514550209045,1.6465254835129206,0.06580426639090194,2.976967274653059e-29,Neurons,CONTROL,20723
245,Ppara,Nutrient sensing / regulators,0.011892177589852008,0.020225523536781816,0.015032211882605583,0.02477276511490345,0.03316593915224075,1.7007418014040532,0.02617684848446708,1.4559292686803668e-05,Neurons,CONTROL,20723
246,Ppargc1a,Mitochondrial biogenesis / dynamics,0.19489957716701903,0.3372113835689995,0.20186113099498926,0.41244837641716003,0.6399633884429932,1.7301801700679242,0.10837575847525382,1.812280819672882e-97,Neurons,CONTROL,20723
247,Pdk4,Pyruvate fate,0.030126849894291756,0.051548236978700555,0.03435934144595562,0.05980319529771805,0.08531001955270767,1.7110397256789727,0.042042366734588804,1.536429828262782e-12,Neurons,CONTROL,20723
248,Slc16a1,Monocarboxylate transporters,0.16781183932346724,0.28262036871308394,0.15748031496062992,0.34410691261291504,0.5033802390098572,1.6841503546619048,0.08634718192765495,1.2162847347688413e-71,Neurons,CONTROL,20723
249,Slc16a3,Monocarboxylate transporters,0.00766384778012685,0.01056022910327546,0.00572655690765927,0.014960519038140774,0.017904095351696014,1.3779278250618738,0.009246183320079192,0.04884993012746358,Neurons,CONTROL,20723
250,Acss2,Ketone body utilisation,0.35901162790697677,0.5459101485591552,0.33715103793843954,0.8174509406089783,1.142225980758667,1.5205918308044484,0.10588878705850753,1.1564272335593493e-128,Neurons,CONTROL,20723
251,Hcar2,Ketone / SCFA receptors,0.002180232558139535,0.0032217648111687847,0.002863278453829635,0.004311876837164164,0.0057072024792432785,1.4777161267227492,0.009656542435199433,0.20530364677047686,Neurons,CONTROL,20723
252,Nlrp3,ketone extras,0.0035676532769556026,0.007517451226060497,0.0035790980672870437,0.007227837108075619,0.012488061562180519,2.107113736252809,0.02173465652664121,0.0004609784867672388,Neurons,CONTROL,20723
253,C4b,context,0.06263213530655391,0.07213173438339002,0.04294917680744453,0.13459567725658417,0.13024793565273285,1.151672923657164,0.007144545250946091,0.014630520193553317,Neurons,CONTROL,20723
254,Gfap,context,0.6816860465116279,0.7281188473241453,0.6449534717251253,2.075193405151367,1.9554469585418701,1.0681146417036502,-0.04733829135468845,9.475848888914352e-11,Neurons,CONTROL,20723
255,Cpt1a,Fatty acid beta-oxidation,0.07531297063253012,0.15355259708101496,0.08541132603122815,0.1518934816122055,0.25892433524131775,2.038859917373789,0.08868701409878238,0.0,Neurons,EAE,119319
256,Cpt2,Fatty acid beta-oxidation,0.046039627259036146,0.08721997261630786,0.049755301794453505,0.09139062464237213,0.13923944532871246,1.8944543604920105,0.05992737992068689,9.304206290651994e-156,Neurons,EAE,119319
257,Slc25a20,Fatty acid beta-oxidation,0.1372952748493976,0.24450141288198793,0.14425541831740854,0.28217872977256775,0.4264918565750122,1.78084360987796,0.09110914440620672,0.0,Neurons,EAE,119319
258,Hadhb,Fatty acid beta-oxidation,0.20403096762048192,0.3421213621930259,0.21778140293637846,0.43227750062942505,0.6278800964355469,1.6768109575866248,0.09935405316669473,0.0,Neurons,EAE,119319
259,Hadh,context,0.1081042921686747,0.18440294811664287,0.11477511069680726,0.22673694789409637,0.32249757647514343,1.7057874800097639,0.07534102427069254,1.3441865082595173e-260,Neurons,EAE,119319
260,Echs1,Fatty acid beta-oxidation,0.3348668109939759,0.48113729717132286,0.325215567466791,0.7487140893936157,0.94249027967453,1.436801980295319,0.07399463184224625,0.0,Neurons,EAE,119319
261,Acaa2,Fatty acid beta-oxidation,0.07287744728915663,0.1180120604771754,0.07958517828012118,0.15005914866924286,0.20002323389053345,1.619322093005504,0.05493723730124968,1.4053914864236082e-132,Neurons,EAE,119319
262,Ppara,Nutrient sensing / regulators,0.009224397590361446,0.014886241151280333,0.00932183640177115,0.01881578005850315,0.02439264766871929,1.613790061134717,0.019151936729526347,1.2194185953814043e-16,Neurons,EAE,119319
263,Ppargc1a,Mitochondrial biogenesis / dynamics,0.16020331325301204,0.2841495033064352,0.18084362619436029,0.3373996317386627,0.5227404236793518,1.7736805658798869,0.1036156085554066,0.0,Neurons,EAE,119319
264,Pdk4,Pyruvate fate,0.030920557228915662,0.057272700789466016,0.037403868562106736,0.06281343102455139,0.09615188837051392,1.8522531908288797,0.05026046791760204,9.554620118208809e-95,Neurons,EAE,119319
265,Slc16a1,Monocarboxylate transporters,0.21137283509036145,0.36431963177673554,0.20741085993940805,0.4516172707080841,0.6901350021362305,1.7235877619798667,0.10757171656098645,0.0,Neurons,EAE,119319
266,Slc16a3,Monocarboxylate transporters,0.013683640813253012,0.021411716724444314,0.010020974131903984,0.027623480185866356,0.03579309210181236,1.5647675217918926,0.019912104297022313,5.842787996685006e-21,Neurons,EAE,119319
267,Acss2,Ketone body utilisation,0.3397260918674699,0.5250968625280391,0.33197389885807504,0.7664110660552979,1.086122751235962,1.5456477294445903,0.10853626800658385,0.0,Neurons,EAE,119319
268,Hcar2,Ketone / SCFA receptors,0.004518072289156626,0.007719870655752032,0.004660918200885575,0.008986243978142738,0.012906746007502079,1.7086647051397832,0.01596472187277635,5.2777882769087805e-11,Neurons,EAE,119319
269,Nlrp3,ketone extras,0.008365493222891566,0.013604451306551694,0.008389652761594034,0.01654992438852787,0.02175225503742695,1.6262581229907758,0.017674515795931198,9.796083323321293e-16,Neurons,EAE,119319
270,C4b,context,0.22396225527108435,0.3188743554636292,0.23141458867396877,0.5291174054145813,0.657223641872406,1.423786142346455,0.06432453027368137,4.467350180936948e-249,Neurons,EAE,119319
271,Gfap,context,0.9087678840361446,0.9419698779386488,0.9044511768818457,3.6894776821136475,3.6164894104003906,1.0365351752474383,-0.03819188594289797,5.0078400032166776e-85,Neurons,EAE,119319
272,Cpt1a,Fatty acid beta-oxidation,0.29634049323786793,0.37780898876404495,0.2612359550561798,0.7523438930511475,0.8433740139007568,1.2749151647688712,0.031126952460591877,1.8447749120792175e-09,Endothelial cells,CONTROL,8966
273,Cpt2,Fatty acid beta-oxidation,0.09785202863961814,0.1306179775280899,0.06179775280898876,0.2312854677438736,0.2625249922275543,1.3348520142504796,0.025904136839713085,0.00029682943349462103,Endothelial cells,CONTROL,8966
274,Slc25a20,Fatty acid beta-oxidation,0.14558472553699284,0.21067415730337077,0.12078651685393259,0.3548147678375244,0.4482366144657135,1.4470897034444647,0.05008486760846096,2.0492489961258113e-09,Endothelial cells,CONTROL,8966
275,Hadhb,Fatty acid beta-oxidation,0.2671705118005834,0.4887640449438202,0.37359550561797755,0.6788565516471863,1.1453572511672974,1.8294086486185073,0.14806633289428783,1.2299731409056951e-58,Endothelial cells,CONTROL,8966
276,Hadh,context,0.2934234950941395,0.40870786516853935,0.2808988764044944,0.7495512366294861,0.9326706528663635,1.3928941342526542,0.059275068642372204,2.915729078642962e-17,Endothelial cells,CONTROL,8966
277,Echs1,Fatty acid beta-oxidation,0.31516839034738797,0.5182584269662921,0.3539325842696629,0.8097441792488098,1.2204761505126953,1.6443858040301955,0.11890151036631394,3.024441830328885e-47,Endothelial cells,CONTROL,8966
278,Acaa2,Fatty acid beta-oxidation,0.17157252718111907,0.2612359550561798,0.17696629213483145,0.4175441861152649,0.5591298937797546,1.5225978153274407,0.06675179274404941,1.495574985236469e-14,Endothelial cells,CONTROL,8966
279,Ppara,Nutrient sensing / regulators,0.02519225669583665,0.061095505617977525,0.033707865168539325,0.06037156656384468,0.12427769601345062,2.4251700177409816,0.07028668060100918,5.394445966417005e-11,Endothelial cells,CONTROL,8966
280,Ppargc1a,Mitochondrial biogenesis / dynamics,0.08286926544683108,0.20997191011235955,0.12078651685393259,0.1992897093296051,0.44671571254730225,2.533773033707865,0.13722702351686647,5.3049850129900525e-40,Endothelial cells,CONTROL,8966
281,Pdk4,Pyruvate fate,0.049986740917528506,0.08426966292134831,0.056179775280898875,0.11779557168483734,0.16915152966976166,1.6858403123416683,0.048399624613817145,9.861544416031791e-07,Endothelial cells,CONTROL,8966
282,Slc16a1,Monocarboxylate transporters,0.31251657385308934,0.3377808988764045,0.2443820224719101,0.8575025200843811,0.8005746603012085,1.0808415525353599,-0.00836480575185839,0.062370528181447754,Endothelial cells,CONTROL,8966
283,Slc16a3,Monocarboxylate transporters,0.028639618138424822,0.028792134831460675,0.008426966292134831,0.06532688438892365,0.057742998003959656,1.0053253745318351,-0.0036659967632074347,0.9312102070213604,Endothelial cells,CONTROL,8966
284,Acss2,Ketone body utilisation,0.14611508883585256,0.3237359550561798,0.23595505617977527,0.3593427240848541,0.7168296575546265,2.2156230245314954,0.15194275440138033,6.312752786075397e-52,Endothelial cells,CONTROL,8966
285,Hcar2,Ketone / SCFA receptors,0.0009281357730045081,0.0014044943820224719,0.0,0.0020944441203027964,0.0030428352765738964,1.513242375601926,0.004784897893300228,0.6415838605926664,Endothelial cells,CONTROL,8966
286,Nlrp3,ketone extras,0.01485017236807213,0.011938202247191011,0.0028089887640449437,0.03460976853966713,0.0222623273730278,0.8039100120385232,-0.012365746507119527,0.4668533203490317,Endothelial cells,CONTROL,8966
287,C4b,context,0.1828427472818881,0.1601123595505618,0.07865168539325842,0.5134116411209106,0.39888903498649597,0.8756834051706578,-0.035733308994718015,0.04189968130311153,Endothelial cells,CONTROL,8966
288,Gfap,context,0.7226199946963671,0.824438202247191,0.7359550561797753,2.9080662727355957,3.075779676437378,1.1409014534584063,0.01037566963287641,1.1823653393839153e-16,Endothelial cells,CONTROL,8966
289,Cpt1a,Fatty acid beta-oxidation,0.3180706388807357,0.3945997807017544,0.25493421052631576,0.8052318096160889,0.9093326926231384,1.2406042320986257,0.028753024742385506,7.555430951921304e-38,Endothelial cells,EAE,58401
290,Cpt2,Fatty acid beta-oxidation,0.1079542119166422,0.15186403508771928,0.09046052631578948,0.25532689690589905,0.32162830233573914,1.4067448818484491,0.03716965674172519,1.4941837042168395e-26,Endothelial cells,EAE,58401
291,Slc25a20,Fatty acid beta-oxidation,0.187946384893846,0.2520559210526316,0.14692982456140352,0.4579258859157562,0.5517308712005615,1.3411054498068442,0.03907333105596107,4.1236887428434487e-36,Endothelial cells,EAE,58401
292,Hadhb,Fatty acid beta-oxidation,0.22798160649642893,0.4081688596491228,0.2944078947368421,0.5641228556632996,0.9514450430870056,1.7903587307843465,0.12124302087997332,2.313312250226406e-221,Endothelial cells,EAE,58401
293,Hadh,context,0.28713433127873983,0.3932291666666667,0.25164473684210525,0.7233892679214478,0.9017202854156494,1.3694954724342376,0.05215219637583652,2.738471056247021e-73,Endothelial cells,EAE,58401
294,Echs1,Fatty acid beta-oxidation,0.3158399373838176,0.47436951754385964,0.3201754385964912,0.8006987571716309,1.137965440750122,1.5019301278780093,0.08970282426246348,1.0098123675133252e-151,Endothelial cells,EAE,58401
295,Acaa2,Fatty acid beta-oxidation,0.1523725662850993,0.23643092105263158,0.1611842105263158,0.36459487676620483,0.5154657363891602,1.5516633132650235,0.06349803385274852,6.623923846427301e-68,Endothelial cells,EAE,58401
296,Ppara,Nutrient sensing / regulators,0.019645827218471773,0.03399122807017544,0.025767543859649123,0.045910969376564026,0.06875390559434891,1.730200906898721,0.030747695181530733,1.3880259561250654e-13,Endothelial cells,EAE,58401
297,Ppargc1a,Mitochondrial biogenesis / dynamics,0.045514137559925644,0.13898026315789475,0.08442982456140351,0.10840564966201782,0.29707691073417664,3.0535624886862474,0.12515577978203662,8.15177460264243e-176,Endothelial cells,EAE,58401
298,Pdk4,Pyruvate fate,0.0540651599647784,0.08511513157894737,0.05263157894736842,0.1297759711742401,0.17651164531707764,1.5743064782273273,0.03873701674290384,7.849355187694291e-24,Endothelial cells,EAE,58401
299,Slc16a1,Monocarboxylate transporters,0.37835828196849625,0.47574013157894735,0.34594298245614036,1.1035568714141846,1.2647223472595215,1.2573799867781394,0.03813382125871586,3.0932913864839652e-56,Endothelial cells,EAE,58401
300,Slc16a3,Monocarboxylate transporters,0.09302416593288328,0.06304824561403509,0.023574561403508772,0.22677674889564514,0.13405245542526245,0.677762009277506,-0.040238127724702706,2.4757386874632407e-18,Endothelial cells,EAE,58401
301,Acss2,Ketone body utilisation,0.09457000293513355,0.21943530701754385,0.14692982456140352,0.2282128781080246,0.48276808857917786,2.3203478926405086,0.12180475043417352,4.571075685494897e-186,Endothelial cells,EAE,58401
302,Hcar2,Ketone / SCFA receptors,0.0075139418843557385,0.007264254385964912,0.0021929824561403508,0.016846010461449623,0.014129320159554482,0.9667701051946271,-0.0025499877021064057,0.8845368624925025,Endothelial cells,EAE,58401
303,Nlrp3,ketone extras,0.040367870071421584,0.027138157894736843,0.00932017543859649,0.09423906356096268,0.055730219930410385,0.6722712356813022,-0.026023600281242235,1.2713775314973617e-08,Endothelial cells,EAE,58401
304,C4b,context,0.3440759221211232,0.44613486842105265,0.3086622807017544,0.9645791053771973,1.1732981204986572,1.2966175188044753,0.04877106135886037,2.292308996406159e-63,Endothelial cells,EAE,58401
305,Gfap,context,0.8257313374425203,0.9523026315789473,0.9243421052631579,3.9234676361083984,4.604097366333008,1.1532838689741962,0.08793055186515797,5.9313564850374295e-214,Endothelial cells,EAE,58401
