,cell_type,gene,group,mean_EAE,mean_CONTROL,log2FC,MWU_p,n_EAE,n_CONTROL,model
0,Oligodendrocytes,Bdh1,Ketone enzyme on the panel,0.4171319603919983,0.3780956566333771,0.14139639424459613,0.06548925893710937,30,15,Chronic
1,Oligodendrocytes,Slc16a1,Transport,0.8484955430030823,1.0030827522277832,-0.2411998917336753,0.00021915605891239967,30,15,Chronic
2,Oligodendrocytes,Slc16a3,Transport,0.057143960148096085,0.051559071987867355,0.14568953299985726,0.2628891866705235,30,15,Chronic
3,Oligodendrocytes,Slc5a12,Transport,0.001456948579289019,0.0007116727065294981,0.5214607977302413,0.1512581946793469,30,15,Chronic
4,Oligodendrocytes,Hcar2,Sensing,0.006687089800834656,0.0023216328117996454,1.2105449220438063,0.004155268461653844,30,15,Chronic
5,Oligodendrocytes,Ffar3,Sensing,0.0010450404370203614,0.002058224519714713,-0.5805649559539212,0.011166878567668646,30,15,Chronic
6,Oligodendrocytes,Nlrp3,Sensing,0.010927971452474594,0.006543730851262808,0.6609986009990924,0.0078018389908166485,30,15,Chronic
7,Oligodendrocytes,Cpt1a,Fatty-acid supply,0.22954842448234558,0.192580446600914,0.2521365721684784,0.0025137205584058473,30,15,Chronic
8,Oligodendrocytes,Cpt2,Fatty-acid supply,0.23886238038539886,0.19083251059055328,0.32235966536331784,0.00018111362987396592,30,15,Chronic
9,Oligodendrocytes,Hadhb,Fatty-acid supply,0.5445584654808044,0.5602334141731262,-0.04086709217942752,0.41990549429472046,30,15,Chronic
10,Oligodendrocytes,Echs1,Fatty-acid supply,1.1271182298660278,1.194696068763733,-0.08393244676424419,0.055602900256860405,30,15,Chronic
11,Oligodendrocytes,Acaa2,Fatty-acid supply,0.1342763602733612,0.14040213823318481,-0.06389418780327587,0.40616438071332583,30,15,Chronic
12,Oligodendrocytes,Ppara,Regulators,0.024758486077189445,0.024346651509404182,0.023252634811220533,0.9903948306578599,30,15,Chronic
13,Oligodendrocytes,Ppargc1a,Regulators,0.16409344971179962,0.17275004088878632,-0.07373043668275776,0.8756376510633312,30,15,Chronic
14,Oligodendrocytes,Pdk4,Regulators,0.319082111120224,0.30664199590682983,0.05718959158006665,0.9903948306578599,30,15,Chronic
15,Oligodendrocytes,Fgf21,Regulators,0.0018983372719958425,0.0011065053986385465,0.4603738740430691,0.0988278142458659,30,15,Chronic
16,Oligodendrocytes,Acss2,Acetate activation,1.2072833776474,1.3498857021331787,-0.16094676565461047,0.055602900256860405,30,15,Chronic
17,DA Oligodendrocytes,Bdh1,Ketone enzyme on the panel,0.3248021900653839,0.2839168310165405,0.19345545266010586,0.10934772005707413,30,15,Chronic
18,DA Oligodendrocytes,Slc16a1,Transport,0.7301695942878723,0.5735980868339539,0.3476528878011161,0.03116913049139452,30,15,Chronic
19,DA Oligodendrocytes,Slc16a3,Transport,0.14534364640712738,0.08702456951141357,0.7333819400326855,0.002943950787005994,30,15,Chronic
20,DA Oligodendrocytes,Slc5a12,Transport,0.0018991228425875306,0.0011984700104221702,0.39911661232498213,0.4035328147302929,30,15,Chronic
21,DA Oligodendrocytes,Hcar2,Sensing,0.04323645681142807,0.008954163640737534,2.1518638258711276,2.1114806793321287e-05,30,15,Chronic
22,DA Oligodendrocytes,Ffar3,Sensing,0.0011471259640529752,0.0012845643796026707,-0.08951226729257024,0.31181405455291,30,15,Chronic
23,DA Oligodendrocytes,Nlrp3,Sensing,0.08056569844484329,0.08501037210226059,-0.0765480765297593,0.8566982134393215,30,15,Chronic
24,DA Oligodendrocytes,Cpt1a,Fatty-acid supply,0.20697377622127533,0.14641572535037994,0.49651119792095216,0.005420622729725112,30,15,Chronic
25,DA Oligodendrocytes,Cpt2,Fatty-acid supply,0.16705471277236938,0.09258131682872772,0.8446385660058677,0.0001493460251081043,30,15,Chronic
26,DA Oligodendrocytes,Hadhb,Fatty-acid supply,0.3976764678955078,0.349474161863327,0.18591036414126816,0.25276234304119327,30,15,Chronic
27,DA Oligodendrocytes,Echs1,Fatty-acid supply,0.9074316620826721,0.742405116558075,0.2892293722646847,0.020155153627206022,30,15,Chronic
28,DA Oligodendrocytes,Acaa2,Fatty-acid supply,0.12227638810873032,0.13072510063648224,-0.0956337840435286,0.6216014172214714,30,15,Chronic
29,DA Oligodendrocytes,Ppara,Regulators,0.01868622377514839,0.01805698312819004,0.04686665179412113,0.7891768680799669,30,15,Chronic
30,DA Oligodendrocytes,Ppargc1a,Regulators,0.06374148279428482,0.0682310089468956,-0.09672796518911095,0.875621396185975,30,15,Chronic
31,DA Oligodendrocytes,Pdk4,Regulators,0.22022251784801483,0.17151950299739838,0.35873877741341825,0.055602900256860405,30,15,Chronic
32,DA Oligodendrocytes,Fgf21,Regulators,0.001261996105313301,0.001497573684900999,-0.14293079658165547,0.42685744813384097,30,15,Chronic
33,DA Oligodendrocytes,Acss2,Acetate activation,0.736085832118988,0.7262932658195496,0.019295409846226227,0.7634414638648322,30,15,Chronic
34,OPCs,Bdh1,Ketone enzyme on the panel,0.604454755783081,0.5367870330810547,0.17098418481437672,0.05259733469515144,30,15,Chronic
35,OPCs,Slc16a1,Transport,0.4672403931617737,0.4150061309337616,0.17064460475987547,0.12042850888279176,30,15,Chronic
36,OPCs,Slc16a3,Transport,0.06368069350719452,0.04394616559147835,0.525137104454448,0.13867427295236623,30,15,Chronic
37,OPCs,Slc5a12,Transport,0.0012861050199717283,0.0,1.1928916801544254,0.1502428199737725,30,15,Chronic
38,OPCs,Hcar2,Sensing,0.013368177227675915,0.0027555411215871572,1.9357843503124286,0.004265020502244351,30,15,Chronic
39,OPCs,Ffar3,Sensing,0.004118749871850014,0.0,2.355791510635189,0.020948567085205635,30,15,Chronic
40,OPCs,Nlrp3,Sensing,0.026785343885421753,0.01200299896299839,1.0954796965067486,0.022269946041470538,30,15,Chronic
41,OPCs,Cpt1a,Fatty-acid supply,0.41201266646385193,0.42782965302467346,-0.05421864220746931,0.5715205618354903,30,15,Chronic
42,OPCs,Cpt2,Fatty-acid supply,0.1364673525094986,0.12463905662298203,0.12980401431760125,0.49258739968478416,30,15,Chronic
43,OPCs,Hadhb,Fatty-acid supply,0.5467692613601685,0.6241180896759033,-0.19056044186256202,0.13867427295236623,30,15,Chronic
44,OPCs,Echs1,Fatty-acid supply,0.9227979183197021,0.872021496295929,0.08156011764451532,0.12628915340091262,30,15,Chronic
45,OPCs,Acaa2,Fatty-acid supply,0.11636975407600403,0.12365851551294327,-0.08692076068558398,0.6911659230946596,30,15,Chronic
46,OPCs,Ppara,Regulators,0.058062244206666946,0.0805208683013916,-0.4649332420802773,0.03953275610188091,30,15,Chronic
47,OPCs,Ppargc1a,Regulators,0.26466241478919983,0.2493247091770172,0.08579342929278504,0.5715205618354903,30,15,Chronic
48,OPCs,Pdk4,Regulators,0.07889408618211746,0.0911826640367508,-0.206406743724739,0.25276234304119327,30,15,Chronic
49,OPCs,Fgf21,Regulators,0.0016447437228634953,0.0,1.4031279311609044,0.10255785814521941,30,15,Chronic
50,OPCs,Acss2,Acetate activation,0.5646494030952454,0.6572672724723816,-0.2187653432864713,0.09425578666984127,30,15,Chronic
51,Astrocytes,Bdh1,Ketone enzyme on the panel,1.201529860496521,1.2599536180496216,-0.06844249108107021,0.294934992044125,30,15,Chronic
52,Astrocytes,Slc16a1,Transport,0.8714410662651062,0.7047922611236572,0.3058140686691837,0.19770119138274,30,15,Chronic
53,Astrocytes,Slc16a3,Transport,0.016871636733412743,0.008964796550571918,0.8427595111540351,0.023615441209181832,30,15,Chronic
54,Astrocytes,Slc5a12,Transport,0.0004306847113184631,0.0003443867026362568,0.089757593526234,0.7912079742790937,30,15,Chronic
55,Astrocytes,Hcar2,Sensing,0.00837471429258585,0.002164832316339016,1.5666456602828716,0.011179382778586058,30,15,Chronic
56,Astrocytes,Ffar3,Sensing,0.0012142390478402376,0.0006378215621225536,0.4350327966010445,0.5763932240188652,30,15,Chronic
57,Astrocytes,Nlrp3,Sensing,0.011621211655437946,0.0061117056757211685,0.8275828945828976,0.03085850036257955,30,15,Chronic
58,Astrocytes,Cpt1a,Fatty-acid supply,0.9558531045913696,0.9499870538711548,0.008871758900001223,0.2062115581590196,30,15,Chronic
59,Astrocytes,Cpt2,Fatty-acid supply,0.32353273034095764,0.2968807816505432,0.12362893840395706,0.21498490496551248,30,15,Chronic
60,Astrocytes,Hadhb,Fatty-acid supply,1.1873973608016968,1.2220215797424316,-0.04143255353974849,0.3539415557379838,30,15,Chronic
61,Astrocytes,Echs1,Fatty-acid supply,1.361137866973877,1.3631916046142578,-0.002173558038663388,0.9903948306578599,30,15,Chronic
62,Astrocytes,Acaa2,Fatty-acid supply,0.5089958310127258,0.5344753861427307,-0.07033480730502085,0.23333185325664763,30,15,Chronic
63,Astrocytes,Ppara,Regulators,0.15714989602565765,0.17525427043437958,-0.1563656053770238,0.10934772005707413,30,15,Chronic
64,Astrocytes,Ppargc1a,Regulators,0.852724015712738,0.8660330176353455,-0.022317170389471588,0.8756376510633312,30,15,Chronic
65,Astrocytes,Pdk4,Regulators,0.2915630340576172,0.2876848876476288,0.019251907527587705,0.7090024654339877,30,15,Chronic
66,Astrocytes,Fgf21,Regulators,0.0007946724072098732,0.000150943043990992,0.6409040824461071,0.21481848320970653,30,15,Chronic
67,Astrocytes,Acss2,Acetate activation,1.2014241218566895,1.5529998540878296,-0.37004051169028895,3.6397262023547896e-05,30,15,Chronic
68,DA astrocytes,Bdh1,Ketone enzyme on the panel,0.9779878854751587,1.0956670045852661,-0.16376261541602788,0.08088137434951079,30,15,Chronic
69,DA astrocytes,Slc16a1,Transport,2.4419033527374268,2.141899824142456,0.18903237940334777,0.0016775748497464427,30,15,Chronic
70,DA astrocytes,Slc16a3,Transport,0.08995049446821213,0.026175087317824364,1.7427968104952507,0.0012003110403213729,30,15,Chronic
71,DA astrocytes,Slc5a12,Transport,0.00105822435580194,0.0,1.0414002511148168,0.06978958557784913,30,15,Chronic
72,DA astrocytes,Hcar2,Sensing,0.0129662761464715,0.0017269611125811934,2.3565813714495962,0.0009174043738506769,30,15,Chronic
73,DA astrocytes,Ffar3,Sensing,0.00132863933686167,0.0,1.21948721008827,0.06978958557784913,30,15,Chronic
74,DA astrocytes,Nlrp3,Sensing,0.03381650149822235,0.010050302371382713,1.6556853956082556,0.0005552089601774643,30,15,Chronic
75,DA astrocytes,Cpt1a,Fatty-acid supply,0.6839713454246521,0.6406410336494446,0.09427723004091682,0.0851569232799734,30,15,Chronic
76,DA astrocytes,Cpt2,Fatty-acid supply,0.28256577253341675,0.22353105247020721,0.3367684219424754,0.03116913049139452,30,15,Chronic
77,DA astrocytes,Hadhb,Fatty-acid supply,0.7249778509140015,0.7394142150878906,-0.028407060276766035,0.30617559479497347,30,15,Chronic
78,DA astrocytes,Echs1,Fatty-acid supply,1.209045648574829,1.0494582653045654,0.2040426288319554,0.013590448911814794,30,15,Chronic
79,DA astrocytes,Acaa2,Fatty-acid supply,0.2866479754447937,0.26961424946784973,0.08806650823944524,0.7090024654339877,30,15,Chronic
80,DA astrocytes,Ppara,Regulators,0.073036327958107,0.08758937567472458,-0.2589003475453508,0.27329271387367615,30,15,Chronic
81,DA astrocytes,Ppargc1a,Regulators,0.43650636076927185,0.5837768316268921,-0.4185821620483848,0.0012021081171481914,30,15,Chronic
82,DA astrocytes,Pdk4,Regulators,0.2590325176715851,0.3432149589061737,-0.4046177485258915,0.010340837240471183,30,15,Chronic
83,DA astrocytes,Fgf21,Regulators,0.0014363405061885715,0.0,1.2847157803129672,0.04718020308104201,30,15,Chronic
84,DA astrocytes,Acss2,Acetate activation,0.9405186176300049,1.1438441276550293,-0.2820896583247298,0.008991608959086947,30,15,Chronic
85,Microglia,Bdh1,Ketone enzyme on the panel,0.16596713662147522,0.20750144124031067,-0.32049318458613646,0.014532158928186894,30,15,Chronic
86,Microglia,Slc16a1,Transport,0.3425639271736145,0.31839507818222046,0.10523648600616399,0.41990549429472046,30,15,Chronic
87,Microglia,Slc16a3,Transport,0.617637038230896,0.33682093024253845,0.8728344957563032,9.133031908226471e-05,30,15,Chronic
88,Microglia,Slc5a12,Transport,0.00043893896508961916,0.0,0.5250053991456234,0.1502428199737725,30,15,Chronic
89,Microglia,Hcar2,Sensing,0.21868368983268738,0.050452038645744324,2.094127616280347,1.3688755667403169e-05,30,15,Chronic
90,Microglia,Ffar3,Sensing,0.002238198183476925,0.0,1.695191283839927,0.04718020308104201,30,15,Chronic
91,Microglia,Nlrp3,Sensing,0.560719907283783,0.5330569744110107,0.07285727264886166,0.30617559479497347,30,15,Chronic
92,Microglia,Cpt1a,Fatty-acid supply,0.3369917571544647,0.2324569672346115,0.5338314182329663,0.0023209140675535997,30,15,Chronic
93,Microglia,Cpt2,Fatty-acid supply,0.13673049211502075,0.11339164525270462,0.2678663058883083,0.055602900256860405,30,15,Chronic
94,Microglia,Hadhb,Fatty-acid supply,0.3822958171367645,0.4001958668231964,-0.065848488918398,0.7634414638648322,30,15,Chronic
95,Microglia,Echs1,Fatty-acid supply,0.9205362200737,0.6613380312919617,0.4764731708632754,7.957835874488796e-06,30,15,Chronic
96,Microglia,Acaa2,Fatty-acid supply,0.2315082550048828,0.1937597692012787,0.2555862427071284,0.08088137434951079,30,15,Chronic
97,Microglia,Ppara,Regulators,0.027152998372912407,0.029653068631887436,-0.12274292560575266,0.6559046741024964,30,15,Chronic
98,Microglia,Ppargc1a,Regulators,0.06140325590968132,0.07223577797412872,-0.23092731837009414,0.294934992044125,30,15,Chronic
99,Microglia,Pdk4,Regulators,0.060681890696287155,0.08200749009847641,-0.4283945345318166,0.06204406257706606,30,15,Chronic
100,Microglia,Fgf21,Regulators,0.0015961747849360108,0.0,1.37638751464366,0.06978958557784913,30,15,Chronic
101,Microglia,Acss2,Acetate activation,0.17171268165111542,0.2286776602268219,-0.4112365202061295,0.044384244351546115,30,15,Chronic
102,Neurons,Bdh1,Ketone enzyme on the panel,0.5791817307472229,0.5561167597770691,0.05852515012095783,0.14520781997749269,30,15,Chronic
103,Neurons,Slc16a1,Transport,0.430772602558136,0.39281314611434937,0.13276043083448288,0.3294980557099728,30,15,Chronic
104,Neurons,Slc16a3,Transport,0.02077670581638813,0.016590241342782974,0.3080104555634221,0.14520781997749269,30,15,Chronic
105,Neurons,Slc5a12,Transport,0.0008892596233636141,0.0008252699044533074,0.04971115900014124,0.5134554971871931,30,15,Chronic
106,Neurons,Hcar2,Sensing,0.008614344522356987,0.00496454956009984,0.688775311824578,0.03310318288745687,30,15,Chronic
107,Neurons,Ffar3,Sensing,0.001856822520494461,0.001732765231281519,0.06404988701586913,0.7433479019016385,30,15,Chronic
108,Neurons,Nlrp3,Sensing,0.014333897270262241,0.008940446190536022,0.6253419039300488,0.014532158928186894,30,15,Chronic
109,Neurons,Cpt1a,Fatty-acid supply,0.176792711019516,0.1908617913722992,-0.10987125318494995,0.4339160592109249,30,15,Chronic
110,Neurons,Cpt2,Fatty-acid supply,0.1100548580288887,0.12008674442768097,-0.12476843528684216,0.6734991696295021,30,15,Chronic
111,Neurons,Hadhb,Fatty-acid supply,0.516348123550415,0.5559660792350769,-0.10645406935128118,0.1519745689076691,30,15,Chronic
112,Neurons,Echs1,Fatty-acid supply,0.8278647065162659,0.854049563407898,-0.04487141553083691,0.477532669086252,30,15,Chronic
113,Neurons,Acaa2,Fatty-acid supply,0.19235225021839142,0.19292496144771576,-0.0042669603468732656,0.9137202290091773,30,15,Chronic
114,Neurons,Ppara,Regulators,0.026239784434437752,0.02648146077990532,-0.01274340635804641,0.8004148145368959,30,15,Chronic
115,Neurons,Ppargc1a,Regulators,0.4749138057231903,0.4844866991043091,-0.02873146455776308,0.6911659230946596,30,15,Chronic
116,Neurons,Pdk4,Regulators,0.06505918502807617,0.0673474594950676,-0.049128542013139355,0.507892914490728,30,15,Chronic
117,Neurons,Fgf21,Regulators,0.0029516355134546757,0.002630761591717601,0.12217768243013245,0.7449872227124603,30,15,Chronic
118,Neurons,Acss2,Acetate activation,0.9027718305587769,0.9227011203765869,-0.03146752727634312,1.0,30,15,Chronic
119,Endothelial cells,Bdh1,Ketone enzyme on the panel,0.3273090124130249,0.3702295124530792,-0.17725705425491833,0.08088137434951079,30,15,Chronic
120,Endothelial cells,Slc16a1,Transport,0.8129963278770447,0.8654641509056091,-0.0901177743645256,0.40616438071332583,30,15,Chronic
121,Endothelial cells,Slc16a3,Transport,0.1874784380197525,0.06471442431211472,1.5201175063686394,7.473207233104453e-05,30,15,Chronic
122,Endothelial cells,Slc5a12,Transport,0.00040419388096779585,0.00014478022058028728,0.29467149570120277,0.4940271630507872,30,15,Chronic
123,Endothelial cells,Hcar2,Sensing,0.0124387601390481,0.0020708341617137194,2.1296975333338324,0.0006789197476618374,30,15,Chronic
124,Endothelial cells,Ffar3,Sensing,0.0003916628484148532,8.617908315500244e-05,0.35754775233125713,0.678483601579354,30,15,Chronic
125,Endothelial cells,Nlrp3,Sensing,0.07872243225574493,0.030166635289788246,1.3549833142521657,0.00010088102257756568,30,15,Chronic
126,Endothelial cells,Cpt1a,Fatty-acid supply,0.790668785572052,0.7649462819099426,0.04765375378982739,0.37950065501987695,30,15,Chronic
127,Endothelial cells,Cpt2,Fatty-acid supply,0.28615710139274597,0.23322053253650665,0.29397268726162135,0.0006570046707696479,30,15,Chronic
128,Endothelial cells,Hadhb,Fatty-acid supply,0.6807876825332642,0.7433700561523438,-0.1266974857585893,0.06548925893710937,30,15,Chronic
129,Endothelial cells,Echs1,Fatty-acid supply,0.8982219696044922,0.8684511780738831,0.04857226485642192,0.21498490496551248,30,15,Chronic
130,Endothelial cells,Acaa2,Fatty-acid supply,0.44213616847991943,0.4385437071323395,0.011743452934995688,0.8946485858503233,30,15,Chronic
131,Endothelial cells,Ppara,Regulators,0.05534247308969498,0.06896938383579254,-0.31250089646705215,0.04699263513637775,30,15,Chronic
132,Endothelial cells,Ppargc1a,Regulators,0.18465951085090637,0.2322656661272049,-0.32931475318367903,0.020155153627206022,30,15,Chronic
133,Endothelial cells,Pdk4,Regulators,0.14196866750717163,0.12612169981002808,0.16948868490021093,0.9903948306578599,30,15,Chronic
134,Endothelial cells,Fgf21,Regulators,0.0006884062895551324,0.00028980165370739996,0.388512884266417,0.21267633612367187,30,15,Chronic
135,Endothelial cells,Acss2,Acetate activation,0.3223467469215393,0.40696635842323303,-0.33536809408731094,0.0016775748497464427,30,15,Chronic
