group,n_cells,Hcar2,Nlrp3,Ffar2,Ffar3,Slc16a3,Slc16a1,Cpt1a,Ppara,Acss1,Acss2,Bdh1
Activate Mic_Mac 1,18077,0.08391879183492836,0.19428002434032196,0.002323394368534602,0.0006085080489019195,0.12773137135586657,0.21906289760469105,0.1777949881064336,0.016816949715107596,0.2148033412623776,0.18946727886264314,0.21469270343530453
Activated Mic_Mac 2,24097,0.1322571274432502,0.2173714570278458,0.004564883595468316,0.00041498941776984687,0.48246669709922396,0.27924637921733,0.2660912146740258,0.005809851848777857,0.19994190148151222,0.06702079096983027,0.05693654811802299
Efflux Mic_Mac,17895,0.0027381950265437274,0.02134674490081028,0.0041352333053925674,0.00011176306230790724,0.1379715004191115,0.09611623358480022,0.05476390053087454,0.0007823414361553506,0.02581726739312657,0.01732327465772562,0.01648505169041632
Foamy Mic_Mac,12961,0.02245197129851092,0.14335313633207314,0.005477972378674485,0.0003857727027235553,0.5408533292184246,0.28230846385309777,0.4545173983488928,0.00293187254069902,0.10284700254609984,0.06288095054393951,0.032250597947689225
Macrophages,32806,0.0542888496006828,0.2800097543132354,0.028196061696031213,0.00045723343290861426,0.6136072669633603,0.21297933304883254,0.27056026336645733,0.0033530451746631713,0.05169786014753399,0.048192403828567945,0.03392672072181918
Mic_AST,8134,0.055077452667814115,0.14187361691664618,0.004302925989672977,0.0004917629702483403,0.2544873371035161,0.5786820752397345,0.22338332923530857,0.01499877059257438,0.13412835013523483,0.14691418736169168,0.18748463240717975
Microglia,56065,0.08331401052349952,0.21690894497458307,0.010184607152412378,0.00037456523677873897,0.24860429858200303,0.17725853919557658,0.17877463658253812,0.012093106215999287,0.13068759475608668,0.05918130741104076,0.05891376081334166
Myeloid cells,10389,0.19857541630570796,0.4464337279815189,0.11040523630763308,0.0001925113100394648,0.5715660795071711,0.1980941380306093,0.13446915006256618,0.004909038406006353,0.03205313312157089,0.06064106266243142,0.041582442968524404
Proliferating microglia,7082,0.21194577802880543,0.25896639367410335,0.005083309799491669,0.0002824060999717594,0.4001694436599831,0.3904264332109574,0.25896639367410335,0.010590228748940977,0.21717029087828296,0.13456650663654335,0.11084439423891557
