,population,feature,effect,n_samples,frac_samples_up,wilcoxon_p
0,Activate Mic_Mac 1,Glycolysis,0.4387331929672512,91,1.0,1.1920864122849158e-16
1,Activate Mic_Mac 1,Pyruvate to lactate,0.0638506078764543,91,0.9010989010989011,4.5197198216507014e-13
2,Activate Mic_Mac 1,TCA cycle,0.25777576645111455,91,1.0,1.1920864122849158e-16
3,Activate Mic_Mac 1,Beta-oxidation,0.04546284655261455,91,0.9120879120879121,9.511517105528535e-15
4,Activate Mic_Mac 1,Lipid synthesis,0.07720650086514044,91,0.8681318681318682,1.1384951465630406e-11
5,Activate Mic_Mac 1,Cholesterol synthesis,-0.03174851055957134,91,0.2857142857142857,2.9208823615428363e-05
6,Activate Mic_Mac 1,Lipid transport / storage,-0.44051249734480746,91,0.0,1.1920864122849158e-16
7,Activate Mic_Mac 1,FA_supply_score,-0.0015668718807109357,91,0.4945054945054945,0.6777172755542011
8,Activated Mic_Mac 2,Glycolysis,0.21161152647054804,70,1.0,3.559469460061398e-13
9,Activated Mic_Mac 2,Pyruvate to lactate,0.25036432654816737,70,1.0,3.559469460061398e-13
10,Activated Mic_Mac 2,TCA cycle,0.012733335322112424,70,0.6142857142857143,0.019389999910526586
11,Activated Mic_Mac 2,Beta-oxidation,0.07024679448400094,70,0.9857142857142858,3.7170293449727925e-13
12,Activated Mic_Mac 2,Lipid synthesis,0.05346663049479889,70,0.8428571428571429,2.6469292099729694e-07
13,Activated Mic_Mac 2,Cholesterol synthesis,-0.10591321930177738,70,0.02857142857142857,5.480682120859852e-13
14,Activated Mic_Mac 2,Lipid transport / storage,0.18480104725938945,70,0.9857142857142858,4.816741060768513e-13
15,Activated Mic_Mac 2,FA_supply_score,0.08318559559324831,70,0.9857142857142858,3.7170293449727925e-13
16,Foamy Mic_Mac,Glycolysis,0.26812302612296485,37,1.0,1.4551915228366852e-11
17,Foamy Mic_Mac,Pyruvate to lactate,0.15424023333554876,37,0.972972972972973,2.0372681319713593e-10
18,Foamy Mic_Mac,TCA cycle,0.13870135252156005,37,0.9459459459459459,7.275957614183426e-11
19,Foamy Mic_Mac,Beta-oxidation,0.1252890379470382,37,1.0,1.4551915228366852e-11
20,Foamy Mic_Mac,Lipid synthesis,-0.11538941518840332,37,0.02702702702702703,1.0186340659856796e-09
21,Foamy Mic_Mac,Cholesterol synthesis,-0.11026940525246137,37,0.05405405405405406,1.0186340659856796e-10
22,Foamy Mic_Mac,Lipid transport / storage,0.3400121175450929,37,1.0,1.4551915228366852e-11
23,Foamy Mic_Mac,FA_supply_score,0.19757509394677766,37,1.0,1.4551915228366852e-11
24,Efflux Mic_Mac,Glycolysis,-0.11445081807686866,71,0.04225352112676056,5.438634666872688e-13
25,Efflux Mic_Mac,Pyruvate to lactate,-0.07498628413126222,71,0.15492957746478872,2.6154818657135517e-10
26,Efflux Mic_Mac,TCA cycle,-0.04560698135651693,71,0.2112676056338028,1.7903866514394456e-07
27,Efflux Mic_Mac,Beta-oxidation,0.05388176920387421,71,0.9436619718309859,2.3272987623188354e-12
28,Efflux Mic_Mac,Lipid synthesis,-0.07540359851575515,71,0.18309859154929578,1.7841828626414446e-09
29,Efflux Mic_Mac,Cholesterol synthesis,0.2333998745550473,71,0.9859154929577465,3.1377120660683526e-13
30,Efflux Mic_Mac,Lipid transport / storage,0.08186500250296913,71,0.8028169014084507,1.1897626821708935e-08
31,Efflux Mic_Mac,FA_supply_score,0.013010875789690315,71,0.5915492957746479,0.07019843550903357
32,Macrophages,Glycolysis,0.33693950463525135,61,1.0,1.1111647363502784e-11
33,Macrophages,Pyruvate to lactate,0.1976823445717687,61,0.9508196721311475,1.7359051294913408e-11
34,Macrophages,TCA cycle,0.06723484597797592,61,0.9016393442622951,1.002882941094896e-09
35,Macrophages,Beta-oxidation,0.041372273628633,61,0.9016393442622951,1.097216135400768e-09
36,Macrophages,Lipid synthesis,-0.08129802163160839,61,0.13114754098360656,1.0490161080179702e-09
37,Macrophages,Cholesterol synthesis,0.06696454061353552,61,0.7704918032786885,1.5733563674866688e-06
38,Macrophages,Lipid transport / storage,0.08128523544394028,61,0.8032786885245902,3.882486597483247e-07
39,Macrophages,FA_supply_score,0.04847919936276448,61,0.819672131147541,1.9038138755874318e-08
40,Myeloid cells,Glycolysis,0.25209436480813924,46,1.0,2.842170943040401e-14
41,Myeloid cells,Pyruvate to lactate,0.16836336685181652,46,0.9565217391304348,1.5631940186722204e-12
42,Myeloid cells,TCA cycle,-0.04577264472991337,46,0.15217391304347827,6.927172080395394e-07
43,Myeloid cells,Beta-oxidation,-0.0310931067383199,46,0.15217391304347827,1.0850864384792658e-06
44,Myeloid cells,Lipid synthesis,-0.10348012433726837,46,0.10869565217391304,4.2089709495485295e-10
45,Myeloid cells,Cholesterol synthesis,0.09656998158054086,46,0.8695652173913043,1.886135692075186e-08
46,Myeloid cells,Lipid transport / storage,-0.01820753244363013,46,0.4782608695652174,0.618427941580137
47,Myeloid cells,FA_supply_score,-0.056642185740388026,46,0.13043478260869565,2.8878730518044904e-09
48,Proliferating microglia,Glycolysis,0.15336591685999146,59,0.9661016949152542,3.4229262805702844e-11
49,Proliferating microglia,Pyruvate to lactate,0.22918041934015126,59,0.9830508474576272,2.788754475350701e-11
50,Proliferating microglia,TCA cycle,0.10726154258312315,59,0.8813559322033898,3.387559809250115e-10
51,Proliferating microglia,Beta-oxidation,0.0614414436362371,59,0.7457627118644068,2.974182460203402e-07
52,Proliferating microglia,Lipid synthesis,0.10867228330825918,59,0.9152542372881356,3.226938356178247e-10
53,Proliferating microglia,Cholesterol synthesis,-0.003893733505253072,59,0.5423728813559322,0.8621771225118494
54,Proliferating microglia,Lipid transport / storage,-0.15545416353245228,59,0.11864406779661017,2.5951099975344353e-09
55,Proliferating microglia,FA_supply_score,0.04485805131322913,59,0.6610169491525424,0.0006823131775256525
56,Dendritic cells,Glycolysis,-0.07945795471097311,53,0.1509433962264151,1.4174781987961715e-07
57,Dendritic cells,Pyruvate to lactate,-0.16997734944701093,53,0.018867924528301886,4.2210760875092223e-10
58,Dendritic cells,TCA cycle,-0.025432082962293552,53,0.32075471698113206,0.001006147574359149
59,Dendritic cells,Beta-oxidation,-0.024076463299735937,53,0.24528301886792453,0.0001595563063914522
60,Dendritic cells,Lipid synthesis,-0.16217266918328532,53,0.018867924528301886,2.5274053877318e-10
61,Dendritic cells,Cholesterol synthesis,0.21525649982139686,53,0.9811320754716981,2.8340500719682465e-10
62,Dendritic cells,Lipid transport / storage,-0.12498986870810155,53,0.18867924528301888,7.908591160630716e-08
63,Dendritic cells,FA_supply_score,-0.042639823825066356,53,0.2641509433962264,5.52020539498103e-05
64,APCs,Glycolysis,0.04892073045488016,77,0.7792207792207793,1.9197766372408031e-07
65,APCs,Pyruvate to lactate,-0.058110077433570495,77,0.2727272727272727,1.6629153278468208e-06
66,APCs,TCA cycle,0.1806159178611844,77,0.987012987012987,2.56165423063336e-14
67,APCs,Beta-oxidation,0.021777657780682733,77,0.7662337662337663,9.090050745661762e-08
68,APCs,Lipid synthesis,-0.06710765902624244,77,0.19480519480519481,1.81918267064262e-08
69,APCs,Cholesterol synthesis,0.44882720869696086,77,1.0,2.4628307660238145e-14
70,APCs,Lipid transport / storage,-0.16682124323837483,77,0.09090909090909091,1.1210412300605654e-13
71,APCs,FA_supply_score,-0.010385445045929566,77,0.37662337662337664,0.01785370176929296
72,Mic_AST,Glycolysis,0.3097379486331041,73,1.0,1.1325002193757658e-13
73,Mic_AST,Pyruvate to lactate,0.3476208446182295,73,0.9863013698630136,1.3933579401559332e-13
74,Mic_AST,TCA cycle,0.10770009329869591,73,0.9315068493150684,1.712244157406674e-12
75,Mic_AST,Beta-oxidation,0.15120590115609656,73,1.0,1.1325002193757658e-13
76,Mic_AST,Lipid synthesis,0.0712621832031693,73,0.7945205479452054,5.35794301796899e-09
77,Mic_AST,Cholesterol synthesis,-0.012200960024290997,73,0.4657534246575342,0.06592511648658479
78,Mic_AST,Lipid transport / storage,0.005970255602700203,73,0.5342465753424658,0.4563207845499977
79,Mic_AST,FA_supply_score,0.12310332696433932,73,0.958904109589041,1.4522080830746074e-13
