population,CONTROL,EAE,CONTROL_frac,EAE_frac
Microglia,2107,53958,0.5992605233219568,0.2664592592592593
Activate Mic_Mac 1,923,17154,0.26251422070534697,0.08471111111111111
Activated Mic_Mac 2,38,24059,0.01080773606370876,0.11880987654320987
Foamy Mic_Mac,1,12960,0.0002844141069397042,0.064
Efflux Mic_Mac,154,17741,0.04379977246871445,0.08760987654320988
Macrophages,19,32787,0.00540386803185438,0.16191111111111112
Myeloid cells,77,10312,0.021899886234357225,0.05092345679012346
Proliferating microglia,19,7063,0.00540386803185438,0.034879012345679014
Dendritic cells,3,5991,0.0008532423208191126,0.029585185185185187
APCs,38,12478,0.01080773606370876,0.06161975308641975
Mic_AST,137,7997,0.03896473265073948,0.03949135802469136
