population,course,Hcar2,Nlrp3,Slc16a3,Cpt1a,Plin2,Cd36,Lpl,Hk2,Ldha
APCs,chronic long,0.044,0.38,0.476,0.512,0.953,0.494,0.549,0.862,1.11
APCs,chronic peak,0.057,0.484,0.629,0.487,1.25,0.473,0.268,0.975,1.613
APCs,early onset,0.037,0.501,0.618,0.34,0.704,0.227,0.226,0.861,1.657
APCs,monophasic,0.041,0.34,0.375,0.507,1.117,0.437,0.488,0.837,0.799
APCs,non symptomatic,0.0,0.326,1.24,1.048,1.322,0.595,0.522,0.579,1.006
APCs,onset I,0.0,0.603,0.486,0.419,0.74,0.195,0.069,0.748,1.309
APCs,onset II ,0.036,0.67,0.5,0.52,0.959,0.167,0.347,0.926,1.002
APCs,peak I,0.049,0.439,0.523,0.461,0.956,0.179,0.188,0.889,1.06
APCs,peak II,0.024,0.241,0.256,0.434,0.865,0.187,0.404,0.645,0.443
APCs,peak III,0.052,0.517,0.545,0.522,1.211,0.269,0.387,0.922,1.266
APCs,remitt I,0.022,0.374,0.377,0.47,1.005,0.365,0.334,0.871,0.92
Activate Mic_Mac 1,MOG CFA,0.051,0.36,0.199,0.459,0.304,0.133,0.081,1.271,0.817
Activate Mic_Mac 1,PLP CFA,0.019,0.557,0.25,0.361,0.328,0.237,0.127,1.029,0.479
Activate Mic_Mac 1,chronic long,0.151,0.395,0.277,0.42,0.46,0.188,0.45,1.347,0.769
Activate Mic_Mac 1,chronic peak,0.228,0.442,0.35,0.405,0.795,0.54,0.398,1.247,1.034
Activate Mic_Mac 1,early onset,0.362,0.474,0.294,0.345,0.544,0.426,0.285,1.215,1.044
Activate Mic_Mac 1,monophasic,0.193,0.469,0.277,0.348,0.462,0.091,0.14,1.156,0.492
Activate Mic_Mac 1,non symptomatic,0.051,0.446,0.251,0.313,0.333,0.252,0.117,1.192,0.864
Activate Mic_Mac 1,onset I,0.217,0.467,0.283,0.29,0.418,0.147,0.176,0.958,0.729
Activate Mic_Mac 1,onset II ,0.378,0.538,0.341,0.446,0.721,0.503,0.152,1.154,0.869
Activate Mic_Mac 1,peak I,0.291,0.529,0.301,0.454,0.702,0.525,0.136,1.203,0.744
Activate Mic_Mac 1,peak II,0.09,0.291,0.233,0.302,0.403,0.135,0.201,0.949,0.343
Activate Mic_Mac 1,peak III,0.202,0.458,0.387,0.469,0.827,0.428,0.253,1.21,0.798
Activate Mic_Mac 1,remitt I,0.112,0.494,0.223,0.314,0.505,0.171,0.125,1.156,0.621
Activate Mic_Mac 1,remitt II,0.097,0.295,0.265,0.251,0.471,0.101,0.19,1.182,0.391
Activated Mic_Mac 2,PLP CFA,0.237,0.651,0.58,0.597,1.404,0.242,1.469,0.58,0.414
Activated Mic_Mac 2,chronic long,0.231,0.392,1.093,0.535,1.715,0.412,2.248,1.531,0.992
Activated Mic_Mac 2,chronic peak,0.479,0.587,1.412,0.638,1.868,1.11,1.323,1.894,1.634
Activated Mic_Mac 2,early onset,0.546,0.684,1.484,0.458,1.561,1.323,1.253,2.045,1.705
Activated Mic_Mac 2,monophasic,0.332,0.444,1.362,0.497,1.51,0.28,1.671,1.543,0.801
Activated Mic_Mac 2,onset II ,0.136,0.403,1.178,0.732,1.672,0.405,1.274,1.529,0.951
Activated Mic_Mac 2,peak I,0.488,0.69,1.35,0.577,1.425,0.709,0.725,1.86,1.018
Activated Mic_Mac 2,peak II,0.127,0.357,1.081,0.485,1.396,0.27,1.522,1.266,0.549
Activated Mic_Mac 2,peak III,0.316,0.52,1.339,0.648,1.977,0.501,1.251,1.738,1.209
Activated Mic_Mac 2,remitt I,0.267,0.565,1.191,0.534,1.256,0.468,1.348,1.605,0.897
Activated Mic_Mac 2,remitt II,0.357,0.388,1.297,0.498,1.369,0.428,1.863,1.527,0.673
Dendritic cells,chronic long,0.101,0.183,0.681,0.34,1.02,0.266,0.396,0.654,1.62
Dendritic cells,chronic peak,0.039,0.209,0.662,0.385,1.005,0.141,0.182,0.569,1.281
Dendritic cells,early onset,0.041,0.304,0.698,0.252,0.525,0.129,0.211,0.615,1.085
Dendritic cells,monophasic,0.008,0.17,0.445,0.491,0.875,0.024,0.244,0.47,0.695
Dendritic cells,onset I,0.115,0.287,0.669,0.241,0.986,0.119,0.06,0.874,1.48
Dendritic cells,onset II ,0.104,0.634,0.705,0.336,0.528,0.205,0.0,0.624,0.886
Dendritic cells,peak I,0.022,0.232,0.703,0.426,0.875,0.04,0.156,0.631,1.084
Dendritic cells,peak II,0.0,0.132,0.308,0.357,0.666,0.056,0.182,0.31,0.475
Dendritic cells,peak III,0.036,0.193,0.493,0.435,0.874,0.054,0.181,0.456,0.91
Dendritic cells,remitt I,0.022,0.24,0.46,0.342,0.74,0.07,0.241,0.562,0.824
Efflux Mic_Mac,PLP CFA,0.0,0.043,0.067,0.098,0.204,0.293,0.519,0.195,0.178
Efflux Mic_Mac,chronic long,0.018,0.043,0.124,0.101,0.043,0.084,0.07,0.145,0.157
Efflux Mic_Mac,chronic peak,0.019,0.103,0.363,0.17,0.732,0.092,0.164,0.2,0.266
Efflux Mic_Mac,early onset,0.017,0.14,0.419,0.069,0.102,0.089,0.121,0.14,0.109
Efflux Mic_Mac,monophasic,0.01,0.054,0.379,0.17,0.397,0.091,0.323,0.316,0.086
Efflux Mic_Mac,non symptomatic,0.0,0.0,0.09,0.212,0.114,0.252,0.567,0.104,0.01
Efflux Mic_Mac,onset I,0.035,0.09,0.482,0.041,0.156,0.058,0.068,0.248,0.117
Efflux Mic_Mac,onset II ,0.007,0.162,0.654,0.161,0.305,0.071,0.141,0.216,0.121
Efflux Mic_Mac,peak I,0.005,0.124,0.495,0.186,0.399,0.03,0.111,0.345,0.161
Efflux Mic_Mac,peak II,0.002,0.073,0.328,0.206,0.42,0.072,0.334,0.237,0.077
Efflux Mic_Mac,peak III,0.027,0.08,0.32,0.165,0.521,0.049,0.288,0.326,0.268
Efflux Mic_Mac,remitt I,0.006,0.1,0.342,0.147,0.319,0.089,0.316,0.297,0.159
Foamy Mic_Mac,chronic long,0.026,0.312,1.062,0.858,3.081,1.286,2.315,1.49,1.772
Foamy Mic_Mac,chronic peak,0.051,0.339,1.186,1.017,3.506,0.51,0.976,1.526,1.818
Foamy Mic_Mac,monophasic,0.004,0.34,1.565,0.995,2.677,0.18,0.674,1.607,0.885
Foamy Mic_Mac,onset II ,0.034,0.39,1.251,1.29,3.785,0.306,1.192,1.596,1.529
Foamy Mic_Mac,peak I,0.053,0.356,1.588,0.975,2.981,0.245,0.495,1.563,1.507
Foamy Mic_Mac,peak II,0.028,0.267,1.318,0.92,3.16,0.447,0.768,1.192,0.619
Foamy Mic_Mac,peak III,0.048,0.295,1.498,1.029,3.505,0.579,0.922,1.606,1.819
Foamy Mic_Mac,remitt I,0.073,0.365,1.766,1.223,3.69,0.309,1.001,1.889,1.717
Macrophages,chronic long,0.11,0.547,1.743,0.509,1.856,0.241,0.813,1.595,2.183
Macrophages,chronic peak,0.082,0.636,1.568,0.685,2.315,0.193,0.432,1.611,2.124
Macrophages,early onset,0.097,0.848,1.845,0.359,1.316,0.143,0.303,1.505,1.919
Macrophages,monophasic,0.088,0.875,1.454,0.621,1.548,0.061,0.424,1.415,1.331
Macrophages,onset I,0.067,0.838,2.061,0.421,1.316,0.095,0.193,1.473,1.325
Macrophages,onset II ,0.065,0.874,1.961,0.484,1.547,0.133,0.238,1.554,1.292
Macrophages,peak I,0.108,0.811,1.828,0.62,1.966,0.094,0.25,1.738,1.631
Macrophages,peak II,0.004,0.599,0.987,0.693,1.709,0.195,0.653,1.096,0.806
Macrophages,peak III,0.182,0.677,1.606,0.692,2.441,0.224,0.502,1.646,1.863
Macrophages,remitt I,0.103,0.923,1.44,0.545,1.554,0.143,0.477,1.488,1.478
Mic_AST,PLP CFA,0.0,0.133,0.297,0.697,0.723,0.0,0.281,0.533,0.674
Mic_AST,chronic long,0.075,0.319,0.533,0.411,1.403,0.188,1.112,1.067,0.963
Mic_AST,chronic peak,0.135,0.311,0.537,0.488,1.321,0.297,0.449,0.844,1.304
Mic_AST,early onset,0.106,0.325,0.412,0.349,0.786,0.456,0.281,0.607,1.324
Mic_AST,monophasic,0.171,0.318,0.551,0.468,1.168,0.076,0.587,1.091,0.668
Mic_AST,onset I,0.114,0.546,0.44,0.36,0.679,0.132,1.092,0.929,0.663
Mic_AST,onset II ,0.18,0.536,0.476,0.361,0.854,0.235,0.446,0.88,0.899
Mic_AST,peak I,0.126,0.403,0.895,0.556,1.332,0.305,0.234,1.179,1.156
Mic_AST,peak II,0.075,0.235,0.585,0.446,1.06,0.106,0.525,0.823,0.541
Mic_AST,peak III,0.133,0.33,0.768,0.617,1.688,0.214,0.556,1.126,1.173
Mic_AST,remitt I,0.124,0.384,0.582,0.519,1.097,0.171,0.524,1.152,0.873
Mic_AST,remitt II,0.177,0.347,0.42,0.526,0.976,0.143,0.716,0.999,0.543
Microglia,MOG CFA,0.054,0.483,0.302,0.247,0.291,0.152,0.263,1.266,0.486
Microglia,PLP CFA,0.048,0.566,0.36,0.223,0.297,0.243,0.255,1.138,0.319
Microglia,chronic long,0.157,0.481,0.471,0.337,0.738,0.242,0.782,1.172,0.702
Microglia,chronic peak,0.265,0.599,0.838,0.459,1.176,0.574,0.456,1.424,1.135
Microglia,early onset,0.375,0.623,0.803,0.303,0.668,0.476,0.327,1.338,1.161
Microglia,monophasic,0.187,0.496,0.522,0.382,0.778,0.137,0.457,1.118,0.487
Microglia,non symptomatic,0.067,0.572,0.394,0.26,0.418,0.16,0.25,1.418,0.371
Microglia,onset I,0.266,0.537,1.03,0.264,0.5,0.236,0.205,1.249,0.754
Microglia,onset II ,0.468,0.677,0.868,0.391,0.81,0.525,0.275,1.369,0.9
Microglia,peak I,0.34,0.693,0.81,0.483,1.0,0.552,0.258,1.437,0.878
Microglia,peak II,0.103,0.341,0.485,0.394,0.818,0.225,0.52,0.952,0.344
Microglia,peak III,0.171,0.505,0.737,0.555,1.376,0.309,0.525,1.176,0.859
Microglia,remitt I,0.16,0.627,0.573,0.391,0.706,0.241,0.403,1.225,0.572
Microglia,remitt II,0.159,0.527,0.334,0.291,0.61,0.188,0.473,1.184,0.384
Myeloid cells,chronic long,0.71,1.297,1.813,0.26,1.352,0.29,0.242,1.25,1.752
Myeloid cells,chronic peak,0.339,1.179,1.608,0.256,1.414,0.116,0.174,1.056,1.442
Myeloid cells,early onset,0.361,1.262,2.263,0.337,0.968,0.116,0.11,1.348,1.892
Myeloid cells,monophasic,0.391,0.975,2.111,0.187,0.824,0.064,0.32,0.874,0.848
Myeloid cells,non symptomatic,0.157,0.462,2.5,0.239,1.042,0.111,0.043,0.3,1.119
Myeloid cells,onset I,0.503,1.478,2.312,0.291,0.835,0.075,0.155,1.105,1.267
Myeloid cells,onset II ,0.444,1.529,2.025,0.369,1.095,0.075,0.097,1.15,1.044
Myeloid cells,peak I,0.298,1.476,1.443,0.315,0.908,0.104,0.118,1.228,1.158
Myeloid cells,peak II,0.202,1.08,1.347,0.366,0.635,0.051,0.157,0.702,0.386
Myeloid cells,peak III,0.668,1.263,1.429,0.334,1.409,0.109,0.178,0.935,1.266
Myeloid cells,remitt I,0.372,0.989,1.185,0.343,1.008,0.025,0.08,0.952,0.733
Proliferating microglia,chronic long,0.247,0.48,0.853,0.342,1.14,0.917,1.099,1.118,1.47
Proliferating microglia,chronic peak,0.481,0.51,0.956,0.592,1.251,1.119,0.799,1.485,1.56
Proliferating microglia,early onset,0.638,0.694,0.774,0.252,0.557,1.012,0.664,1.442,1.265
Proliferating microglia,monophasic,0.267,0.421,0.906,0.666,1.362,0.472,1.019,1.088,0.631
Proliferating microglia,onset I,0.792,0.668,0.811,0.264,0.438,0.795,0.313,1.384,0.991
Proliferating microglia,onset II ,0.855,0.722,0.827,0.389,0.537,1.22,0.318,1.554,0.94
Proliferating microglia,peak I,0.455,0.602,0.847,0.682,1.15,1.097,0.458,1.373,1.037
Proliferating microglia,peak II,0.081,0.277,0.867,0.595,0.95,0.357,1.115,0.726,0.586
Proliferating microglia,peak III,0.342,0.48,1.192,0.709,1.467,0.952,0.881,1.385,1.369
Proliferating microglia,remitt I,0.181,0.388,0.934,0.479,0.914,0.601,0.725,1.125,1.16
