population,Glycolysis,Pyruvate to lactate,TCA cycle,Beta-oxidation,Lipid synthesis,Cholesterol synthesis,Lipid transport / storage,FA_supply_score
Microglia,0.24179606833720568,0.07343308431719782,-0.00034166879460341334,-0.09508259727226386,0.004639740267771632,-0.4055872778336185,0.2709112357874041,-0.01596083877773755
Activate Mic_Mac 1,0.6803979922496592,0.1422956552544251,0.2672057012478027,-0.0505297406900104,0.08797403283046662,-0.44874300000291084,-0.1952523465835501,-0.02213308041913377
Activated Mic_Mac 2,0.45559308987582087,0.32643400036739023,0.016139879832681354,-0.012357736677498827,0.042679378559124584,-0.5625787194216791,0.509839648405339,0.08498599495785082
Foamy Mic_Mac,0.5919096809991168,0.2699609371621393,0.15062927342552881,0.0691798202626958,-0.13538996369059228,-0.6028649282062848,0.7249698636153729,0.24456520828068895
Efflux Mic_Mac,0.1863783051911396,0.03246473230419947,-0.03249429810605345,-0.033583468602523904,-0.0555939494925059,-0.1736014807639759,0.44015900136700503,0.007151221101629688
Macrophages,0.7223079491291565,0.3887046782312738,0.09501133391353467,-0.04179329522656568,-0.0849362166951373,-0.40658571312298303,0.41447304583289246,0.05773621433796127
Myeloid cells,0.5861805073931537,0.3258197146893867,-0.049503565059333995,-0.14061666628284294,-0.048944699150136224,-0.2788822367239614,0.24885167593079438,-0.08221294163131154
Proliferating microglia,0.46300320373074344,0.36853488562859243,0.1146400492301472,-0.03719082733716049,0.1357061545872515,-0.4319351651953828,0.1480950243770586,0.030635215962889404
Dendritic cells,0.19615980840142394,-0.0671551658549565,-0.020738798525362468,-0.11956110081401577,-0.1685759975984412,-0.20439209786127344,0.15133218360685927,-0.056187727977209015
APCs,0.30534098081791783,0.03260751502775839,0.1889291750991862,-0.0686995849175724,-0.05113129103394427,0.0376893763312178,0.09414784918880059,-0.024263412663801966
Mic_AST,0.5471964318819166,0.4241169059562031,0.11399870338191784,0.06758044755968085,0.06722043536644202,-0.44980211127342307,0.3084387975980244,0.12070127183357453
