,cell_type,gene,mean_EAE,mean_CONTROL,log2FC,MWU_p,n_EAE,n_CONTROL
0,Oligodendrocytes,Bdh1,0.4384293258190155,0.3780956566333771,0.21306922549024548,0.005046157137182622,92,15
1,Oligodendrocytes,Acss1,0.14774936437606812,0.13655218482017517,0.11290444863607696,0.144808116808833,92,15
2,Oligodendrocytes,Acss2,1.1006563901901245,1.3498857021331787,-0.294231300691583,0.00019975854738606355,92,15
3,Oligodendrocytes,Slc16a1,0.9519290328025818,1.0030827522277832,-0.07543749312053584,0.16840086018758238,92,15
4,Oligodendrocytes,Slc16a3,0.06462424993515015,0.051559071987867355,0.32028922534177756,0.020857410615333596,92,15
5,Oligodendrocytes,Hcar2,0.007938283495604992,0.0023216328117996454,1.4281052032989479,0.00010965407329256953,92,15
6,Oligodendrocytes,Ffar3,0.0009626409155316651,0.002058224519714713,-0.639898084425902,0.0004188987817926315,92,15
7,Oligodendrocytes,Ffar2,0.004144611768424511,0.0034897897858172655,0.1964143112320221,0.7396078070578717,92,15
8,Oligodendrocytes,Cpt1a,0.2232438325881958,0.192580446600914,0.2121350724800339,0.009385244962662563,92,15
9,Oligodendrocytes,Cpt2,0.24216054379940033,0.19083251059055328,0.34206191018269894,3.4571335610853356e-05,92,15
10,Oligodendrocytes,Acaa2,0.13191404938697815,0.14040213823318481,-0.08931032665953162,0.36242041033514405,92,15
11,Oligodendrocytes,Ppara,0.02513018436729908,0.024346651509404182,0.04392213541207981,0.9892611590546484,92,15
12,Oligodendrocytes,Ppargc1a,0.13237781822681427,0.17275004088878632,-0.38149456233201523,0.013774256783548102,92,15
13,Oligodendrocytes,Fgf21,0.0014385730028152466,0.0011065053986385465,0.21118554923810495,0.4630770222900571,92,15
14,Neurons,Bdh1,0.5833265781402588,0.5561167597770691,0.06879519454332934,0.10150969588810763,92,15
15,Neurons,Acss1,0.1382678747177124,0.13452382385730743,0.03931601954709789,0.34381468721763875,92,15
16,Neurons,Acss2,0.8635290265083313,0.9227011203765869,-0.09551171490315367,0.16292345405552522,92,15
17,Neurons,Slc16a1,0.5277988314628601,0.39281314611434937,0.42520771727117096,0.0001345243023750771,92,15
18,Neurons,Slc16a3,0.03210604935884476,0.016590241342782974,0.9123195829063956,0.0008304102541277978,92,15
19,Neurons,Hcar2,0.010419262573122978,0.00496454956009984,0.9369843926248577,0.002766971625294131,92,15
20,Neurons,Ffar3,0.0016009833198040724,0.001732765231281519,-0.07130437765525,0.663339145369954,92,15
21,Neurons,Ffar2,0.003345037577673793,0.002679537981748581,0.23984402731185792,0.7095278298068141,92,15
22,Neurons,Cpt1a,0.1835455447435379,0.1908617913722992,-0.05609052350406971,0.7297472834888805,92,15
23,Neurons,Cpt2,0.10512911528348923,0.12008674442768097,-0.19022044230073537,0.21395448383471194,92,15
24,Neurons,Acaa2,0.16235151886940002,0.19292496144771576,-0.24751864558244394,0.016382267468060964,92,15
25,Neurons,Ppara,0.019841844215989113,0.02648146077990532,-0.3989757509052084,0.005955268119703251,92,15
26,Neurons,Ppargc1a,0.3910213112831116,0.4844866991043091,-0.3084996855485903,0.004640395397814821,92,15
27,Neurons,Fgf21,0.0030060934368520975,0.002630761591717601,0.14192386957003947,0.46264722945411707,92,15
28,Endothelial cells,Bdh1,0.2985226511955261,0.3702295124530792,-0.3096462981763054,0.0013372712084441475,92,15
29,Endothelial cells,Acss1,0.1660645455121994,0.16646389663219452,-0.0034445032558847867,0.9964202902803297,92,15
30,Endothelial cells,Acss2,0.26457732915878296,0.40696635842323303,-0.6193181929074753,1.077973128564594e-06,92,15
31,Endothelial cells,Slc16a1,1.1148154735565186,0.8654641509056091,0.3648864975347732,0.014122820553948874,92,15
32,Endothelial cells,Slc16a3,0.21207787096500397,0.06471442431211472,1.6970987890463463,2.927002216630794e-07,92,15
33,Endothelial cells,Hcar2,0.015776291489601135,0.0020708341617137194,2.4497213259464115,2.363663907210859e-06,92,15
34,Endothelial cells,Ffar3,0.0003817204269580543,8.617908315500244e-05,0.34720374852455943,0.6504659833411182,92,15
35,Endothelial cells,Ffar2,0.011984242126345634,0.00630810996517539,0.8291915607216175,0.17238802062470648,92,15
36,Endothelial cells,Cpt1a,0.8105237483978271,0.7649462819099426,0.0833900991542761,0.054264985346124,92,15
37,Endothelial cells,Cpt2,0.26024746894836426,0.23322053253650665,0.15754950721595534,0.04992483537164137,92,15
38,Endothelial cells,Acaa2,0.38115108013153076,0.4385437071323395,-0.20186352243868244,0.0338274946191274,92,15
39,Endothelial cells,Ppara,0.048055507242679596,0.06896938383579254,-0.5123086765864394,0.002117315412373028,92,15
40,Endothelial cells,Ppargc1a,0.13118189573287964,0.2322656661272049,-0.8194493838247027,1.3221489666560828e-05,92,15
41,Endothelial cells,Fgf21,0.000476793764391914,0.00028980165370739996,0.19531914208202455,0.3894682754952292,92,15
42,Microglia,Bdh1,0.13881385326385498,0.20750144124031067,-0.5765500408999102,7.393657727643923e-06,92,15
43,Microglia,Acss1,0.3156135380268097,0.39021071791648865,-0.3052229512827698,0.005794177594669238,92,15
44,Microglia,Acss2,0.1466003805398941,0.2286776602268219,-0.6379140977777497,0.000361394494534296,92,15
45,Microglia,Slc16a1,0.41585445404052734,0.31839507818222046,0.38420166910525677,0.0014679816225122602,92,15
46,Microglia,Slc16a3,0.656267523765564,0.33682093024253845,0.9602219864154063,7.8261333972884e-07,92,15
47,Microglia,Hcar2,0.22524993121623993,0.050452038645744324,2.1366172073987735,1.1095127300988392e-07,92,15
48,Microglia,Ffar3,0.0011681586038321257,0.0,1.116470295710571,0.07332518618394206,92,15
49,Microglia,Ffar2,0.024124549701809883,0.008043333888053894,1.474171104229478,0.001122350036460418,92,15
50,Microglia,Cpt1a,0.38693705201148987,0.2324569672346115,0.7326659301148567,1.5566564020886395e-05,92,15
51,Microglia,Cpt2,0.13373100757598877,0.11339164525270462,0.23610023028503244,0.043962769126043556,92,15
52,Microglia,Acaa2,0.2233908325433731,0.1937597692012787,0.204318039978171,0.11122456135710289,92,15
53,Microglia,Ppara,0.0258428193628788,0.029653068631887436,-0.19149529807772178,0.5626703842860538,92,15
54,Microglia,Ppargc1a,0.044833239167928696,0.07223577797412872,-0.6761543737353501,0.0022482253632024564,92,15
55,Microglia,Fgf21,0.0010479275370016694,0.0,1.034164668532321,0.06399389474935516,92,15
56,Astrocytes,Bdh1,1.243127703666687,1.2599536180496216,-0.019380630945983513,0.9892611590546484,92,15
57,Astrocytes,Acss1,1.0331172943115234,0.9716984033584595,0.08833537720394126,0.06136211645338021,92,15
58,Astrocytes,Acss2,1.145582914352417,1.5529998540878296,-0.4386456820967464,8.981469905046381e-07,92,15
59,Astrocytes,Slc16a1,1.2337448596954346,0.7047922611236572,0.8068974462738321,2.1498535570592825e-05,92,15
60,Astrocytes,Slc16a3,0.024299437180161476,0.008964796550571918,1.3441930353576652,0.00045057123048566347,92,15
61,Astrocytes,Hcar2,0.009045104496181011,0.002164832316339016,1.666291604204753,0.0024619405187532185,92,15
62,Astrocytes,Ffar3,0.0006040057633072138,0.0006378215621225536,-0.030098860857713954,0.5373041318935206,92,15
63,Astrocytes,Ffar2,0.0022997730411589146,0.0028024434577673674,-0.20455999615136958,0.5905122258880967,92,15
64,Astrocytes,Cpt1a,0.9555268287658691,0.9499870538711548,0.008379732709313518,0.5211512695541882,92,15
65,Astrocytes,Cpt2,0.34651046991348267,0.2968807816505432,0.22232139614251903,0.014122820553948874,92,15
66,Astrocytes,Acaa2,0.49309784173965454,0.5344753861427307,-0.11602350706458074,0.33026813110740316,92,15
67,Astrocytes,Ppara,0.13734202086925507,0.17525427043437958,-0.3494187764898084,0.00024687177725333343,92,15
68,Astrocytes,Ppargc1a,0.6523424983024597,0.8660330176353455,-0.40824744750339975,0.0008304102541277978,92,15
69,Astrocytes,Fgf21,0.0008423460531048477,0.000150943043990992,0.6787276309233832,0.2504673334170405,92,15
70,DA Oligodendrocytes,Bdh1,0.32719317078590393,0.2839168310165405,0.2040043696815139,0.04587957431290994,92,15
71,DA Oligodendrocytes,Acss1,0.11838165670633316,0.12477055937051773,-0.07521307284695332,0.9606390394759105,92,15
72,DA Oligodendrocytes,Acss2,0.7014972567558289,0.7262932658195496,-0.05004462647072748,0.3767806343630259,92,15
73,DA Oligodendrocytes,Slc16a1,0.8719835877418518,0.5735980868339539,0.6034013418468602,1.4348405239680761e-05,92,15
74,DA Oligodendrocytes,Slc16a3,0.15869711339473724,0.08702456951141357,0.8593600639041974,1.758025094958752e-05,92,15
75,DA Oligodendrocytes,Hcar2,0.03684287518262863,0.008954163640737534,1.9266496948719365,2.470414881613946e-06,92,15
76,DA Oligodendrocytes,Ffar3,0.0008788440027274191,0.0012845643796026707,-0.2820738114546502,0.35569344373947875,92,15
77,DA Oligodendrocytes,Ffar2,0.008166463114321232,0.0034082152415066957,1.0561705077624037,0.0025637789713993447,92,15
78,DA Oligodendrocytes,Cpt1a,0.21549567580223083,0.14641572535037994,0.554447779466221,0.0002383562640528178,92,15
79,DA Oligodendrocytes,Cpt2,0.15256397426128387,0.09258131682872772,0.71454736814404,1.6882929710823358e-05,92,15
80,DA Oligodendrocytes,Acaa2,0.11078818887472153,0.13072510063648224,-0.23676251548664703,0.23801864259676353,92,15
81,DA Oligodendrocytes,Ppara,0.01584562100470066,0.01805698312819004,-0.17794613362696374,0.9964131148627186,92,15
82,DA Oligodendrocytes,Ppargc1a,0.0520801842212677,0.0682310089468956,-0.38324499584083493,0.22403232417461183,92,15
83,DA Oligodendrocytes,Fgf21,0.0009037228883244097,0.001497573684900999,-0.39170375102640675,0.3974866489358261,92,15
84,DA astrocytes,Bdh1,0.9676952958106995,1.0956670045852661,-0.17901068701011258,0.11531022152610228,92,15
85,DA astrocytes,Acss1,0.4278144836425781,0.4736171066761017,-0.14641046558184373,0.03234926681358636,92,15
86,DA astrocytes,Acss2,0.8679859042167664,1.1438441276550293,-0.39774650602580136,9.115177179967968e-06,92,15
87,DA astrocytes,Slc16a1,2.8205161094665527,2.141899824142456,0.39690617791539107,1.3519821073799597e-07,92,15
88,DA astrocytes,Slc16a3,0.14861975610256195,0.026175087317824364,2.460944108266987,6.210042240669113e-07,92,15
89,DA astrocytes,Hcar2,0.01667887158691883,0.0017269611125811934,2.6966601606571237,3.5517253898012736e-06,92,15
90,DA astrocytes,Ffar3,0.0013001937186345458,0.0,1.201755367754219,0.05577697027094424,92,15
91,DA astrocytes,Ffar2,0.007219358813017607,0.0023524228017777205,1.293821743848382,0.005253871934829292,92,15
92,DA astrocytes,Cpt1a,0.6946104168891907,0.6406410336494446,0.11651313074314278,0.01068523958978812,92,15
93,DA astrocytes,Cpt2,0.2914668321609497,0.22353105247020721,0.38135803962613857,0.0007292314875764261,92,15
94,DA astrocytes,Acaa2,0.2780841886997223,0.26961424946784973,0.04446258405455796,0.6764985008897477,92,15
95,DA astrocytes,Ppara,0.0654975175857544,0.08758937567472458,-0.4138332055015862,0.03946447689895955,92,15
96,DA astrocytes,Ppargc1a,0.32147902250289917,0.5837768316268921,-0.8586808388246049,4.6954429753878885e-07,92,15
97,DA astrocytes,Fgf21,0.001476371311582625,0.0,1.3082276510690412,0.03170472506325332,92,15
98,T cells,Bdh1,0.25024843215942383,0.4384115934371948,-0.8064583407214937,,85,2
99,T cells,Acss1,0.22894100844860077,0.202215313911438,0.1782546591582175,,85,2
100,T cells,Acss2,0.2341696172952652,0.423861563205719,-0.8532911469630885,,85,2
101,T cells,Slc16a1,0.5737066864967346,0.6280148029327393,-0.13026813471070778,,85,2
102,T cells,Slc16a3,0.6377258896827698,0.18907448649406433,1.7486320354335305,,85,2
103,T cells,Hcar2,0.04695020988583565,0.04446527734398842,0.07677197667318138,,85,2
104,T cells,Ffar3,0.0003531498368829489,0.0,0.43632160055549246,,85,2
105,T cells,Ffar2,0.05592912808060646,0.0,5.831095098649127,,85,2
106,T cells,Cpt1a,0.45076191425323486,0.24569253623485565,0.8728485825067646,,85,2
107,T cells,Cpt2,0.13824541866779327,0.1797604262828827,-0.3764490023549354,,85,2
108,T cells,Acaa2,0.32349613308906555,0.2478303611278534,0.3830387590431784,,85,2
109,T cells,Ppara,0.02116159349679947,0.12934626638889313,-2.5562157341159333,,85,2
110,T cells,Ppargc1a,0.038952481001615524,0.11374722421169281,-1.5221022539062317,,85,2
111,T cells,Fgf21,0.0007752942037768662,0.0,0.8280581294951158,,85,2
112,Fibroblasts,Bdh1,0.1787802278995514,0.28094011545181274,-0.6491544013314651,0.001107349597480178,92,15
113,Fibroblasts,Acss1,0.04842621460556984,0.06962070614099503,-0.5148148274238689,0.05298487221088677,92,15
114,Fibroblasts,Acss2,0.13773907721042633,0.2064322680234909,-0.5802661422868405,0.003202012996737342,92,15
115,Fibroblasts,Slc16a1,0.6181842684745789,0.6057952642440796,0.029158991540624055,0.5934139143554689,92,15
116,Fibroblasts,Slc16a3,0.16620077192783356,0.08711325377225876,0.9241505609167049,0.02238960922513838,92,15
117,Fibroblasts,Hcar2,0.006710632238537073,0.0019289231859147549,1.3964788022304857,0.025408512409150884,92,15
118,Fibroblasts,Ffar3,0.00014194312097970396,0.0,0.19149079332412064,0.5791660630731646,92,15
119,Fibroblasts,Ffar2,0.00857881736010313,0.006385653745383024,0.37512191831448555,0.3124972399313567,92,15
120,Fibroblasts,Cpt1a,0.40275898575782776,0.39604291319847107,0.024199422521195692,0.5328734264225474,92,15
121,Fibroblasts,Cpt2,0.18672512471675873,0.20682524144649506,-0.1467491374164963,0.3964649840178176,92,15
122,Fibroblasts,Acaa2,0.32173699140548706,0.3855198919773102,-0.26018371751652297,0.2010178620452009,92,15
123,Fibroblasts,Ppara,0.06844816356897354,0.0964791402220726,-0.4891569811197279,0.0968435647358134,92,15
124,Fibroblasts,Ppargc1a,0.10815461724996567,0.12583482265472412,-0.2165777357910089,0.4167347418761186,92,15
125,Fibroblasts,Fgf21,0.0009076509741134942,0.0,0.9317972384415818,0.31660538039941477,92,15
126,Schwann cells,Bdh1,0.10702159255743027,0.10940775275230408,-0.031521757525454525,0.19250767414881031,85,15
127,Schwann cells,Acss1,0.1792241483926773,0.16460971534252167,0.12200502237971163,0.30165031586426316,85,15
128,Schwann cells,Acss2,0.3582381010055542,0.5861340761184692,-0.7087496190429775,3.311562215379188e-05,85,15
129,Schwann cells,Slc16a1,0.542328417301178,0.5657758116722107,-0.060953684394787266,0.7943712781742429,85,15
130,Schwann cells,Slc16a3,0.07426448166370392,0.024178065359592438,1.5798017649662448,0.0003264005633952528,85,15
131,Schwann cells,Hcar2,0.004697148688137531,0.0006605853559449315,1.7785481782700927,0.017716145770923137,85,15
132,Schwann cells,Ffar3,0.0008807392441667616,0.0004640052211470902,0.36137914092503676,0.755705474216603,85,15
133,Schwann cells,Ffar2,0.010859298519790173,0.011180304922163486,-0.03853157350533179,0.6661990770305349,85,15
134,Schwann cells,Cpt1a,0.36290764808654785,0.3844643831253052,-0.08302518942161939,0.5430836448275458,85,15
135,Schwann cells,Cpt2,0.10891852527856827,0.11327560245990753,-0.05608287135021093,0.8242837307965696,85,15
136,Schwann cells,Acaa2,0.3881608843803406,0.49082323908805847,-0.3377731969748942,0.0032373838124751054,85,15
137,Schwann cells,Ppara,0.07316213846206665,0.0927351787686348,-0.3379077476712372,0.03976584049591807,85,15
138,Schwann cells,Ppargc1a,0.07981671392917633,0.1166301816701889,-0.5415326790970625,0.02639248597841538,85,15
139,Schwann cells,Fgf21,0.002980184508487582,0.00022561319929081947,1.6993315713759454,0.2208156177502124,85,15
140,Macrophages,Bdh1,0.0961405411362648,,,,61,0
141,Macrophages,Acss1,0.12973202764987946,,,,61,0
142,Macrophages,Acss2,0.11947984248399734,,,,61,0
143,Macrophages,Slc16a1,0.4865149259567261,,,,61,0
144,Macrophages,Slc16a3,1.661207914352417,,,,61,0
145,Macrophages,Hcar2,0.09779666364192963,,,,61,0
146,Macrophages,Ffar3,0.0011643075849860907,,,,61,0
147,Macrophages,Ffar2,0.05465376004576683,,,,61,0
148,Macrophages,Cpt1a,0.5696634650230408,,,,61,0
149,Macrophages,Cpt2,0.12707628309726715,,,,61,0
150,Macrophages,Acaa2,0.24728165566921234,,,,61,0
151,Macrophages,Ppara,0.010683560743927956,,,,61,0
152,Macrophages,Ppargc1a,0.027340451255440712,,,,61,0
153,Macrophages,Fgf21,0.0006997992750257254,,,,61,0
154,Activated Mic_Mac 2,Bdh1,0.12156935036182404,0.24614517390727997,-1.0117604702921152,,70,1
155,Activated Mic_Mac 2,Acss1,0.428158700466156,0.559523344039917,-0.3852632111287366,,70,1
156,Activated Mic_Mac 2,Acss2,0.1470738649368286,0.2544820010662079,-0.7869046284289316,,70,1
157,Activated Mic_Mac 2,Slc16a1,0.6225947737693787,0.8115188479423523,-0.381792442381308,,70,1
158,Activated Mic_Mac 2,Slc16a3,1.268242597579956,0.5804795026779175,1.1261676037839967,,70,1
159,Activated Mic_Mac 2,Hcar2,0.319921612739563,0.23663051426410675,0.4335008471265457,,70,1
160,Activated Mic_Mac 2,Ffar3,0.0008783995290286839,0.0,0.9095039518335652,,70,1
161,Activated Mic_Mac 2,Ffar2,0.009875987656414509,0.0,3.4430745139923458,,70,1
162,Activated Mic_Mac 2,Cpt1a,0.5568656325340271,0.5968023538589478,-0.09975090117019324,,70,1
163,Activated Mic_Mac 2,Cpt2,0.14111100137233734,0.12652862071990967,0.1561971821176269,,70,1
164,Activated Mic_Mac 2,Acaa2,0.25220781564712524,0.1027236208319664,1.2875774619996803,,70,1
165,Activated Mic_Mac 2,Ppara,0.011514848098158836,0.0,3.6455688749776964,,70,1
166,Activated Mic_Mac 2,Ppargc1a,0.03246647119522095,0.0,5.0646445318529425,,70,1
167,Activated Mic_Mac 2,Fgf21,0.001395700266584754,0.0,1.260447419411516,,70,1
168,OPCs,Bdh1,0.5688377618789673,0.5367870330810547,0.08351625910668624,0.2172804738246995,92,15
169,OPCs,Acss1,0.46666964888572693,0.5241094827651978,-0.16712844613811112,0.04888647308543596,92,15
170,OPCs,Acss2,0.45698651671409607,0.6572672724723816,-0.5233683465834247,0.00012971555759417285,92,15
171,OPCs,Slc16a1,0.5514020323753357,0.4150061309337616,0.4091138371195439,0.00029389984155869916,92,15
172,OPCs,Slc16a3,0.08580860495567322,0.04394616559147835,0.9496400147458822,0.004028966825873502,92,15
173,OPCs,Hcar2,0.017773836851119995,0.0027555411215871572,2.321630826869763,0.00019699083756055823,92,15
174,OPCs,Ffar3,0.0016508192056789994,0.0,1.4064382771591961,0.16271845097978987,92,15
175,OPCs,Ffar2,0.005009141284972429,0.0022478557657450438,0.887671277246188,0.15832414043441156,92,15
176,OPCs,Cpt1a,0.396171897649765,0.42782965302467346,-0.11064112282497202,0.260116643164524,92,15
177,OPCs,Cpt2,0.125055193901062,0.12463905662298203,0.004770547862756308,0.9392036806797724,92,15
178,OPCs,Acaa2,0.10562432557344437,0.12365851551294327,-0.22544482158100704,0.22748114818599985,92,15
179,OPCs,Ppara,0.047371357679367065,0.0805208683013916,-0.75301638644997,0.0003042502005464287,92,15
180,OPCs,Ppargc1a,0.16605576872825623,0.2493247091770172,-0.5834709020017665,0.003916254573719209,92,15
181,OPCs,Fgf21,0.0007705751922912896,0.0,0.8242181129986876,0.2416954460625117,92,15
182,Stromal cells,Bdh1,0.19492916762828827,0.27479493618011475,-0.4932637829880573,0.0032020877649128433,92,15
183,Stromal cells,Acss1,0.08832761645317078,0.10681561380624771,-0.2713879517911269,0.13516923814738002,92,15
184,Stromal cells,Acss2,0.18421036005020142,0.2827475965023041,-0.6154433716303236,3.073200226840033e-05,92,15
185,Stromal cells,Slc16a1,0.49127089977264404,0.29523658752441406,0.7327026225528436,0.00026476579543975847,92,15
186,Stromal cells,Slc16a3,0.32700398564338684,0.08969763666391373,1.8545764818219772,3.1682738775632294e-08,92,15
187,Stromal cells,Hcar2,0.01422339677810669,0.0008622746681794524,3.0311525237667114,0.001266529643915677,92,15
188,Stromal cells,Ffar3,0.00015926103515084833,0.0,0.21320545997241713,0.5791660630731646,92,15
189,Stromal cells,Ffar2,0.013235519640147686,0.004817408509552479,1.2910466351962686,0.06637806568126302,92,15
190,Stromal cells,Cpt1a,0.3967473804950714,0.39990073442459106,-0.0113926312032264,0.9392036806797724,92,15
191,Stromal cells,Cpt2,0.1719876229763031,0.1977498084306717,-0.200284651092644,0.12604101176801358,92,15
192,Stromal cells,Acaa2,0.2691074311733246,0.33277493715286255,-0.3053422964497257,0.02187049121687458,92,15
193,Stromal cells,Ppara,0.11796838045120239,0.1454944908618927,-0.3002682276417569,0.07939076317963235,92,15
194,Stromal cells,Ppargc1a,0.04560969024896622,0.05636347830295563,-0.2995025809447657,0.3037949676689017,92,15
195,Stromal cells,Fgf21,0.0013153061736375093,0.002663435647264123,-0.6619942866278838,0.8482149207353304,92,15
196,Vascular cells,Bdh1,0.2864070236682892,0.3361072540283203,-0.2301123533439333,0.025170793460063203,92,15
197,Vascular cells,Acss1,0.20653481781482697,0.20691196620464325,-0.0026193981133987615,0.847021479321977,92,15
198,Vascular cells,Acss2,0.29634755849838257,0.42905446887016296,-0.5323691671191091,0.00011624296113375153,92,15
199,Vascular cells,Slc16a1,0.47627267241477966,0.3476719260215759,0.45294352572899954,0.004640395397814821,92,15
200,Vascular cells,Slc16a3,0.11932932585477829,0.07231640070676804,0.7147804222392978,0.0032020877649128433,92,15
201,Vascular cells,Hcar2,0.012422836385667324,0.002649818081408739,1.878793097929912,0.011286382656659759,92,15
202,Vascular cells,Ffar3,0.0009140796028077602,0.0007681893184781075,0.11437807883126222,0.9916483547894868,92,15
203,Vascular cells,Ffar2,0.02471250481903553,0.018113400787115097,0.4278856638074316,0.32455377239595473,92,15
204,Vascular cells,Cpt1a,0.5366433262825012,0.48482513427734375,0.14621227310188975,0.06012850460485851,92,15
205,Vascular cells,Cpt2,0.1635834276676178,0.15614159405231476,0.06675397399737852,0.6248202966690499,92,15
206,Vascular cells,Acaa2,0.4484268128871918,0.5298492908477783,-0.24021613667494654,0.024025734337870516,92,15
207,Vascular cells,Ppara,0.09572518616914749,0.09615809470415115,-0.006442598162269296,0.7671454883279352,92,15
208,Vascular cells,Ppargc1a,0.12384917587041855,0.18476246297359467,-0.5732727076755428,0.012142749046496436,92,15
209,Vascular cells,Fgf21,0.00020384203526191413,0.0011483053676784039,-0.8355529794805117,0.009206029865786745,92,15
210,Activate Mic_Mac 1,Bdh1,0.4713956117630005,0.5513051152229309,-0.22546992598697305,0.04324559162552888,91,15
211,Activate Mic_Mac 1,Acss1,0.46460896730422974,0.5505737662315369,-0.2444349976859033,0.005699269734135417,91,15
212,Activate Mic_Mac 1,Acss2,0.43917980790138245,0.6028756499290466,-0.4561585334958411,0.0005722875954838601,91,15
213,Activate Mic_Mac 1,Slc16a1,0.4793255925178528,0.29882344603538513,0.6798994740400072,4.507035937315288e-06,91,15
214,Activate Mic_Mac 1,Slc16a3,0.2910052537918091,0.2293376624584198,0.34224400131838933,0.019831793461632084,91,15
215,Activate Mic_Mac 1,Hcar2,0.20388999581336975,0.031596723943948746,2.6520506612095174,1.3797189882156792e-07,91,15
216,Activate Mic_Mac 1,Ffar3,0.0012078010477125645,0.002852725563570857,-0.803269252017922,0.6194464615360533,91,15
217,Activate Mic_Mac 1,Ffar2,0.005369151476770639,0.0,2.6711011838167154,0.019551030256849213,91,15
218,Activate Mic_Mac 1,Cpt1a,0.37340348958969116,0.4003715515136719,-0.10034448324435276,0.4908963659594685,91,15
219,Activate Mic_Mac 1,Cpt2,0.15158909559249878,0.17533820867538452,-0.20869324216357832,0.25719934756031504,91,15
220,Activate Mic_Mac 1,Acaa2,0.26695671677589417,0.3167962431907654,-0.24610209002741892,0.16549301128817928,91,15
221,Activate Mic_Mac 1,Ppara,0.03316076472401619,0.0417015515267849,-0.32194821843155264,0.23171060545954858,91,15
222,Activate Mic_Mac 1,Ppargc1a,0.2654583752155304,0.3943631052970886,-0.5692680671338703,0.0016591738271294612,91,15
223,Activate Mic_Mac 1,Fgf21,0.00133134750649333,0.0015457459958270192,-0.12692441414099812,0.9832015640556631,91,15
224,Efflux Mic_Mac,Bdh1,0.06093129888176918,0.04872637614607811,0.31665740665123066,,71,2
225,Efflux Mic_Mac,Acss1,0.08277544379234314,0.24254345893859863,-1.5395799068653737,,71,2
226,Efflux Mic_Mac,Acss2,0.052160512655973434,0.10531154274940491,-0.9998713231365448,,71,2
227,Efflux Mic_Mac,Slc16a1,0.31513336300849915,0.1883852183818817,0.7392095654464834,,71,2
228,Efflux Mic_Mac,Slc16a3,0.39075928926467896,0.066799096763134,2.5306295251528126,,71,2
229,Efflux Mic_Mac,Hcar2,0.01360070239752531,0.0,3.867965869544131,,71,2
230,Efflux Mic_Mac,Ffar3,0.0003076432622037828,0.0,0.3869690132780687,,71,2
231,Efflux Mic_Mac,Ffar2,0.018808474764227867,0.0,4.3080458930956365,,71,2
232,Efflux Mic_Mac,Cpt1a,0.14884451031684875,0.09829595685005188,0.5936593502838712,,71,2
233,Efflux Mic_Mac,Cpt2,0.049840085208415985,0.04312000423669815,0.2045335188475413,,71,2
234,Efflux Mic_Mac,Acaa2,0.06842916458845139,0.2649955153465271,-1.9377882049397508,,71,2
235,Efflux Mic_Mac,Ppara,0.005724303424358368,0.0,2.7493848255468,,71,2
236,Efflux Mic_Mac,Ppargc1a,0.02067616395652294,0.04312000423669815,-1.025323464775262,,71,2
237,Efflux Mic_Mac,Fgf21,0.001144883339293301,0.0,1.1008991813378584,,71,2
238,Foamy Mic_Mac,Bdh1,0.07933368533849716,,,,37,0
239,Foamy Mic_Mac,Acss1,0.19166582822799683,,,,37,0
240,Foamy Mic_Mac,Acss2,0.12726683914661407,,,,37,0
241,Foamy Mic_Mac,Slc16a1,0.5827733874320984,,,,37,0
242,Foamy Mic_Mac,Slc16a3,1.4353057146072388,,,,37,0
243,Foamy Mic_Mac,Hcar2,0.040823765099048615,,,,37,0
244,Foamy Mic_Mac,Ffar3,0.0007391235558316112,,,,37,0
245,Foamy Mic_Mac,Ffar2,0.010323403403162956,,,,37,0
246,Foamy Mic_Mac,Cpt1a,0.99448561668396,,,,37,0
247,Foamy Mic_Mac,Cpt2,0.17657706141471863,,,,37,0
248,Foamy Mic_Mac,Acaa2,0.4198461174964905,,,,37,0
249,Foamy Mic_Mac,Ppara,0.004562582354992628,,,,37,0
250,Foamy Mic_Mac,Ppargc1a,0.008435448631644249,,,,37,0
251,Foamy Mic_Mac,Fgf21,0.00036466828896664083,,,,37,0
252,APCs,Bdh1,0.15636056661605835,,,,77,0
253,APCs,Acss1,0.3302138149738312,,,,77,0
254,APCs,Acss2,0.17623093724250793,,,,77,0
255,APCs,Slc16a1,0.5217154622077942,,,,77,0
256,APCs,Slc16a3,0.4796336889266968,,,,77,0
257,APCs,Hcar2,0.03762288764119148,,,,77,0
258,APCs,Ffar3,0.00011604233441175893,,,,77,0
259,APCs,Ffar2,0.3001253306865692,,,,77,0
260,APCs,Cpt1a,0.4785051643848419,,,,77,0
261,APCs,Cpt2,0.12470658868551254,,,,77,0
262,APCs,Acaa2,0.23047959804534912,,,,77,0
263,APCs,Ppara,0.01237329002469778,,,,77,0
264,APCs,Ppargc1a,0.03937394917011261,,,,77,0
265,APCs,Fgf21,0.0007892852299846709,,,,77,0
266,B cells,Bdh1,0.14678458869457245,,,,57,0
267,B cells,Acss1,0.3927933871746063,,,,57,0
268,B cells,Acss2,0.11810597032308578,,,,57,0
269,B cells,Slc16a1,0.46731168031692505,,,,57,0
270,B cells,Slc16a3,0.3325694501399994,,,,57,0
271,B cells,Hcar2,0.027273718267679214,,,,57,0
272,B cells,Ffar3,0.0026501561515033245,,,,57,0
273,B cells,Ffar2,0.10952454060316086,,,,57,0
274,B cells,Cpt1a,0.4796464145183563,,,,57,0
275,B cells,Cpt2,0.15962888300418854,,,,57,0
276,B cells,Acaa2,0.28258216381073,,,,57,0
277,B cells,Ppara,0.03109644167125225,,,,57,0
278,B cells,Ppargc1a,0.03239750489592552,,,,57,0
279,B cells,Fgf21,0.0038188816979527473,,,,57,0
280,Newly formed oligodendrocytes,Bdh1,1.144667148590088,1.1215842962265015,0.029364175089458912,0.6018591892473306,86,10
281,Newly formed oligodendrocytes,Acss1,0.2185829132795334,0.2918112576007843,-0.41520522521423925,0.04328429596549845,86,10
282,Newly formed oligodendrocytes,Acss2,0.6261464953422546,0.8343063592910767,-0.4135029395305902,0.009090179418847415,86,10
283,Newly formed oligodendrocytes,Slc16a1,0.4884267747402191,0.30821895599365234,0.6624642648735427,0.002767531338855929,86,10
284,Newly formed oligodendrocytes,Slc16a3,0.22864313423633575,0.17834459245204926,0.3566594049638428,0.4181268543158846,86,10
285,Newly formed oligodendrocytes,Hcar2,0.029921146109700203,0.0,4.950521889445618,0.0010606979962879196,86,10
286,Newly formed oligodendrocytes,Ffar3,0.0008922283304855227,0.0,0.9200861856031693,0.35865350243524174,86,10
287,Newly formed oligodendrocytes,Ffar2,0.01020691730082035,0.0,3.4863175838747815,0.05298793621755035,86,10
288,Newly formed oligodendrocytes,Cpt1a,0.4037083387374878,0.4691344201564789,-0.21619073400557076,0.14504947185001105,86,10
289,Newly formed oligodendrocytes,Cpt2,0.17968778312206268,0.18173357844352722,-0.01624279832491611,0.9474044155936523,86,10
290,Newly formed oligodendrocytes,Acaa2,0.09551479667425156,0.06902702897787094,0.46283825892073244,0.200787398094056,86,10
291,Newly formed oligodendrocytes,Ppara,0.03560154512524605,0.0394100621342659,-0.14281001699020837,0.6212143403791774,86,10
292,Newly formed oligodendrocytes,Ppargc1a,0.07651165872812271,0.08147279173135757,-0.08950491792111481,0.2981803309109422,86,10
293,Newly formed oligodendrocytes,Fgf21,0.002964605111628771,0.0,1.9871771756729728,0.2372554363630066,86,10
294,Myeloid cells,Bdh1,0.1241372674703598,,,,46,0
295,Myeloid cells,Acss1,0.07715541124343872,,,,46,0
296,Myeloid cells,Acss2,0.16759644448757172,,,,46,0
297,Myeloid cells,Slc16a1,0.5086305737495422,,,,46,0
298,Myeloid cells,Slc16a3,1.7842601537704468,,,,46,0
299,Myeloid cells,Hcar2,0.4192807972431183,,,,46,0
300,Myeloid cells,Ffar3,0.00031900181784294546,,,,46,0
301,Myeloid cells,Ffar2,0.2630145847797394,,,,46,0
302,Myeloid cells,Cpt1a,0.31062406301498413,,,,46,0
303,Myeloid cells,Cpt2,0.09863222390413284,,,,46,0
304,Myeloid cells,Acaa2,0.14007525146007538,,,,46,0
305,Myeloid cells,Ppara,0.01494798343628645,,,,46,0
306,Myeloid cells,Ppargc1a,0.03279220685362816,,,,46,0
307,Myeloid cells,Fgf21,0.0002533982915338129,,,,46,0
308,Mic_AST,Bdh1,0.42557182908058167,0.6510966420173645,-0.612297097719481,,73,1
309,Mic_AST,Acss1,0.2991270422935486,0.0747862383723259,1.9855655098629443,,73,1
310,Mic_AST,Acss2,0.3450698256492615,0.15558525919914246,1.1441147512695709,,73,1
311,Mic_AST,Slc16a1,1.6056216955184937,2.0798840522766113,-0.3731663161035833,,73,1
312,Mic_AST,Slc16a3,0.6126863956451416,0.2974245846271515,1.0401352101143233,,73,1
313,Mic_AST,Hcar2,0.125402569770813,0.0,6.981881983653048,,73,1
314,Mic_AST,Ffar3,0.0006695800111629069,0.0,0.7394852332285127,,73,1
315,Mic_AST,Ffar2,0.010828947648406029,0.0,3.564249826218696,,73,1
316,Mic_AST,Cpt1a,0.4868904948234558,0.6966348886489868,-0.5159148142742996,,73,1
317,Mic_AST,Cpt2,0.15527421236038208,0.14954207837581635,0.05391293670138011,,73,1
318,Mic_AST,Acaa2,0.2714695632457733,0.267203688621521,0.022766000921779512,,73,1
319,Mic_AST,Ppara,0.02777562476694584,0.07137291878461838,-1.330602704349096,,73,1
320,Mic_AST,Ppargc1a,0.08778490126132965,0.10081194341182709,-0.19752055362947538,,73,1
321,Mic_AST,Fgf21,0.00012610630074050277,0.0,0.17134301952526435,,73,1
322,Proliferating microglia,Bdh1,0.24402613937854767,,,,59,0
323,Proliferating microglia,Acss1,0.4174036383628845,,,,59,0
324,Proliferating microglia,Acss2,0.3306674361228943,,,,59,0
325,Proliferating microglia,Slc16a1,1.0097955465316772,,,,59,0
326,Proliferating microglia,Slc16a3,0.9005239605903625,,,,59,0
327,Proliferating microglia,Hcar2,0.4610426127910614,,,,59,0
328,Proliferating microglia,Ffar3,0.0008023469126783311,,,,59,0
329,Proliferating microglia,Ffar2,0.009430277161300182,,,,59,0
330,Proliferating microglia,Cpt1a,0.515453577041626,,,,59,0
331,Proliferating microglia,Cpt2,0.1992848664522171,,,,59,0
332,Proliferating microglia,Acaa2,0.19577229022979736,,,,59,0
333,Proliferating microglia,Ppara,0.02236090414226055,,,,59,0
334,Proliferating microglia,Ppargc1a,0.08805792778730392,,,,59,0
335,Proliferating microglia,Fgf21,0.0018736376659944654,,,,59,0
336,Dendritic cells,Bdh1,0.12317383289337158,,,,53,0
337,Dendritic cells,Acss1,0.11067654192447662,,,,53,0
338,Dendritic cells,Acss2,0.10101104527711868,,,,53,0
339,Dendritic cells,Slc16a1,0.42883366346359253,,,,53,0
340,Dendritic cells,Slc16a3,0.5389257669448853,,,,53,0
341,Dendritic cells,Hcar2,0.02825368195772171,,,,53,0
342,Dendritic cells,Ffar3,0.00029348477255553007,,,,53,0
343,Dendritic cells,Ffar2,0.09922409057617188,,,,53,0
344,Dendritic cells,Cpt1a,0.3914172947406769,,,,53,0
345,Dendritic cells,Cpt2,0.1428915113210678,,,,53,0
346,Dendritic cells,Acaa2,0.21492484211921692,,,,53,0
347,Dendritic cells,Ppara,0.0232301764190197,,,,53,0
348,Dendritic cells,Ppargc1a,0.026779303327202797,,,,53,0
349,Dendritic cells,Fgf21,0.0007570270681753755,,,,53,0
350,Ependymal cells,Bdh1,0.7033392190933228,0.6871128678321838,0.0336251946262317,0.5733134694981489,90,15
351,Ependymal cells,Acss1,0.20754782855510712,0.21904592216014862,-0.07742634563727567,0.6503400326979454,90,15
352,Ependymal cells,Acss2,0.34726330637931824,0.4174014925956726,-0.26470952212840876,0.028293668407462957,90,15
353,Ependymal cells,Slc16a1,1.0242477655410767,0.751686155796051,0.4458522581672115,0.0006048383662880244,90,15
354,Ependymal cells,Slc16a3,0.03378450870513916,0.015319018624722958,1.091890643585069,0.2942168821925484,90,15
355,Ependymal cells,Hcar2,0.01207382045686245,0.0017303787171840668,2.2595078106978765,0.08922215619285684,90,15
356,Ependymal cells,Ffar3,0.00032342629856429994,0.0,0.4042778535741869,0.7031796984520566,90,15
357,Ependymal cells,Ffar2,0.0006666271365247667,0.002538148546591401,-1.0860632440045057,0.1580607742203134,90,15
358,Ependymal cells,Cpt1a,0.46067747473716736,0.3865536153316498,0.25248943399367835,0.20798030941952228,90,15
359,Ependymal cells,Cpt2,0.1917358785867691,0.16075849533081055,0.25278367778519356,0.2678424881998278,90,15
360,Ependymal cells,Acaa2,0.47387415170669556,0.49221378564834595,-0.05466789484696123,0.7312964990227406,90,15
361,Ependymal cells,Ppara,0.027325574308633804,0.032299816608428955,-0.23340902461394622,0.4864519534090149,90,15
362,Ependymal cells,Ppargc1a,0.40365761518478394,0.4508688151836395,-0.1592022501909844,0.3969634564998138,90,15
363,Ependymal cells,Fgf21,0.0003117236774414778,0.0,0.3914638394904071,0.7031796984520566,90,15
