cell_type,dataset,Hmgcs2,Hmgcl,Hmgcll1,Bdh1,Bdh2,Oxct1,Acat1,Acss1,Acss2,Slc16a1,Slc16a7,Slc16a3,Slc16a6,Slc5a8,Bsg,Hcar2,Ffar3,Ffar2,Cpt1a,Cpt2,Acadm,Hadha,Acaa2,Ppara,Ppargc1a,Fgf21
Oligodendrocyte,Absinta2021_MS_human_snRNA,0.0004373342,0.07273603,0.008929394,0.0760638,0.025239378,0.15075544,0.11743116,0.17252713,0.4479853,0.066022865,0.24914807,0.022403734,0.0015058847,0.00039831232,0.15645346,3.189327e-05,0.0019904717,0.00022068252,0.010668483,0.023859022,0.14150853,0.16734952,0.02359999,0.13593866,0.0058450312,
Astrocyte,Absinta2021_MS_human_snRNA,0.00021872345,0.08090291,0.19801193,0.0836873,0.033846587,0.1536327,0.12941432,0.44851843,0.09357751,0.10135623,0.10386894,0.02745511,0.021620687,0.0024029342,0.25706345,0.0,0.0,0.00026195953,0.14512788,0.0194139,0.11971744,0.1789955,0.053609233,0.26765588,0.2959222,
Microglia,Absinta2021_MS_human_snRNA,0.00021760052,0.09880012,0.007945362,0.049616165,0.0068468894,0.0997613,0.08902224,0.16068031,0.15288445,0.03957771,0.02962422,0.19556671,0.010294162,0.001642778,0.12675501,0.0010107999,0.0,0.00054354046,0.053742547,0.025022922,0.16578028,0.19901429,0.030858716,0.16569622,0.008128137,
Neuron,Absinta2021_MS_human_snRNA,0.0,0.02913773,0.38683772,0.2244031,0.0049327,0.29345176,0.13124812,0.032009397,0.11725326,0.037904985,0.5632041,0.0046895267,0.019731646,0.01305593,0.17565157,0.0,0.0,0.0,0.014444934,0.005679299,0.18024014,0.09709128,0.005336727,0.042147417,0.2139792,
OPC,Absinta2021_MS_human_snRNA,0.0,0.054204248,0.026035827,0.18598531,0.0025000488,0.25760362,0.12476571,0.17344157,0.13090828,0.08137689,0.31841174,0.02475542,0.0033580994,0.000952008,0.13170208,0.0,0.0,0.0,0.084568895,0.013741812,0.18649226,0.17681429,0.023901954,0.1776955,0.2759308,
Vascular/Fibroblast,Absinta2021_MS_human_snRNA,0.0,0.058573667,0.030199282,0.020435918,0.024894223,0.19162194,0.15027949,0.09015769,0.1190364,0.44155097,0.19571587,0.039373234,0.111368865,0.0,1.059703,0.0,0.0,0.00089825277,0.29485038,0.026545724,0.11878037,0.21987621,0.03484592,0.1894172,0.07126136,
Immune (lymphoid/myeloid),Absinta2021_MS_human_snRNA,0.0,0.050486792,0.0,0.09110328,0.016686393,0.4465536,0.06914428,0.21013139,0.08097513,0.041400585,0.5724488,0.080760285,0.038731698,0.0,0.16963802,0.0,0.0,0.0,0.13801347,0.02802597,0.16369177,0.19002008,0.02004579,0.15686774,0.044068318,
Neuron,Aging_snRNA_HIP_CP_mouse,0.0008643505,0.17696752,0.5766922,0.131957,0.00078233855,1.0574344,0.47836903,0.03363996,0.26499936,0.038642656,0.74383056,0.0044796644,0.1390542,0.00029341035,0.18036377,3.395136e-05,0.0013553473,0.00013792879,0.0034556007,0.0018086486,0.062517665,0.19943267,0.03627297,0.0055992943,0.44656056,1.9852278e-05
Oligodendrocyte,Aging_snRNA_HIP_CP_mouse,0.0011033396,0.29799834,0.17361231,0.049880814,0.001096683,0.58261436,0.28747174,0.05235587,0.26404178,0.06664432,0.6523935,0.009112657,0.10198052,0.00017021391,0.24573421,0.0,0.0006488664,0.000102028294,0.027716642,0.028535778,0.06651814,0.18430133,0.012655855,0.010078601,0.09264011,0.0
Astrocyte,Aging_snRNA_HIP_CP_mouse,0.053890727,0.17280886,0.46333763,0.23819754,0.03747702,0.94169235,0.44629195,1.0449771,0.5220381,0.052827336,0.16209742,0.003660897,0.10443217,0.00033393316,0.2762579,0.0,0.00048515762,6.902014e-05,0.28557676,0.04582875,0.15297624,0.33309224,0.09001549,0.42463326,0.85955995,6.528563e-05
OPC,Aging_snRNA_HIP_CP_mouse,0.004901965,0.12829454,0.3213908,0.072278954,0.0030667614,0.48651966,0.24763575,0.24326244,0.12781577,0.03322457,0.33278504,0.005367185,0.0899491,0.0011068403,0.35145485,0.0,0.001205428,0.0003988254,0.059174385,0.013950091,0.07387693,0.16778082,0.015970686,0.0647153,0.2034605,0.0
Microglia,Aging_snRNA_HIP_CP_mouse,0.0023420819,0.22410588,0.14443226,0.027982937,0.0025994694,0.9785438,0.267201,0.6312399,0.077164374,0.026757808,0.6333776,0.024816519,0.8407395,0.0,0.25160927,0.005573905,0.00046529347,0.0,0.0714268,0.03163391,0.14140044,0.2324334,0.033418417,0.009737012,0.094897285,0.0
Vascular/Fibroblast,Aging_snRNA_HIP_CP_mouse,0.25602442,0.16022494,0.31212088,0.035149097,0.043391578,0.52732384,0.36824054,0.061462596,0.13576712,0.019652052,0.08588761,0.008770066,0.17720039,0.0,0.3075176,0.0,0.0,0.005061653,0.14685392,0.055801276,0.19880202,0.21317068,0.087963246,0.29085332,0.098123826,0.0
Endothelial,Aging_snRNA_HIP_CP_mouse,0.22874835,0.1340282,0.10512023,0.03298916,0.0027847365,0.35441992,0.2734015,0.031717304,0.13630995,0.27565378,0.24425694,0.0042815725,0.088014714,0.0,2.2412455,0.0,0.0,0.0,0.332083,0.061860207,0.13046855,0.2828327,0.08997613,0.08486488,0.12611623,0.0
Immune (lymphoid/myeloid),Aging_snRNA_HIP_CP_mouse,0.0,0.14637858,0.8328308,0.22394608,0.0019983011,1.0363015,0.67215735,0.1029593,0.42254505,0.063205734,0.540399,0.0068804496,0.0747295,0.0,0.2120917,0.0,0.0,0.0015225916,0.005635767,0.0039017708,0.12946528,0.22872224,0.03367736,0.1498782,0.588864,0.0
Ependymal,Aging_snRNA_HIP_CP_mouse,0.06884763,0.16018835,0.45734954,0.31996706,0.059051175,1.1494608,0.59505373,0.62301207,0.42788485,0.043404035,0.11226397,0.0024127322,0.5519886,0.0065318504,0.68231124,0.0,0.0,0.0,0.38504922,0.084002785,0.2585536,0.5004912,0.32781076,0.31265357,1.0907824,0.0
WT_3M,Chen2020_ST_AppNLGF_mouse,0.047672056,0.33194637,0.08339077,0.31568167,0.028130056,1.1341083,0.42489156,0.14090012,0.28351158,0.22390907,0.18980166,0.020835511,0.06308754,0.0038121263,1.635163,0.0015196453,0.00051548873,0.006739388,0.16346179,0.046111368,0.1313718,0.384374,0.17044693,0.0064696693,0.2679691,0.00048638013
AD_3M,Chen2020_ST_AppNLGF_mouse,0.04223942,0.19298692,0.10931912,0.28227475,0.02164756,1.1368269,0.48280028,0.12347643,0.2690645,0.202171,0.18226339,0.016756747,0.05341619,0.0023869264,1.3996629,0.0009922526,0.00031711036,0.005852319,0.13812211,0.0441836,0.16734874,0.28685632,0.14098437,0.005812202,0.29741472,0.00031888043
WT_18M,Chen2020_ST_AppNLGF_mouse,0.04244226,0.18443337,0.08730282,0.21242617,0.018514868,1.0045894,0.43658522,0.10721051,0.20648797,0.14450918,0.1440996,0.016924692,0.047395498,0.0034877122,1.3749255,0.0012122965,0.00044875126,0.0060585327,0.12076617,0.040977217,0.16544059,0.26982686,0.12352462,0.0068363994,0.24021447,0.00030279334
AD_18M,Chen2020_ST_AppNLGF_mouse,0.03268183,0.20385051,0.08164964,0.26033446,0.025160482,1.0068843,0.41587946,0.12456795,0.22979945,0.18619555,0.1405407,0.032792166,0.046934966,0.0039276583,1.4611602,0.007874292,0.00010234635,0.006031338,0.11937423,0.050682496,0.150607,0.3259443,0.12524226,0.006362969,0.23982416,0.00026894716
WT_6M,Chen2020_ST_AppNLGF_mouse,0.036406443,0.11555882,0.06336255,0.20139916,0.021236554,0.82923216,0.28310636,0.08684085,0.19514585,0.102488786,0.09456703,0.013628538,0.035965133,0.0023238852,1.1222214,0.0021191514,0.0,0.007122265,0.10582014,0.023763206,0.11391312,0.1930177,0.10883987,0.0106733525,0.22208126,0.00057943625
AD_6M,Chen2020_ST_AppNLGF_mouse,0.021661902,0.1150842,0.06518785,0.16740477,0.026256166,0.7549394,0.31286943,0.09050571,0.1517823,0.0978478,0.104188964,0.018444989,0.033197667,0.004046237,0.9806754,0.0013997718,0.0,0.005433861,0.101602234,0.02559351,0.118967436,0.20451567,0.10035117,0.007456166,0.24126999,0.0008643206
WT_12M,Chen2020_ST_AppNLGF_mouse,0.041429266,0.15905899,0.09076649,0.23473878,0.023988118,0.99144363,0.3825519,0.09528649,0.21200386,0.14634134,0.14757021,0.010345377,0.056136217,0.006311262,1.3383749,0.0018650936,0.0037062587,0.009436829,0.14702061,0.04366696,0.1858989,0.3948206,0.176901,0.0082518095,0.2500219,0.00047523764
AD_12M,Chen2020_ST_AppNLGF_mouse,0.042483088,0.18937548,0.06480287,0.28982764,0.03562408,0.9937742,0.37386408,0.13517754,0.23022906,0.1823836,0.14839214,0.028205918,0.046949845,0.0078949,1.685041,0.0048525855,0.001333371,0.007992028,0.16126303,0.048603207,0.15785493,0.3942385,0.18332566,0.0023035943,0.18201834,0.0
Oligodendrocyte,Jakel2019_MS_human_snRNA,,0.06836934,0.017236115,0.033406034,0.04331435,0.08588487,0.11102808,0.11433094,0.23119791,0.08457775,0.18398772,0.0117735155,0.0016540107,0.00024212599,0.44610283,,,,0.0031720025,0.0208963,0.10319362,0.19846274,0.036931466,0.08283726,0.005756791,
Neuron,Jakel2019_MS_human_snRNA,,0.039754555,0.3026556,0.2126155,0.005977168,0.3625196,0.23810692,0.027464077,0.09237425,0.060824234,0.44098395,0.007772898,0.047881354,0.025448523,0.99375445,,,,0.010408496,0.008357252,0.1850021,0.15228178,0.008326176,0.01937478,0.21109247,
Astrocyte,Jakel2019_MS_human_snRNA,,0.07193284,0.09965846,0.07815641,0.06782959,0.088180035,0.119891465,0.5941196,0.11487137,0.09429286,0.054006174,0.028127756,0.017145367,0.0011305817,0.81399465,,,,0.025780912,0.02913165,0.12769364,0.24608864,0.05886555,0.17086603,0.20942964,
Endothelial,Jakel2019_MS_human_snRNA,,0.041676495,0.009086314,0.008463676,0.024183625,0.0515576,0.17335032,0.037975837,0.060501978,0.5916846,0.018964464,0.060702305,0.13179615,0.0,2.2789156,,,,0.022936905,0.008813104,0.06932563,0.17677984,0.06762965,0.05511551,0.004296884,
Immune (lymphoid/myeloid),Jakel2019_MS_human_snRNA,,0.013206621,0.0,0.0077459575,0.0037952128,0.06329137,0.04395262,0.033595096,0.0130852675,0.04273576,0.13827652,0.06674557,0.02856402,0.0,0.31907594,,,,0.035402946,0.028214516,0.027516378,0.24782442,0.07106367,0.052509386,0.0012509366,
Vascular/Fibroblast,Jakel2019_MS_human_snRNA,,0.0590071,0.06064199,0.014993186,0.041450754,0.13014354,0.17672434,0.0712221,0.073229134,0.40238035,0.096781336,0.044499896,0.14332213,0.0021577908,2.2580492,,,,0.106262796,0.021469833,0.08457813,0.245691,0.04787636,0.13123548,0.042528313,
Other,Jakel2019_MS_human_snRNA,,0.07213667,0.054899093,0.08840509,0.05271081,0.16358447,0.18318759,0.21004729,0.2273243,0.141278,0.24912132,0.07279768,0.0,0.0,0.5530323,,,,0.004912896,0.022291511,0.14307636,0.32044402,0.047791023,0.12929073,0.11552006,
Microglia,Jakel2019_MS_human_snRNA,,0.054336768,0.005187639,0.012259818,0.0077195377,0.05543779,0.12963656,0.1813241,0.07990862,0.049119286,0.01713674,0.1591076,0.03382548,0.0,0.24745744,,,,0.0064150966,0.022260675,0.09424922,0.21014878,0.030161608,0.084548846,0.0,
OPC,Jakel2019_MS_human_snRNA,,0.08136687,0.011330648,0.1146748,0.005754387,0.15472615,0.09063382,0.16236214,0.0540069,0.09098622,0.2212825,0.021596538,0.012549712,0.0,0.20923041,,,,0.017503863,0.0,0.11957274,0.18751656,0.03203509,0.120122306,0.1685993,
Oligodendrocyte,Kaya2022_aged_WM_vs_GM_scRNA,0.00069200824,0.4757649,0.0150463,0.052625556,0.0004125685,0.5322523,0.52156216,0.0065796077,0.21323153,0.51650745,0.2136374,0.033834297,0.041011993,,1.0220234,0.0006115926,,0.0,0.034873284,0.0766295,0.32460952,0.7726329,0.035075117,0.004637568,0.0016934472,
Immune (lymphoid/myeloid),Kaya2022_aged_WM_vs_GM_scRNA,0.0,0.21939382,0.0022784164,0.008846284,0.001032854,0.7563169,0.25141615,0.10180147,0.039711677,0.07104368,0.1373431,0.21878855,0.37952816,,1.3409786,0.18847038,,0.0066297264,0.06544346,0.045232087,0.29736885,0.43743938,0.13134523,0.0,0.0016418407,
Microglia,Kaya2022_aged_WM_vs_GM_scRNA,0.0011532727,0.2765426,0.0016129118,0.0050572744,0.0010911217,0.8853865,0.31597257,0.24828058,0.034925178,0.072391845,0.2257638,0.1645914,0.7931811,,1.474047,0.08324592,,0.0,0.074382626,0.059020318,0.40450904,0.51807344,0.11015344,0.0021205898,0.006076511,
Astrocyte,Kaya2022_aged_WM_vs_GM_scRNA,0.040196557,0.16680653,0.029090943,0.2751238,0.03283804,0.61834365,0.43321016,0.29672015,0.5719267,0.22090061,0.018894304,0.004017377,0.016738087,,1.3219129,0.0005864081,,0.0,0.24611014,0.08260746,0.42415243,0.5847479,0.44105202,0.05305359,0.38173607,
Neuron,Kaya2022_aged_WM_vs_GM_scRNA,0.0034779387,0.13081609,0.03273394,0.07649777,0.0,0.45080116,0.5769279,0.016396781,0.08187918,0.04762392,0.035147037,0.010738062,0.035160363,,0.9296453,0.0029435928,,0.0,0.013389078,0.032268338,0.24244164,0.38569948,0.04612847,0.0034390108,0.016885666,
Endothelial,Kaya2022_aged_WM_vs_GM_scRNA,0.09524561,0.18315826,0.0,0.009208228,0.037156675,0.32076526,0.29371035,0.0188056,0.07399685,0.70197904,0.010052385,0.0076187244,0.060793873,,3.2347054,0.0,,0.0039718607,0.24324077,0.08518153,0.34724015,0.46843606,0.24609694,0.054610495,0.012154366,
Ependymal,Kaya2022_aged_WM_vs_GM_scRNA,0.06936058,0.1630023,0.005366416,0.27311924,0.21338466,0.8959201,0.9369677,0.06572819,0.10082344,0.08598184,0.022532983,0.005103479,0.2562464,,2.8298361,0.0,,0.0,0.24796996,0.2611783,0.9289752,0.9070101,1.3682274,0.023705741,0.15522064,
OPC,Kaya2022_aged_WM_vs_GM_scRNA,0.0,0.45687568,0.14265984,0.24903579,0.009012651,0.9126286,0.6116442,0.14091076,0.12912235,0.15988567,0.09325384,0.018146541,0.0058858674,,1.9340703,0.0,,0.0,0.23147665,0.0429843,0.44732395,0.9002462,0.05169674,0.052292507,0.28322273,
Oligodendrocyte,LPC_Cuprizone_CC_snRNA_mouse,0.0021379509,0.19165608,0.08663424,0.038336467,0.00075546384,0.3475584,0.17207085,0.022114504,0.27521566,0.07299342,0.36680514,0.011415421,0.028604148,0.00063460413,0.18278602,0.00082966615,0.0001084125,,0.032910164,0.039828103,0.043990005,0.14489071,0.0058786203,0.0039976607,0.009074441,
Microglia,LPC_Cuprizone_CC_snRNA_mouse,0.0005211424,0.2812943,0.017923934,0.0113205295,0.0015106335,1.0727495,0.16447082,0.56967545,0.06989094,0.035786398,0.386322,0.066987425,0.48617396,0.0,0.31736827,0.023781916,0.0002767559,,0.16133566,0.039135106,0.13657103,0.24762097,0.05961224,0.0006994053,0.007866343,
Neuron,LPC_Cuprizone_CC_snRNA_mouse,0.0003959604,0.103529,0.67410403,0.16372897,0.0020401776,0.83899456,0.37384772,0.1071578,0.21290052,0.049119383,0.4594461,0.005550566,0.10201003,0.0025224085,0.18629888,0.00023595056,0.00018056267,,0.01124167,0.0045397375,0.050621364,0.1462549,0.015543719,0.0067552435,0.33372006,
OPC,LPC_Cuprizone_CC_snRNA_mouse,0.002813375,0.1325801,0.180896,0.108794436,0.00086017646,0.4759915,0.21578549,0.21383186,0.11839822,0.03012064,0.31059808,0.014815225,0.07633607,0.0014396523,0.25146404,0.0019085851,0.0,,0.05121616,0.035300598,0.06319855,0.20756204,0.013794885,0.030658735,0.06562249,
Immune (lymphoid/myeloid),LPC_Cuprizone_CC_snRNA_mouse,0.00059024576,0.14808875,0.02326168,0.0074898493,0.0024909687,0.81862354,0.110517904,0.2449146,0.047734376,0.031712018,0.41078636,0.044118863,0.1798284,0.0,0.19175652,0.006320769,0.0,,0.10812285,0.028416617,0.09540945,0.15708065,0.04840689,0.00061681593,0.009922795,
Astrocyte,LPC_Cuprizone_CC_snRNA_mouse,0.07438041,0.08020996,0.45886505,0.14744316,0.047165576,0.6372487,0.24212104,0.58297074,0.20178764,0.13188583,0.05400667,0.004838206,0.10322814,0.00055626704,0.26829863,0.0030593856,0.0,,0.17838825,0.0380383,0.1072135,0.24166508,0.062326103,0.26704922,0.4272275,
Vascular/Fibroblast,LPC_Cuprizone_CC_snRNA_mouse,0.014927864,0.07727957,0.038910363,0.040232144,0.0050685774,0.35506245,0.12007925,0.06342877,0.048713576,0.06501297,0.06725484,0.035949018,0.062424485,0.0,0.67424166,0.00966637,0.0,,0.059670147,0.024338383,0.090070985,0.13600174,0.047722664,0.008438193,0.05848567,
Ependymal,LPC_Cuprizone_CC_snRNA_mouse,0.0,0.039638005,0.4950388,0.11680559,0.20787841,1.1081558,0.1341388,0.34042397,0.069212005,0.14245538,0.018108418,0.0,0.028843852,0.0070954096,0.16254723,0.0,0.0,,0.09693491,0.027270414,0.18849668,0.11505767,0.051586676,0.03800451,0.6518235,
Neuron,Leng2021_AD_human_snRNA,0.0014886254,0.05855623,0.25404415,0.22494805,0.0044999155,0.26265413,0.23113655,0.039399855,0.09211304,0.069680065,0.36934972,0.022842009,0.033803806,0.0507199,0.58238083,8.8895125e-05,7.1015485e-05,0.0010630832,0.060274575,0.015866883,0.19675612,0.14999582,0.006121223,0.068856984,0.27581713,
Oligodendrocyte,Leng2021_AD_human_snRNA,0.0013056834,0.069394976,0.021435663,0.047215268,0.022511633,0.100614995,0.11640962,0.12663029,0.18909837,0.07493615,0.11590632,0.0148782525,0.0066343555,0.0051255766,0.22072372,0.0,0.00103361,0.0008880024,0.035992928,0.023809833,0.09264571,0.13759823,0.014511297,0.10612445,0.02123672,
Astrocyte,Leng2021_AD_human_snRNA,0.0014694324,0.08357094,0.11520129,0.10602317,0.022175675,0.10122275,0.14978561,0.73928577,0.07225838,0.03849521,0.067711145,0.03675536,0.016200762,0.010060941,0.5933866,0.0001804556,0.0,0.0017731857,0.21816625,0.031276952,0.107164495,0.22067226,0.030572461,0.2379434,0.23992188,
OPC,Leng2021_AD_human_snRNA,0.001927639,0.06280178,0.030434886,0.1341195,0.0041151466,0.16836682,0.14421038,0.16657656,0.059336033,0.053781915,0.19908725,0.020001158,0.0114521785,0.007214129,0.3299466,0.00052396546,0.0,0.001377329,0.105740495,0.01955176,0.12705982,0.15482724,0.014467869,0.15902504,0.18694904,
Microglia,Leng2021_AD_human_snRNA,0.00079064403,0.07230771,0.01971315,0.043684065,0.0049551576,0.07009281,0.14080667,0.13198179,0.09008529,0.06034407,0.052036237,0.16287777,0.010455987,0.010962366,0.18134946,0.0,0.0,0.002448843,0.07623409,0.025398342,0.12885039,0.1580521,0.016669638,0.1366417,0.027506884,
Immune (lymphoid/myeloid),Leng2021_AD_human_snRNA,0.0014419998,0.07575637,0.015122779,0.03768903,0.008171521,0.08993061,0.14334573,0.07283291,0.11165566,0.04472969,0.05114409,0.159491,0.011896699,0.0049070152,0.14233091,0.002717071,0.0014295693,0.003966364,0.068725824,0.04864768,0.100252375,0.15205632,0.014406393,0.08672424,0.016381817,
Endothelial,Leng2021_AD_human_snRNA,0.0,0.079651676,0.05979103,0.027780103,0.019701026,0.08786412,0.22337188,0.08036543,0.06686449,0.5162939,0.09262837,0.07408667,0.06961614,0.0049176374,1.7657524,0.0,0.0,0.007434074,0.25652927,0.030027773,0.10356487,0.19245307,0.03934764,0.13555554,0.03404935,
Chronic Active,LermaMartin2024_MS_human_Visium,,0.0588893,0.02007706,0.03508047,0.15144867,0.12068217,0.17324784,0.12243386,0.08020137,0.17356732,0.025304813,0.08619614,0.006934291,9.7610246e-05,0.8308138,0.00052963424,0.0006319424,0.00057278335,0.08466978,0.033303414,0.12515227,0.3176937,0.1651545,0.064667284,0.018387755,
Control,LermaMartin2024_MS_human_Visium,,0.112325706,0.017581744,0.04657681,0.2731245,0.1134423,0.24941407,0.16562335,0.20459713,0.20913316,0.024712926,0.05096232,0.013638752,0.0,0.898949,0.00012273884,0.001170574,0.0005218636,0.060796686,0.07497916,0.16922311,0.47296512,0.24367009,0.06222977,0.017368993,
Chronic Inactive,LermaMartin2024_MS_human_Visium,,0.08027372,0.022758927,0.038264778,0.1777891,0.1597162,0.18336032,0.14603071,0.10204466,0.13659246,0.033285268,0.056051873,0.007103348,0.00038308365,0.8752765,0.00019276624,0.0,0.0003323748,0.09862067,0.039209355,0.12674274,0.40317518,0.18752787,0.08911172,0.023321074,
Oligodendrocyte,LermaMartin2024_MS_human_snRNA,5.3687934e-05,0.07975214,0.011739253,0.0748478,0.06572243,0.18154949,0.13390565,0.210151,0.47934338,0.0568429,0.29407895,0.016915215,0.00048377816,7.0336064e-05,0.11940643,,0.0013613228,,0.010840035,0.025595848,0.15806475,0.19507708,0.03663867,0.20083745,0.0027685354,
Astrocyte,LermaMartin2024_MS_human_snRNA,0.0,0.10381232,0.33127958,0.08308094,0.11281855,0.28595307,0.175602,0.5568099,0.13049701,0.10033681,0.14586104,0.028506327,0.027390119,0.002462436,0.23809001,,0.0,,0.30868274,0.030201947,0.16113405,0.2732957,0.05735079,0.42807826,0.37684837,
Microglia,LermaMartin2024_MS_human_snRNA,0.0,0.104145706,0.0005060705,0.054787785,0.0038787238,0.14195979,0.11075736,0.19108179,0.188572,0.045280248,0.017316945,0.24822082,0.018479627,0.0,0.084186524,,0.0,,0.09044704,0.03728146,0.19351086,0.2616957,0.056622826,0.24695244,0.0016209523,
Neuron,LermaMartin2024_MS_human_snRNA,0.00016912835,0.03092301,0.4416813,0.2319948,0.0043361364,0.54849356,0.19359694,0.018373072,0.12729244,0.06413043,0.6206675,0.018394666,0.02655856,0.038747586,0.4455562,,0.0,,0.0337256,0.008386045,0.27905276,0.14462672,0.014117635,0.04367772,0.2954354,
OPC,LermaMartin2024_MS_human_snRNA,0.0,0.059858024,0.04446848,0.22493702,0.009136384,0.34282035,0.157735,0.22844742,0.0901739,0.060742214,0.42185184,0.018557936,0.001594103,0.0,0.05948373,,0.0,,0.13168523,0.021429503,0.20023921,0.212617,0.035570405,0.24997708,0.28588513,
Endothelial,LermaMartin2024_MS_human_snRNA,0.0,0.079680555,0.017967125,0.013887369,0.09792263,0.26872167,0.2836863,0.10079199,0.15340702,1.0317453,0.11956779,0.109586105,0.16620916,0.0,1.9355364,,0.0,,0.6326679,0.03871246,0.21991678,0.3566459,0.08335464,0.22322656,0.011888264,
Immune (lymphoid/myeloid),LermaMartin2024_MS_human_snRNA,0.0,0.0693133,0.0,0.013358636,0.034042347,0.37393218,0.15668125,0.37197635,0.22517337,0.038775414,0.5735903,0.11347044,0.046108067,0.0,0.3404824,,0.0,,0.12067628,0.049460176,0.28790414,0.18480355,0.07122065,0.32166493,0.05469804,
Microglia,Park2023_AD_hippocampus_scRNA,0.01061132,0.18447638,0.0009916149,0.015718084,0.004985475,0.42478448,0.19924593,0.11171953,0.018581338,0.04908453,0.05077025,0.13819681,0.43328863,0.0003681802,1.8687614,0.060639147,0.0,0.0,0.031312224,0.05686725,0.26459402,0.1555662,0.119086355,0.0021849636,0.009249613,
Oligodendrocyte,Park2023_AD_hippocampus_scRNA,0.008925297,0.37794897,0.004751446,0.07952163,0.0037771235,0.4531332,0.2969184,0.024280647,0.1484138,0.35918176,0.051245604,0.04240115,0.029944194,0.00015551136,1.4495604,0.0010039668,0.0003840794,0.0,0.028081413,0.069035314,0.22940183,0.34618118,0.05780706,0.0039283936,0.013126321,
Astrocyte,Park2023_AD_hippocampus_scRNA,0.044276364,0.11799439,0.008578893,0.19807653,0.061969627,0.39115262,0.3091103,0.18251547,0.14695184,0.12902474,0.004842727,0.010096554,0.070929505,0.000894688,2.0535555,0.0011311222,0.0,0.00055205304,0.10446305,0.07272641,0.30003336,0.1731989,0.31796446,0.03017372,0.16718821,
Endothelial,Park2023_AD_hippocampus_scRNA,0.5785228,0.21754667,0.0024299512,0.019431308,0.005288407,0.17532302,0.27146345,0.023425482,0.03689602,0.9442525,0.0037068117,0.015365366,0.037318148,0.00064421515,5.1715302,0.0038101282,0.0,0.0021997513,0.21862204,0.11625138,0.38071924,0.26162514,0.39518198,0.020219356,0.014863696,
Neuron,Park2023_AD_hippocampus_scRNA,0.019730022,0.14097202,0.010741431,0.102120474,0.00572466,0.4910364,0.6210644,0.02728123,0.043798827,0.057969704,0.0100912545,0.008675323,0.06914177,0.00056814763,1.5994484,0.0012219184,0.0,0.0,0.022886077,0.023359219,0.1718455,0.15397155,0.084141426,0.0039913203,0.023283506,
OPC,Park2023_AD_hippocampus_scRNA,0.07868789,0.17989236,0.015504364,0.25334218,0.07461247,0.53766906,0.30728662,0.3870494,0.21978155,0.17889155,0.018287119,0.0096810125,0.13134217,0.0,1.6796207,0.009092384,0.0,0.0,0.16762705,0.06568699,0.27081162,0.34467635,0.39649713,0.08543531,0.39351943,
Ependymal,Park2023_AD_hippocampus_scRNA,0.039449673,0.09278375,0.031986892,0.15988512,0.18305333,0.84118396,0.4285602,0.1038308,0.07958998,0.15503833,0.0062916097,0.005859091,0.20381913,0.004660405,2.8344617,0.0014470653,0.0,0.0,0.21846348,0.15602227,0.5064155,0.30664352,0.67841023,0.02324404,0.1884648,
Immune (lymphoid/myeloid),Park2023_AD_hippocampus_scRNA,0.005764981,0.19239949,0.0,0.026761869,0.004227797,0.3151922,0.29434222,0.066835016,0.030984655,0.034616455,0.05055945,0.072886296,0.11334104,0.0,1.5217333,0.0701408,0.0,0.0006323748,0.04518351,0.037116524,0.1987751,0.14979094,0.1305379,0.0022021355,0.0056873644,
Vascular/Fibroblast,Park2023_AD_hippocampus_scRNA,0.1861862,0.17119327,0.023688214,0.0891015,0.030388977,0.46011284,0.4189822,0.052947573,0.060357545,0.12592763,0.025592688,0.021280302,0.0347268,0.0,2.0703871,0.0026643686,0.00018835824,0.0079369,0.0960423,0.07264035,0.49722925,0.21653214,0.3807501,0.03602446,0.027393347,
Astrocyte,Sadick2022_AD_human_astro_oligo_snRNA,0.000826315,0.17366946,0.27278858,0.19359824,0.1455502,0.20312184,0.22385284,1.1051083,0.17512105,0.083813034,0.020156154,0.041349795,0.012311177,0.0017239067,0.7490849,0.0,0.0,0.00050271454,0.45366156,0.05807918,0.26601115,0.4481098,0.13141724,0.55253726,0.4793831,0.0
Oligodendrocyte,Sadick2022_AD_human_astro_oligo_snRNA,0.0004192295,0.12229041,0.036925554,0.10964122,0.064773306,0.16215736,0.16387904,0.3060283,0.54632735,0.10576127,0.24724407,0.013076252,0.003071434,0.00055399834,0.22476417,0.0,0.001574045,0.00027916828,0.03158731,0.027060688,0.19104339,0.2445105,0.041398253,0.26756296,0.032257427,0.0
Neuron,Sadick2022_AD_human_astro_oligo_snRNA,0.0005097173,0.07604655,0.4374594,0.45950365,0.012392169,0.39583683,0.2578257,0.0681389,0.14969501,0.06529076,0.5273285,0.01721515,0.025379086,0.098032266,0.40627575,8.896089e-05,8.662235e-05,0.00033453078,0.051798,0.011936848,0.3615797,0.2211763,0.025246238,0.10653634,0.38246882,3.61674e-05
OPC,Sadick2022_AD_human_astro_oligo_snRNA,0.00034953124,0.14407006,0.25703093,0.19661607,0.07277162,0.29759863,0.23397718,0.6474459,0.14895901,0.10581342,0.21190009,0.026460348,0.029545238,0.0017730824,0.38433698,0.00038499388,0.0,0.00064818526,0.29202023,0.04106368,0.23930235,0.3765524,0.06523022,0.45515758,0.41416302,0.0
Immune (lymphoid/myeloid),Sadick2022_AD_human_astro_oligo_snRNA,0.0006935591,0.14564888,0.017085858,0.07467647,0.025627818,0.1327597,0.14996938,0.3220888,0.18916006,0.06984682,0.056741934,0.3926308,0.055027794,0.001985306,0.2139807,0.00056349096,0.00025501303,0.0049714306,0.2057826,0.04881546,0.25566807,0.3704514,0.096416935,0.27608955,0.032563567,0.0
Vascular/Fibroblast,Sadick2022_AD_human_astro_oligo_snRNA,0.0,0.13041583,0.119808026,0.042223446,0.07538322,0.22679777,0.18591999,0.17014934,0.17780973,0.06113574,0.25194648,0.0268722,0.106427796,0.000726385,1.173493,0.00042204204,0.0,0.0,0.6310672,0.039173882,0.18249579,0.33060053,0.06351053,0.39172423,0.09758681,0.0
Endothelial,Sadick2022_AD_human_astro_oligo_snRNA,0.0,0.05349103,0.0086908145,0.046313617,0.040591206,0.15374854,0.20609836,0.070245676,0.08337373,0.51541746,0.056695763,0.113576874,0.10201928,0.00031050268,1.2181747,0.0,0.0,0.0,0.20994933,0.018460019,0.15887055,0.34125942,0.0821332,0.14652328,0.026868943,0.0034750523
Other,Schirmer2019_MS_human_snRNA,0.0018069115,0.08253844,0.6428832,0.4306237,0.008078917,0.6070151,0.35991055,0.06325,0.18826954,0.10157359,0.870972,0.02618855,0.05536917,0.04947054,0.76904684,,0.00033087746,0.0019659416,0.07785663,0.015827945,0.42705387,0.21047449,0.009339836,0.08968524,0.47245017,
Oligodendrocyte,Schirmer2019_MS_human_snRNA,0.0018240947,0.08009921,0.036898717,0.089342214,0.027036725,0.17743295,0.16599299,0.16279379,0.42095792,0.11875195,0.28160372,0.01282406,0.0075379717,0.0042729806,0.31211758,,0.0020209795,0.0015399387,0.029587612,0.022287933,0.18940766,0.21675953,0.023834487,0.16948918,0.025926156,
Neuron,Schirmer2019_MS_human_snRNA,0.0016404038,0.08403565,0.60006356,0.40584552,0.006234154,0.60348415,0.37640715,0.039279085,0.16923733,0.10617974,0.76256573,0.031069746,0.051137168,0.16248912,0.5325727,,0.0,0.0019417163,0.06856068,0.01855228,0.35367227,0.23666456,0.012757862,0.2087215,0.542511,
Astrocyte,Schirmer2019_MS_human_snRNA,0.0010639565,0.10162001,0.29507336,0.20373575,0.0413162,0.1646964,0.18463229,1.0756288,0.1409596,0.05553061,0.08472405,0.03488983,0.015288235,0.0058059487,0.6629032,,0.0,0.00062732206,0.37537122,0.02963392,0.22671232,0.3217319,0.054338638,0.49405664,0.47415712,
OPC,Schirmer2019_MS_human_snRNA,0.0016368444,0.06954281,0.070170835,0.26356503,0.004262942,0.35741445,0.19038093,0.18825829,0.108882286,0.08413374,0.49984503,0.016698241,0.014782018,0.0036013112,0.32768515,,0.0,0.0014572556,0.13009371,0.02630711,0.26413283,0.24988785,0.017749846,0.26566324,0.3574917,
Microglia,Schirmer2019_MS_human_snRNA,0.0,0.09966633,0.025463643,0.086862415,0.013383003,0.15073274,0.15390095,0.21467823,0.16689207,0.046748925,0.05144111,0.3464362,0.016971642,0.006662393,0.3065086,,0.0,0.0,0.05330348,0.03513066,0.21632516,0.25520828,0.03876065,0.2731672,0.030232871,
Endothelial,Schirmer2019_MS_human_snRNA,0.0,0.093921356,0.07042588,0.045448948,0.0138156265,0.2739296,0.54929584,0.10149372,0.17798732,0.889349,0.18218678,0.31523693,0.24783483,0.0,3.50931,,0.0,0.0,0.44047043,0.049160585,0.23903064,0.40595177,0.07513746,0.19063418,0.04835851,
Immune (lymphoid/myeloid),Schirmer2019_MS_human_snRNA,0.0,0.12608486,0.10610405,0.14532152,0.02019386,0.31962556,0.27802488,0.19387127,0.06907026,0.07694569,0.45199358,0.18682958,0.13226968,0.0,0.81646526,,0.0,0.0,0.14444013,0.01089557,0.19554293,0.2571231,0.059986707,0.24194056,0.101635195,
Vascular/Fibroblast,Schirmer2019_MS_human_snRNA,0.0,0.09778575,0.07374491,0.018745948,0.0155169275,0.3865066,0.15749137,0.12166392,0.073860325,0.084894575,0.44524118,0.037861045,0.21130894,0.0,1.5877043,,0.0,0.0,0.43452817,0.055726144,0.20410758,0.2910256,0.0,0.31240475,0.16278705,
secondary progressive MS,SenescentGlia2025_MS_human_Visium,,0.014049254,0.016037142,0.020582074,0.044207875,0.04924689,0.06580005,0.042849656,0.042243175,0.1420818,0.018091874,0.014890247,0.0015159199,0.0013265681,0.28512487,,,0.001519506,0.07967691,0.013542121,0.04396521,0.081561975,0.063704625,0.06169134,0.012716859,
progressive MS,SenescentGlia2025_MS_human_Visium,,0.0262983,0.0045097945,0.020482829,0.087425716,0.049394332,0.06419224,0.055140894,0.0878822,0.1001881,0.011260161,0.10742193,0.009211042,0.0,0.26322168,,,0.0,0.037729375,0.016523939,0.044549808,0.13688937,0.08334323,0.029591141,0.0020021084,
primary progressive MS,SenescentGlia2025_MS_human_Visium,,0.03578354,0.020418733,0.015250348,0.09281277,0.037294004,0.14300475,0.098280445,0.041696366,0.20880412,0.021432018,0.020945523,0.008451388,0.0,0.29896837,,,0.0012364432,0.083787546,0.03218737,0.115312226,0.15910102,0.14548743,0.1462532,0.044537064,
Neuron,Serpina3n_Cuprizone_snRNA_mouse,0.0008248343,0.1354825,0.72741103,0.13907416,0.00075548893,0.92201376,0.43194517,0.096957855,0.34190702,0.04825749,0.71796393,0.0035085187,0.0980977,0.00050087034,0.19135919,0.0,,3.859814e-05,0.0083661955,0.0024321708,0.06525865,0.2101521,0.0140553955,0.0073246807,0.47821742,4.108968e-05
Oligodendrocyte,Serpina3n_Cuprizone_snRNA_mouse,0.0033455668,0.12923732,0.61529595,0.09075315,0.0025672116,0.7899845,0.28682047,0.14277373,0.30438665,0.064209804,0.6662987,0.0027483304,0.09582722,0.00016602263,0.12680793,8.538603e-05,,0.0,0.031946052,0.006980659,0.057334814,0.18976544,0.014024141,0.032821726,0.3793451,0.0
OPC,Serpina3n_Cuprizone_snRNA_mouse,0.0019680634,0.16366714,0.7981109,0.1259097,0.00059417874,0.93516374,0.39841172,0.16429074,0.37690178,0.05366648,0.5385431,0.003898922,0.10184096,0.000823373,0.17966314,0.0,,0.0,0.032958418,0.011055128,0.067723505,0.24157032,0.009720007,0.028924318,0.44101223,0.00019076988
Astrocyte,Serpina3n_Cuprizone_snRNA_mouse,0.017557329,0.1273388,0.4938178,0.14432277,0.026350344,0.8658976,0.33435777,0.7737369,0.43914598,0.05668085,0.32544732,0.003327615,0.12491933,0.000998175,0.16213594,0.0,,0.0004002149,0.20001103,0.017169153,0.1146148,0.26305798,0.043940865,0.22725937,0.7038324,0.0
Microglia,Serpina3n_Cuprizone_snRNA_mouse,0.0010256832,0.13544965,0.23001844,0.0322328,0.00078941643,0.5952418,0.15373935,0.21548615,0.114898026,0.04446506,0.42569706,0.010217968,0.2547242,0.00041572118,0.22566892,0.0013859078,,0.0,0.035102062,0.009846493,0.07920738,0.12762773,0.014817214,0.016060293,0.21350965,0.0
Ependymal,Serpina3n_Cuprizone_snRNA_mouse,0.0010685382,0.121904485,0.20609416,0.08401676,0.0027769678,0.74620813,0.33921042,0.062493175,0.25597924,0.03682142,0.91225374,0.0014303315,0.1040643,0.0,0.21455711,0.0003745906,,0.0,0.047476746,0.0076105576,0.06901814,0.21154669,0.045205045,0.029248007,0.3958732,0.0
Vascular/Fibroblast,Serpina3n_Cuprizone_snRNA_mouse,0.11571753,0.12736359,0.3196978,0.03971747,0.040452786,0.6209243,0.2672986,0.04611933,0.13462548,0.06268214,0.2424204,0.0053512985,0.26332474,0.0,0.21785183,0.0,,0.0015979905,0.099194564,0.03202966,0.18095218,0.2163824,0.044188414,0.15545765,0.23519659,0.0
Endothelial,Serpina3n_Cuprizone_snRNA_mouse,0.082947865,0.05589952,0.26016188,0.020326585,0.0,0.37071243,0.21550491,0.030475752,0.1539102,0.14350381,0.250366,0.0023889018,0.042051084,0.0,0.9761659,0.0,,0.0,0.144907,0.03129909,0.0746858,0.21347514,0.018843235,0.02189789,0.17396668,0.0
Immune (lymphoid/myeloid),Serpina3n_Cuprizone_snRNA_mouse,0.0,0.16639341,0.80855024,0.10960249,0.0,0.9675712,0.5190697,0.04913885,0.32377732,0.07847317,0.6364432,0.0023222528,0.048370037,0.0,0.2354201,0.0,,0.0,0.0018405174,0.0,0.16088247,0.1447053,0.012067022,0.017524226,0.5027184,0.0
Oligodendrocyte,Ximerakis2019_aging_brain_scRNA,0.0037536002,0.52091426,0.005609497,0.08371305,0.0024001235,0.4258429,0.3999286,0.013435051,0.15564601,0.3156476,0.045512524,0.032671135,0.02374925,0.0001260287,1.2049543,0.0,,,0.02156751,0.086744055,0.25406423,0.38782674,0.043962903,0.0029740569,0.011225994,
Astrocyte,Ximerakis2019_aging_brain_scRNA,0.07411527,0.20996897,0.01855914,0.4608316,0.11302524,0.5882967,0.4439305,0.4633251,0.48975012,0.22857554,0.00086350297,0.0016519909,0.054459747,0.003118495,1.6440307,0.0,,,0.273205,0.14429232,0.43528646,0.45369238,0.58865553,0.033327766,0.5087298,
Other,Ximerakis2019_aging_brain_scRNA,0.020398732,0.17550765,0.13583682,0.18024397,0.010835122,0.8060655,0.3485967,0.023512444,0.114005096,0.04056451,0.03503875,0.013258228,0.05402663,0.006255756,1.5623122,0.00034639682,,,0.012592858,0.010122605,0.14135663,0.17625894,0.06367789,0.0,0.47604543,
Microglia,Ximerakis2019_aging_brain_scRNA,0.0050452654,0.28592265,0.0006918092,0.013661023,0.003507314,0.8263622,0.3037525,0.14258331,0.015072189,0.03645151,0.06771263,0.1823425,0.5871688,0.0,1.7624521,0.14148189,,,0.035402782,0.08726054,0.3297723,0.29110047,0.14404467,0.0004866719,0.009453116,
Endothelial,Ximerakis2019_aging_brain_scRNA,0.4461925,0.19954696,0.0012484103,0.030941855,0.007560423,0.16557346,0.2734567,0.029270696,0.061025962,0.8165399,0.0,0.025747504,0.0097603435,0.0,3.0964556,0.00081174314,,,0.28136462,0.11952573,0.3689613,0.28127146,0.38743442,0.012341286,0.035546508,
OPC,Ximerakis2019_aging_brain_scRNA,0.006584236,0.3398789,0.072798386,0.26243868,0.0042589484,0.5319802,0.4243563,0.1587007,0.09377308,0.09635074,0.039391678,0.013156459,0.020270571,0.005022581,1.9209259,0.0,,,0.084973626,0.08571279,0.30746615,0.39154133,0.044312853,0.018627731,0.16273619,
Vascular/Fibroblast,Ximerakis2019_aging_brain_scRNA,0.29658616,0.21326134,0.016114844,0.08232769,0.1858282,0.6171736,0.45453477,0.063548736,0.12375146,0.6450981,0.0068243826,0.025582075,0.033323705,0.0020453678,2.3373435,0.0012205691,,,0.25446066,0.107153594,0.52078795,0.3599501,0.48165098,0.01742612,0.10477349,
Neuron,Ximerakis2019_aging_brain_scRNA,0.9777774,0.25704458,0.12524065,0.11193964,0.008175564,0.5794576,0.47667855,0.1290018,0.2620439,0.42260653,0.070962,0.00849496,0.03725851,0.0,2.0207376,0.0,,,0.13735922,0.08481198,0.4046846,0.5615042,0.74928844,0.033264898,0.18084107,
Immune (lymphoid/myeloid),Ximerakis2019_aging_brain_scRNA,0.0052877706,0.34800455,0.009826314,0.03877895,0.0031517788,0.4719825,0.41650155,0.061222468,0.0438319,0.013781354,0.046687763,0.060584854,0.122699596,0.0,1.2299513,0.09474203,,,0.06097789,0.07581001,0.24012563,0.2192017,0.13998838,0.002505818,0.024215879,
Ependymal,Ximerakis2019_aging_brain_scRNA,0.060280725,0.106831275,0.080351114,0.39462775,0.5685674,1.074169,0.6587285,0.19181423,0.10730931,0.6038284,0.0061916253,0.011298964,0.10984863,0.048249736,1.4641485,0.0,,,0.28298664,0.14601819,0.7489392,0.38737857,0.61642665,0.020473454,0.37073743,
Neuron,Zhou2020_5XFAD_snRNA,0.00041300256,0.10371465,0.2210633,0.21438919,0.0010197065,0.5565406,0.4029297,0.03440256,0.22742304,0.062175352,0.2726458,0.014219968,0.065819584,0.00054631854,1.1723161,0.00023611568,0.00047347887,0.00014898101,0.0028695038,0.0016886935,0.06253286,0.234879,0.015099404,0.0014000167,0.14910282,0.00026387197
Oligodendrocyte,Zhou2020_5XFAD_snRNA,0.0007642437,0.18020222,0.05491303,0.07010221,0.00078669813,0.3303273,0.22694518,0.022414653,0.21414985,0.15243605,0.19993468,0.01792829,0.03838963,0.00029799723,0.73068064,0.0010879707,0.0004752696,0.00025762222,0.018610163,0.017089633,0.06645579,0.2017377,0.0076578357,0.0028112421,0.04201239,0.00015522938
Astrocyte,Zhou2020_5XFAD_snRNA,0.021422688,0.093564905,0.08476172,0.26675376,0.01350225,0.5345726,0.3183524,0.39149737,0.49218154,0.11413592,0.06577328,0.0056152935,0.034788504,0.0010972832,1.0603402,0.00033930846,0.0,0.00021191398,0.17451978,0.028681198,0.118788384,0.2953559,0.08125669,0.18933104,0.43514907,0.0
Microglia,Zhou2020_5XFAD_snRNA,0.00043060616,0.122957386,0.044534016,0.04146215,0.00040571077,0.72966987,0.21111044,0.28843203,0.066645175,0.030314008,0.22348613,0.071824975,0.49127334,0.00038863462,0.65768975,0.029201772,0.0,0.0,0.02947175,0.02330017,0.13601676,0.2286692,0.022805354,0.0027681163,0.030923072,0.0
OPC,Zhou2020_5XFAD_snRNA,0.0,0.14752635,0.1641704,0.16493088,0.0,0.3939658,0.297527,0.26393643,0.1388055,0.08261431,0.15028763,0.012689441,0.032446533,0.00533141,1.4318148,0.0,0.0,0.0,0.063733615,0.013289587,0.0821107,0.2965751,0.009207891,0.040041782,0.120869175,0.0
Vascular/Fibroblast,Zhou2020_5XFAD_snRNA,0.071002945,0.06306156,0.05515005,0.08373461,0.06777176,0.39245236,0.2337031,0.01821942,0.0881757,0.25450832,0.06706449,0.009618843,0.111922815,0.00042703323,1.8726296,0.0009713108,0.00045718616,0.003755666,0.07966657,0.03201776,0.15839976,0.22382292,0.09733319,0.05632642,0.09186714,0.0
