cell_type,dataset,n_cells,Hmgcs2,Hmgcl,Hmgcll1,Bdh1,Bdh2,Oxct1,Acat1,Acss1,Acss2,Slc16a1,Slc16a7,Slc16a3,Slc16a6,Slc5a8,Bsg,Hcar2,Ffar3,Ffar2,Cpt1a,Cpt2,Acadm,Hadha,Acaa2,Ppara,Ppargc1a,Fgf21
Astrocyte,Absinta2021_MS_human_snRNA,8211,0.00012178784557301182,0.052977712824260136,0.12117890634514676,0.057240287419315555,0.02411399342345634,0.0979174278407015,0.0854950675922543,0.26269638290098646,0.061746437705516986,0.06625258799171843,0.06479113384484228,0.01948605529168189,0.013883814395323347,0.0014614541468761417,0.15734989648033126,0.0,0.0,0.00012178784557301182,0.09462915601023018,0.012909511630739253,0.0805017659237608,0.11825599805139447,0.03373523322372427,0.16758007550846427,0.1731823164048228,
Immune (lymphoid/myeloid),Absinta2021_MS_human_snRNA,406,0.0,0.024630541871921183,0.0,0.04926108374384237,0.009852216748768473,0.21921182266009853,0.03694581280788178,0.11822660098522167,0.05172413793103448,0.024630541871921183,0.26108374384236455,0.04433497536945813,0.024630541871921183,0.0,0.09113300492610837,0.0,0.0,0.0,0.07389162561576355,0.014778325123152709,0.09852216748768473,0.10591133004926108,0.009852216748768473,0.08374384236453201,0.027093596059113302,
Microglia,Absinta2021_MS_human_snRNA,5432,0.0001840942562592047,0.06001472754050074,0.004970544918998527,0.029823269513991165,0.004602356406480118,0.060382916053019146,0.05375552282768778,0.09591310751104566,0.09296759941089838,0.024300441826215022,0.020618556701030927,0.11671575846833579,0.0066273932253313695,0.0011045655375552283,0.08026509572901326,0.0005522827687776141,0.0,0.0003681885125184094,0.03240058910162003,0.01675257731958763,0.09996318114874816,0.11984536082474227,0.018225331369661268,0.09720176730486009,0.005522827687776142,
Neuron,Absinta2021_MS_human_snRNA,2803,0.0,0.019978594363182306,0.25508383874420265,0.16125579735997145,0.0035676061362825543,0.2033535497681056,0.09668212629325723,0.023902961113093115,0.08383874420264002,0.027113806635747414,0.361755262219051,0.003210845522654299,0.013556903317873707,0.009632536567962896,0.12058508740635034,0.0,0.0,0.0,0.011773100249732429,0.004281127363539065,0.1337852301105958,0.07277916518016411,0.004281127363539065,0.028540849090260435,0.15233678201926507,
OPC,Absinta2021_MS_human_snRNA,2175,0.0,0.041379310344827586,0.01839080459770115,0.13057471264367815,0.0018390804597701149,0.1825287356321839,0.08919540229885058,0.12597701149425286,0.09425287356321839,0.060689655172413794,0.22298850574712645,0.019310344827586208,0.002758620689655172,0.0009195402298850574,0.09609195402298851,0.0,0.0,0.0,0.06344827586206897,0.010114942528735632,0.1406896551724138,0.13011494252873562,0.01793103448275862,0.12735632183908047,0.19310344827586207,
Oligodendrocyte,Absinta2021_MS_human_snRNA,45697,0.0003282491191981968,0.05026588178655054,0.006389916187058232,0.05249797579709828,0.018316300851259383,0.10079436286845964,0.0802240847320393,0.11536862376085957,0.27544477755651353,0.045057662428605816,0.15600586471759634,0.016675055255268398,0.001094163730660656,0.0003063658445849837,0.10282950740748846,2.188327461321312e-05,0.0014005295752456397,0.00015318292229249186,0.00763726284001138,0.017265903669825153,0.0970523229096002,0.1137273781648686,0.016346806136070202,0.0914064380593912,0.0038952228811519355,
Vascular/Fibroblast,Absinta2021_MS_human_snRNA,1708,0.0,0.03864168618266979,0.016978922716627636,0.013466042154566744,0.016978922716627636,0.11124121779859485,0.09074941451990633,0.05620608899297424,0.0743559718969555,0.20784543325526933,0.10655737704918032,0.027517564402810304,0.06791569086651054,0.0,0.44028103044496486,0.0,0.0,0.000585480093676815,0.17388758782201405,0.016978922716627636,0.07611241217798595,0.12646370023419204,0.02224824355971897,0.1094847775175644,0.039227166276346606,
Astrocyte,Aging_snRNA_HIP_CP_mouse,12690,0.04846335697399527,0.1756501182033097,0.3676910953506698,0.22758077226162332,0.0371946414499606,0.6610717100078802,0.39314420803782507,0.7002364066193854,0.41678486997635933,0.05689519306540583,0.16280535855003941,0.004570527974783294,0.10795902285263988,0.00047281323877068556,0.25374310480693457,0.0,0.00047281323877068556,7.880220646178094e-05,0.2573680063041765,0.04554767533490938,0.150354609929078,0.31260835303388496,0.08944050433412136,0.34688731284475965,0.622301024428684,7.880220646178094e-05
Endothelial,Aging_snRNA_HIP_CP_mouse,1012,0.18280632411067194,0.14130434782608695,0.11363636363636363,0.045454545454545456,0.003952569169960474,0.3073122529644269,0.2618577075098814,0.030632411067193676,0.1551383399209486,0.21442687747035574,0.22628458498023715,0.00691699604743083,0.08992094861660078,0.0,0.8122529644268774,0.0,0.0,0.0,0.26679841897233203,0.06126482213438735,0.1274703557312253,0.25,0.09288537549407115,0.07509881422924901,0.13636363636363635,0.0
Ependymal,Aging_snRNA_HIP_CP_mouse,210,0.09523809523809523,0.20476190476190476,0.45714285714285713,0.3619047619047619,0.06666666666666667,0.8,0.580952380952381,0.5619047619047619,0.44761904761904764,0.05714285714285714,0.1523809523809524,0.004761904761904762,0.5571428571428572,0.009523809523809525,0.6047619047619047,0.0,0.0,0.0,0.41904761904761906,0.11904761904761904,0.3238095238095238,0.5190476190476191,0.3523809523809524,0.3380952380952381,0.7857142857142857,0.0
Immune (lymphoid/myeloid),Aging_snRNA_HIP_CP_mouse,350,0.0,0.23714285714285716,0.8057142857142857,0.3628571428571429,0.002857142857142857,0.9028571428571428,0.7628571428571429,0.16857142857142857,0.56,0.12285714285714286,0.6314285714285715,0.014285714285714285,0.1457142857142857,0.0,0.35428571428571426,0.0,0.0,0.002857142857142857,0.011428571428571429,0.005714285714285714,0.23714285714285716,0.3628571428571429,0.06285714285714286,0.21428571428571427,0.6914285714285714,0.0
Microglia,Aging_snRNA_HIP_CP_mouse,3112,0.0016066838046272494,0.1680591259640103,0.11953727506426735,0.031169665809768637,0.0016066838046272494,0.5520565552699229,0.19922879177377892,0.3839974293059126,0.07197943444730077,0.02217223650385604,0.39138817480719795,0.019280205655526992,0.5073907455012854,0.0,0.1796272493573265,0.0038560411311053984,0.0006426735218508997,0.0,0.04948586118251928,0.021208226221079693,0.1050771208226221,0.16838046272493573,0.02859897172236504,0.006105398457583547,0.08868894601542417,0.0
Neuron,Aging_snRNA_HIP_CP_mouse,67036,0.0014469837102452413,0.2744197147801181,0.5805835670386061,0.21473536607196134,0.0014917357837579807,0.8717107225968137,0.5920848499313801,0.053821827077987945,0.37236708634166715,0.0688585237782684,0.7307118563160093,0.008308968315531953,0.2204487141237544,0.0005370248821528731,0.2824154185810609,5.9669431350319234e-05,0.00234202518050003,0.00026851244107643654,0.005952025777194343,0.003177397219404499,0.10813592696461603,0.30890864610060265,0.06281699385404857,0.00939793543767528,0.5134107046959843,2.9834715675159617e-05
OPC,Aging_snRNA_HIP_CP_mouse,4754,0.0039966344131257886,0.11506100126209508,0.23117374842238114,0.06268405553218342,0.002103491796381994,0.31173748422381153,0.18763146823727386,0.20298695835086245,0.09991586032814471,0.02145561632309634,0.23453933529659235,0.004417332772402188,0.06752208666386202,0.0012620950778291964,0.19289019772822885,0.0,0.0006310475389145982,0.00021034917963819942,0.05679427850231384,0.01430374421539756,0.058897770298695834,0.1417753470761464,0.011779554059739168,0.056163230963399244,0.14703407656710138,0.0
Oligodendrocyte,Aging_snRNA_HIP_CP_mouse,19593,0.0008166181799622314,0.22890828357066298,0.14193844740468534,0.050885520338896546,0.0009186954524575103,0.39350788546930027,0.22926555402439647,0.04246414535803603,0.20298065635686213,0.05481549532996478,0.4336242535599449,0.007502679528403001,0.09059357933956004,0.0001531159087429184,0.18838360639003726,0.0,0.0007145409074669524,0.00010207727249527892,0.02092584086153218,0.022354922676466084,0.056754963507375085,0.15173786556423213,0.013882509059357935,0.007655795437145919,0.09084877252079825,0.0
Vascular/Fibroblast,Aging_snRNA_HIP_CP_mouse,1065,0.1568075117370892,0.11924882629107982,0.2084507042253521,0.03192488262910798,0.03192488262910798,0.336150234741784,0.2460093896713615,0.04225352112676056,0.09765258215962441,0.016901408450704224,0.07042253521126761,0.006572769953051643,0.13051643192488263,0.0,0.20469483568075117,0.0,0.0,0.003755868544600939,0.10234741784037558,0.03943661971830986,0.13896713615023473,0.15586854460093896,0.06384976525821597,0.18685446009389672,0.08075117370892018,0.0
AD_12M,Chen2020_ST_AppNLGF_mouse,874,0.08237986270022883,0.3340961098398169,0.13386727688787187,0.47368421052631576,0.07437070938215103,0.8878718535469108,0.5389016018306636,0.2665903890160183,0.40503432494279173,0.34668192219679633,0.2711670480549199,0.04805491990846682,0.10755148741418764,0.018306636155606407,0.982837528604119,0.011441647597254004,0.002288329519450801,0.020594965675057208,0.2906178489702517,0.10983981693363844,0.2757437070938215,0.5778032036613272,0.32151029748283755,0.006864988558352402,0.3180778032036613,0.0
AD_18M,Chen2020_ST_AppNLGF_mouse,3816,0.08176100628930817,0.45125786163522014,0.21619496855345913,0.5511006289308176,0.07337526205450734,0.9454926624737946,0.7028301886792453,0.30948637316561844,0.5002620545073375,0.4386792452830189,0.34643605870020966,0.08149895178197065,0.12971698113207547,0.012054507337526206,0.9821802935010482,0.023060796645702306,0.0005241090146750524,0.019129979035639413,0.2882599580712788,0.1370545073375262,0.36242138364779874,0.6168763102725366,0.2979559748427673,0.019129979035639413,0.5157232704402516,0.0010482180293501049
AD_3M,Chen2020_ST_AppNLGF_mouse,3831,0.14956930305403288,0.5646045418950666,0.36543983294179067,0.7126076742364917,0.08796658835813104,0.9921691464369616,0.8794048551292091,0.40772644218219783,0.6836335160532498,0.5823544766379536,0.5418950665622553,0.060297572435395456,0.20308013573479508,0.011224223440355,0.9939963456016706,0.004176455233620465,0.0018271991647089533,0.02688593056643174,0.44740276690159225,0.1678412947011224,0.514487079091621,0.6909423127120856,0.43670060036543984,0.022970503784912555,0.7126076742364917,0.0013051422605063951
AD_6M,Chen2020_ST_AppNLGF_mouse,958,0.03549060542797495,0.17745302713987474,0.10960334029227557,0.2766179540709812,0.049060542797494784,0.7317327766179541,0.4352818371607516,0.1524008350730689,0.2546972860125261,0.16910229645093947,0.17640918580375783,0.028183716075156576,0.06889352818371608,0.009394572025052192,0.8277661795407099,0.003131524008350731,0.0,0.010438413361169102,0.1722338204592902,0.04697286012526096,0.19728601252609604,0.2974947807933194,0.16701461377870563,0.015657620041753653,0.3569937369519833,0.0020876826722338203
WT_12M,Chen2020_ST_AppNLGF_mouse,935,0.06096256684491978,0.25989304812834224,0.15401069518716579,0.36470588235294116,0.0481283422459893,0.8684491978609625,0.5336898395721925,0.1679144385026738,0.332620320855615,0.24171122994652405,0.25133689839572193,0.020320855614973262,0.10053475935828877,0.012834224598930482,0.9518716577540107,0.0032085561497326204,0.006417112299465241,0.01818181818181818,0.23636363636363636,0.08021390374331551,0.3016042780748663,0.544385026737968,0.2663101604278075,0.016042780748663103,0.3839572192513369,0.0010695187165775401
WT_18M,Chen2020_ST_AppNLGF_mouse,3817,0.0840974587372282,0.35787267487555674,0.18862981399004453,0.4126277181032224,0.04375163741157977,0.9279538904899135,0.664658108462143,0.22504584752423368,0.4011003405816086,0.30337961750065495,0.29761592873984805,0.03379617500654965,0.10662824207492795,0.00995546240503013,0.979041131778884,0.003143830233167409,0.0013099292638197536,0.015981137018600995,0.24548074403982184,0.09012313335079905,0.3371757925072046,0.4655488603615405,0.2441708147760021,0.018600995546240503,0.4474718365208279,0.001047943411055803
WT_3M,Chen2020_ST_AppNLGF_mouse,3832,0.14926931106471816,0.6330897703549061,0.26670146137787054,0.7012004175365344,0.09603340292275574,0.9822546972860126,0.7946242171189979,0.4026617954070981,0.6654488517745303,0.5741127348643006,0.5096555323590815,0.06680584551148225,0.21268267223382045,0.015657620041753653,0.9955636743215032,0.0041753653444676405,0.002870563674321503,0.027139874739039668,0.4595511482254697,0.15970772442588727,0.38752609603340293,0.7656576200417536,0.45694154488517746,0.02348643006263048,0.6349164926931107,0.0015657620041753654
WT_6M,Chen2020_ST_AppNLGF_mouse,958,0.04697286012526096,0.1534446764091858,0.08872651356993737,0.2567849686847599,0.030271398747390398,0.7129436325678496,0.34133611691022964,0.1325678496868476,0.2599164926931106,0.13569937369519833,0.1315240083507307,0.016701461377870562,0.04801670146137787,0.003131524008350731,0.8089770354906054,0.0041753653444676405,0.0,0.011482254697286013,0.13674321503131523,0.03444676409185804,0.15970772442588727,0.24843423799582465,0.13674321503131523,0.015657620041753653,0.2828810020876827,0.0010438413361169101
Astrocyte,Jakel2019_MS_human_snRNA,1242,,0.03784219001610306,0.04911433172302738,0.04106280193236715,0.03864734299516908,0.04830917874396135,0.0644122383252818,0.2713365539452496,0.06038647342995169,0.05152979066022544,0.033011272141706925,0.015297906602254429,0.008051529790660225,0.0008051529790660225,0.35185185185185186,,,,0.012077294685990338,0.015297906602254429,0.07085346215780998,0.1247987117552335,0.027375201288244767,0.07648953301127215,0.0998389694041868,
Endothelial,Jakel2019_MS_human_snRNA,836,,0.019138755980861243,0.0035885167464114833,0.004784688995215311,0.009569377990430622,0.023923444976076555,0.07535885167464115,0.01555023923444976,0.02751196172248804,0.2236842105263158,0.01076555023923445,0.028708133971291867,0.05263157894736842,0.0,0.6770334928229665,,,,0.01076555023923445,0.0035885167464114833,0.03229665071770335,0.08014354066985646,0.03229665071770335,0.02751196172248804,0.0023923444976076554,
Immune (lymphoid/myeloid),Jakel2019_MS_human_snRNA,782,,0.005115089514066497,0.0,0.0038363171355498722,0.0012787723785166241,0.023017902813299233,0.016624040920716114,0.014066496163682864,0.005115089514066497,0.014066496163682864,0.049872122762148335,0.021739130434782608,0.010230179028132993,0.0,0.11381074168797954,,,,0.01278772378516624,0.008951406649616368,0.011508951406649617,0.08312020460358056,0.024296675191815855,0.017902813299232736,0.0012787723785166241,
Microglia,Jakel2019_MS_human_snRNA,428,,0.02102803738317757,0.002336448598130841,0.004672897196261682,0.004672897196261682,0.02102803738317757,0.053738317757009345,0.07009345794392523,0.030373831775700934,0.018691588785046728,0.007009345794392523,0.06074766355140187,0.011682242990654205,0.0,0.10046728971962617,,,,0.004672897196261682,0.009345794392523364,0.035046728971962614,0.0794392523364486,0.014018691588785047,0.035046728971962614,0.0,
Neuron,Jakel2019_MS_human_snRNA,5031,,0.031604054859868815,0.20651957861260187,0.15066587159610415,0.004969191015702644,0.24647187437885112,0.16855495925263367,0.022063208109719738,0.06817730073544027,0.04770423375074538,0.2836414231763069,0.005764261578215067,0.0347843371099185,0.017094017094017096,0.5344861856489763,,,,0.008944543828264758,0.007354402703239913,0.13357185450208706,0.11130987875173921,0.006758099781355596,0.016298946531504672,0.1421188630490956,
OPC,Jakel2019_MS_human_snRNA,352,,0.03977272727272727,0.005681818181818182,0.056818181818181816,0.005681818181818182,0.07386363636363637,0.045454545454545456,0.08238636363636363,0.028409090909090908,0.045454545454545456,0.09659090909090909,0.008522727272727272,0.005681818181818182,0.0,0.10227272727272728,,,,0.008522727272727272,0.0,0.056818181818181816,0.09090909090909091,0.017045454545454544,0.056818181818181816,0.07670454545454546,
Oligodendrocyte,Jakel2019_MS_human_snRNA,7973,,0.03361344537815126,0.00940674777373636,0.016430452778126176,0.022450771353317446,0.04201680672268908,0.05455913708767089,0.05380659726577198,0.10460303524394833,0.04038630377524144,0.08453530665997742,0.006020318575191271,0.0007525398218989088,0.00012542330364981815,0.19478239056816757,,,,0.001881349554747272,0.010033864291985451,0.04904051172707889,0.09331493791546469,0.019315188762071993,0.03913207073874326,0.0031355825912454532,
Other,Jakel2019_MS_human_snRNA,449,,0.0556792873051225,0.042316258351893093,0.066815144766147,0.0378619153674833,0.11804008908685969,0.1358574610244989,0.14253897550111358,0.16926503340757237,0.11358574610244988,0.17371937639198218,0.0467706013363029,0.0,0.0,0.33407572383073497,,,,0.0066815144766146995,0.015590200445434299,0.0957683741648107,0.20935412026726058,0.0400890868596882,0.08685968819599109,0.07126948775055679,
Vascular/Fibroblast,Jakel2019_MS_human_snRNA,697,,0.03156384505021521,0.027259684361549498,0.007173601147776184,0.021520803443328552,0.06743185078909612,0.09469153515064563,0.03873744619799139,0.03873744619799139,0.18507890961262555,0.04878048780487805,0.02295552367288379,0.07317073170731707,0.0014347202295552368,0.7216642754662841,,,,0.05308464849354376,0.011477761836441894,0.04878048780487805,0.13486370157819225,0.03012912482065997,0.06743185078909612,0.020086083213773313,
Astrocyte,Kaya2022_aged_WM_vs_GM_scRNA,1933,0.02793585100879462,0.1381272633212623,0.023279875840662184,0.20693222969477496,0.024831867563372995,0.4009311950336265,0.30367304707708226,0.21210553543714433,0.36833936885669943,0.17330574236937402,0.01965856182100362,0.0036213140196585617,0.01396792550439731,,0.6580444904293844,0.0005173305742369374,,0.0,0.1883083290222452,0.0734609415416451,0.2928091050181066,0.39110191412312467,0.30315571650284534,0.04449042938437662,0.2669425763062597,
Endothelial,Kaya2022_aged_WM_vs_GM_scRNA,181,0.06629834254143646,0.13259668508287292,0.0,0.0055248618784530384,0.027624309392265192,0.20441988950276244,0.22099447513812154,0.011049723756906077,0.049723756906077346,0.3701657458563536,0.016574585635359115,0.0055248618784530384,0.04419889502762431,,0.8176795580110497,0.0,,0.0055248618784530384,0.15469613259668508,0.06077348066298342,0.2430939226519337,0.30386740331491713,0.1712707182320442,0.03314917127071823,0.011049723756906077,
Ependymal,Kaya2022_aged_WM_vs_GM_scRNA,166,0.09036144578313253,0.19879518072289157,0.012048192771084338,0.29518072289156627,0.25903614457831325,0.7168674698795181,0.6746987951807228,0.0783132530120482,0.13253012048192772,0.12048192771084337,0.030120481927710843,0.012048192771084338,0.25903614457831325,,0.9337349397590361,0.0,,0.0,0.28313253012048195,0.3132530120481928,0.6867469879518072,0.6807228915662651,0.8072289156626506,0.03614457831325301,0.18072289156626506,
Immune (lymphoid/myeloid),Kaya2022_aged_WM_vs_GM_scRNA,5877,0.0,0.2300493449038625,0.002552322613578356,0.01037944529521865,0.0010209290454313426,0.5564063297600816,0.25233962906244684,0.10838863365662753,0.04424025863535817,0.08150416879360217,0.147524247064829,0.20895014463161476,0.3345244172196699,,0.7910498553683852,0.17457886676875958,,0.004764335545346265,0.07639952356644547,0.05172707163518802,0.29045431342521694,0.39850263740003405,0.1448017696103454,0.0,0.0017015484090522376,
Microglia,Kaya2022_aged_WM_vs_GM_scRNA,5054,0.0013850415512465374,0.2823506133755441,0.0025722200237435692,0.008705975464978234,0.001187178472497032,0.6745152354570637,0.31618519984170956,0.24040364068064898,0.041353383458646614,0.08468539770478829,0.22318955282944203,0.1743173723783142,0.6195092995647012,,0.8767313019390581,0.08785120696478037,,0.0,0.08428967154728928,0.06885635140482786,0.38345864661654133,0.4659675504550851,0.12208151958844479,0.0031658092599920855,0.007320933913731698,
Neuron,Kaya2022_aged_WM_vs_GM_scRNA,546,0.003663003663003663,0.14102564102564102,0.0347985347985348,0.09523809523809523,0.0,0.3608058608058608,0.45604395604395603,0.027472527472527472,0.09157509157509157,0.06043956043956044,0.038461538461538464,0.01098901098901099,0.047619047619047616,,0.6190476190476191,0.0018315018315018315,,0.0,0.01098901098901099,0.038461538461538464,0.23809523809523808,0.3443223443223443,0.056776556776556776,0.005494505494505495,0.02564102564102564,
OPC,Kaya2022_aged_WM_vs_GM_scRNA,90,0.0,0.4777777777777778,0.17777777777777778,0.28888888888888886,0.011111111111111112,0.8111111111111111,0.6111111111111112,0.18888888888888888,0.14444444444444443,0.2111111111111111,0.1111111111111111,0.022222222222222223,0.011111111111111112,,0.9555555555555556,0.0,,0.0,0.26666666666666666,0.05555555555555555,0.4888888888888889,0.7666666666666667,0.05555555555555555,0.05555555555555555,0.28888888888888886,
Oligodendrocyte,Kaya2022_aged_WM_vs_GM_scRNA,15776,0.0009508113590263692,0.5538793103448276,0.019650101419878295,0.07593813387423935,0.0007606490872210953,0.5711840770791075,0.5803118661257607,0.009191176470588236,0.2761790060851927,0.5720081135902637,0.2719320486815416,0.04766734279918864,0.059394016227180525,,0.8504056795131846,0.0008874239350912779,,0.0,0.05197768762677485,0.11099137931034483,0.40079868154158216,0.7435344827586207,0.0522946247464503,0.006528904665314402,0.0023453346855983772,
Astrocyte,LPC_Cuprizone_CC_snRNA_mouse,835,0.04790419161676647,0.059880239520958084,0.25988023952095807,0.1089820359281437,0.02874251497005988,0.35808383233532937,0.15808383233532936,0.32335329341317365,0.12335329341317365,0.09820359281437126,0.03952095808383234,0.003592814371257485,0.07065868263473053,0.0011976047904191617,0.17485029940119762,0.0023952095808383233,0.0,,0.11736526946107785,0.031137724550898204,0.07305389221556886,0.162874251497006,0.046706586826347304,0.16167664670658682,0.237125748502994,
Ependymal,LPC_Cuprizone_CC_snRNA_mouse,100,0.0,0.04,0.27,0.09,0.16,0.55,0.1,0.21,0.06,0.11,0.02,0.0,0.02,0.01,0.14,0.0,0.0,,0.08,0.03,0.13,0.11,0.05,0.04,0.37,
Immune (lymphoid/myeloid),LPC_Cuprizone_CC_snRNA_mouse,2680,0.00037313432835820896,0.07611940298507462,0.010074626865671642,0.0033582089552238806,0.0014925373134328358,0.3376865671641791,0.05149253731343283,0.10783582089552239,0.023507462686567164,0.013805970149253732,0.18544776119402986,0.02164179104477612,0.08619402985074627,0.0,0.08843283582089552,0.0029850746268656717,0.0,,0.056716417910447764,0.015671641791044775,0.04701492537313433,0.07649253731343283,0.024626865671641792,0.00037313432835820896,0.004477611940298508,
Microglia,LPC_Cuprizone_CC_snRNA_mouse,5820,0.0003436426116838488,0.17577319587628865,0.011168384879725086,0.007216494845360825,0.0010309278350515464,0.5372852233676976,0.10463917525773196,0.3170103092783505,0.0443298969072165,0.022852233676975944,0.22233676975945016,0.04501718213058419,0.2867697594501718,0.0,0.19415807560137457,0.016151202749140895,0.0001718213058419244,,0.10584192439862543,0.026288659793814433,0.08711340206185567,0.15670103092783505,0.039347079037800686,0.0005154639175257732,0.005154639175257732,
Neuron,LPC_Cuprizone_CC_snRNA_mouse,4343,0.000690766751093714,0.113516002763067,0.5035689615473176,0.17061938752014735,0.002302555836979047,0.5878425051807507,0.3423900529587843,0.1033847570803592,0.20884181441399954,0.052498273083122264,0.38728989177987566,0.006447156343541331,0.11696983651853557,0.0025328114206769514,0.1964080128943127,0.00023025558369790466,0.00023025558369790466,,0.011973290352291043,0.005065622841353903,0.05503108450379922,0.15611328574717936,0.019571724614321898,0.007368178678332949,0.2852866682017039,
OPC,LPC_Cuprizone_CC_snRNA_mouse,3130,0.0019169329073482429,0.09744408945686901,0.11246006389776358,0.08210862619808307,0.0009584664536741214,0.29041533546325876,0.14600638977635783,0.1351437699680511,0.08242811501597444,0.020127795527156548,0.19233226837060702,0.011501597444089457,0.05878594249201278,0.0009584664536741214,0.16741214057507986,0.0019169329073482429,0.0,,0.03865814696485623,0.026517571884984027,0.04600638977635783,0.14600638977635783,0.010543130990415336,0.021405750798722045,0.040255591054313096,
Oligodendrocyte,LPC_Cuprizone_CC_snRNA_mouse,12880,0.0012422360248447205,0.10869565217391304,0.04860248447204969,0.02608695652173913,0.0004658385093167702,0.18237577639751554,0.09650621118012423,0.01296583850931677,0.14627329192546584,0.040993788819875775,0.1871894409937888,0.006521739130434782,0.01731366459627329,0.0004658385093167702,0.10364906832298136,0.0004658385093167702,7.763975155279503e-05,,0.019409937888198756,0.022903726708074536,0.02468944099378882,0.08090062111801243,0.0033385093167701864,0.002173913043478261,0.004736024844720497,
Vascular/Fibroblast,LPC_Cuprizone_CC_snRNA_mouse,550,0.00909090909090909,0.03090909090909091,0.016363636363636365,0.016363636363636365,0.0018181818181818182,0.1290909090909091,0.04727272727272727,0.023636363636363636,0.01818181818181818,0.025454545454545455,0.023636363636363636,0.012727272727272728,0.025454545454545455,0.0,0.2381818181818182,0.0036363636363636364,0.0,,0.023636363636363636,0.01090909090909091,0.03272727272727273,0.05272727272727273,0.01818181818181818,0.0036363636363636364,0.02,
Astrocyte,Leng2021_AD_human_snRNA,11901,0.0007562389715149988,0.045794471052852705,0.06285186118813545,0.058146374254264346,0.01226787664902109,0.05873456012099824,0.08259810099991598,0.3366943954289556,0.03949247962356105,0.02277119569784052,0.03932442651877993,0.019074027392656078,0.009579026972523318,0.006217964876901101,0.26527182589698345,8.402655239055541e-05,0.0,0.0008402655239055541,0.11360389883203093,0.017309469792454416,0.06016301151163768,0.11704898748004369,0.016721283925720528,0.12200655407108646,0.12276279304260146,
Endothelial,Leng2021_AD_human_snRNA,929,0.0,0.04520990312163617,0.03229278794402583,0.015069967707212056,0.010764262648008612,0.05059203444564048,0.12271259418729817,0.04736275565123789,0.038751345532831,0.22604951560818085,0.04413347685683531,0.04090419806243272,0.038751345532831,0.0032292787944025836,0.5888051668460711,0.0,0.0,0.004305705059203444,0.14208826695371368,0.017222820236813777,0.060279870828848225,0.10764262648008611,0.02691065662002153,0.07857911733046287,0.017222820236813777,
Immune (lymphoid/myeloid),Leng2021_AD_human_snRNA,2110,0.00047393364928909954,0.03175355450236967,0.008056872037914692,0.016587677725118485,0.0037914691943127963,0.03933649289099526,0.05924170616113744,0.03364928909952607,0.04976303317535545,0.01990521327014218,0.024644549763033177,0.06587677725118483,0.005213270142180095,0.002369668246445498,0.06255924170616113,0.0009478672985781991,0.00047393364928909954,0.0014218009478672985,0.029383886255924172,0.021800947867298578,0.045023696682464455,0.06635071090047394,0.006635071090047393,0.03886255924170616,0.008056872037914692,
Microglia,Leng2021_AD_human_snRNA,4460,0.0004484304932735426,0.03273542600896861,0.011659192825112108,0.021300448430493273,0.002466367713004484,0.03228699551569507,0.06143497757847534,0.056950672645739914,0.04192825112107623,0.027130044843049327,0.02600896860986547,0.0710762331838565,0.00515695067264574,0.0053811659192825115,0.07847533632286996,0.0,0.0,0.0011210762331838565,0.03430493273542601,0.01210762331838565,0.058520179372197306,0.07085201793721974,0.007623318385650224,0.05986547085201794,0.014349775784753363,
Neuron,Leng2021_AD_human_snRNA,40386,0.0016342296835537068,0.05786658743128807,0.20341207349081364,0.18964492645966424,0.0044817511018669836,0.2168573267964146,0.1939781112266627,0.033575991680285244,0.08658941217253503,0.06613678007230228,0.28264745208735703,0.021517357500123804,0.035284504531273214,0.04409944040013866,0.36737978507403557,7.42831674342594e-05,4.95221116228396e-05,0.0011390085673253108,0.06091219729609271,0.017580349626108056,0.17124746199177934,0.13368494032585548,0.005571237557569455,0.06212548903085228,0.20957757638785718,
OPC,Leng2021_AD_human_snRNA,5605,0.0010704727921498661,0.033719892952720786,0.015165031222123104,0.06833184656556646,0.0023193577163247102,0.08688670829616414,0.07457627118644068,0.08456735057983943,0.03247100802854594,0.02872435325602141,0.1008028545941124,0.010704727921498661,0.005709188224799286,0.004281891168599465,0.14986619090098127,0.0003568242640499554,0.0,0.0010704727921498661,0.05584299732381802,0.011418376449598573,0.06636931311329171,0.08117752007136485,0.008206958073148973,0.08224799286351472,0.09455842997323818,
Oligodendrocyte,Leng2021_AD_human_snRNA,26808,0.000596836765144733,0.032005371530886305,0.010258131900925097,0.02137421665174575,0.010519247985675918,0.04595643091614444,0.05181289167412713,0.05666219039092808,0.08407937928976425,0.033385556550283496,0.052521635332736495,0.007124738883915249,0.0031706953148313934,0.002387347060578932,0.09500895255147718,0.0,0.0004849298716800955,0.00041032527603700387,0.016972545508803342,0.01111608475082065,0.04192778275141749,0.06236944195762459,0.0068263205013428824,0.047896150402864816,0.00969859743360191,
Chronic Active,LermaMartin2024_MS_human_Visium,30282,,0.04765207053695265,0.01806353609404927,0.03206525328578033,0.11141932501155802,0.09603064526781586,0.12723730268806552,0.09282742223102833,0.06307377319859983,0.11524998348854104,0.0220262862426524,0.05831847302027607,0.005712964797569513,9.906875371507826e-05,0.44376197080774055,0.00036325209695528695,0.0006274354401954957,0.00039627501486031304,0.061092398124298265,0.028003434383462124,0.09474275146951985,0.21273363714417806,0.11676903771217224,0.0461990621491315,0.017502146489663827,
Chronic Inactive,LermaMartin2024_MS_human_Visium,15588,,0.04907621247113164,0.018988965871182963,0.033166538362843216,0.11284321272773928,0.10809597125994355,0.11957916345907108,0.09359763920964845,0.06331793687451887,0.08602771362586605,0.02283808057480113,0.030664613805491403,0.0050038491147036184,0.00044906338208878626,0.44668976135488836,0.00012830382345393893,0.0,0.00025660764690787786,0.06043110084680523,0.025404157043879907,0.08500128303823454,0.22838080574801128,0.11335642802155504,0.05555555555555555,0.017192712342827817,
Control,LermaMartin2024_MS_human_Visium,24368,,0.08486539724228497,0.014650361129349967,0.0368516086671044,0.1914806303348654,0.08740971766250821,0.17974392646093237,0.1243844386080105,0.14949934340118187,0.14843237032173343,0.01941070256073539,0.037344057780695994,0.011162179908076166,0.0,0.5139937623112278,4.103742613263296e-05,0.000984898227183191,0.00028726198292843073,0.04706992777413001,0.057329284307288245,0.12290709126723572,0.3162344057780696,0.1744500984898227,0.04846520026263953,0.014773473407747865,
Astrocyte,LermaMartin2024_MS_human_snRNA,13985,0.0,0.10804433321415803,0.2647121916338935,0.08566321058276725,0.12127279227744012,0.2514122273864855,0.17497318555595281,0.4150160886664283,0.1301394351090454,0.10389703253485878,0.12298891669646049,0.034894529853414374,0.026599928494815874,0.001144082946013586,0.21801930639971398,,0.0,,0.28430461208437613,0.035681086878798715,0.16946728637826242,0.2615659635323561,0.06671433678941724,0.3533071147658205,0.27972828030032176,
Endothelial,LermaMartin2024_MS_human_snRNA,2230,0.0,0.08878923766816144,0.021524663677130046,0.019282511210762333,0.10986547085201794,0.2600896860986547,0.27757847533632285,0.11031390134529148,0.16457399103139014,0.5708520179372197,0.12017937219730941,0.12242152466367713,0.14573991031390135,0.0,0.8345291479820628,,0.0,,0.5067264573991032,0.04977578475336323,0.23183856502242153,0.3412556053811659,0.09596412556053811,0.23228699551569507,0.01390134529147982,
Immune (lymphoid/myeloid),LermaMartin2024_MS_human_snRNA,270,0.0,0.06296296296296296,0.0,0.014814814814814815,0.025925925925925925,0.26666666666666666,0.13333333333333333,0.28888888888888886,0.17777777777777778,0.037037037037037035,0.362962962962963,0.1,0.040740740740740744,0.0,0.26296296296296295,,0.0,,0.10740740740740741,0.044444444444444446,0.21851851851851853,0.16666666666666666,0.06296296296296296,0.23333333333333334,0.037037037037037035,
Microglia,LermaMartin2024_MS_human_snRNA,9238,0.0,0.0795626759038753,0.0003247456159341849,0.04005195929854947,0.002922710543407664,0.10121238363282095,0.08822255899545356,0.14332106516562026,0.1361766616150682,0.03691275167785235,0.013531067330591036,0.17514613552717037,0.014397055639748864,0.0,0.07090279281229703,,0.0,,0.07046979865771812,0.03182507036155012,0.14840874648192248,0.19322364148084,0.04903658800606192,0.1737389045247889,0.001082485386447283,
Neuron,LermaMartin2024_MS_human_snRNA,8171,0.0007343042467262269,0.07783625015298005,0.48231550605801005,0.38587688165463224,0.00954595520744095,0.5622322849100477,0.3534451107575572,0.023742503977481337,0.2562721821074532,0.1517562109900869,0.5720230081997307,0.050055072818504465,0.05776526740912985,0.0653530779586342,0.491983845306572,,0.0,,0.06327254925957655,0.020438134867213315,0.4258964631012116,0.29078448170358584,0.031452698568106716,0.07355280871374373,0.3636029861706033,
OPC,LermaMartin2024_MS_human_snRNA,3945,0.0,0.06565272496831433,0.04131812420785805,0.20659062103929024,0.00988593155893536,0.30063371356147023,0.15918884664131813,0.22053231939163498,0.09733840304182509,0.06717363751584284,0.3449936628643853,0.02256020278833967,0.0012674271229404308,0.0,0.06337135614702155,,0.0,,0.13130544993662865,0.023827629911280103,0.2055766793409379,0.20861850443599492,0.036755386565272496,0.23447401774397972,0.24283903675538657,
Oligodendrocyte,LermaMartin2024_MS_human_snRNA,64833,4.6272731479339224e-05,0.07141424891644688,0.011953788965495966,0.06731140005861212,0.05838076288309966,0.14009840667561274,0.11173322227877779,0.16759983341816667,0.3366186972683664,0.050005398485339254,0.20916817053043973,0.016904971233785263,0.0003547576080082674,4.6272731479339224e-05,0.10602625206299261,,0.0013573334567272839,,0.010473061558157111,0.024925578023537395,0.1350084062128854,0.16392886338747242,0.034982184998380454,0.15922446902040627,0.00219024262335539,
Astrocyte,Park2023_AD_hippocampus_scRNA,7470,0.021285140562248995,0.05609103078982597,0.004417670682730923,0.09678714859437751,0.030522088353413655,0.1821954484605087,0.14846050870147257,0.09036144578313253,0.07161981258366801,0.06037483266398929,0.00214190093708166,0.0049531459170013385,0.03480589022757698,0.00040160642570281126,0.7294511378848728,0.0008032128514056225,0.0,0.0002677376171352075,0.05194109772423026,0.03467202141900937,0.14431057563587685,0.0819277108433735,0.14966532797858098,0.014725568942436412,0.08273092369477912,
Endothelial,Park2023_AD_hippocampus_scRNA,5107,0.3679263755629528,0.1750538476600744,0.002153906402976307,0.017427060896808302,0.0045036224789504605,0.14685725474838457,0.21911102408458977,0.02056001566477384,0.03328764440963384,0.5100841981593891,0.003916193459956922,0.014098296455844919,0.03309183473663599,0.00039161934599569217,0.9964754258860388,0.0031329547679655374,0.0,0.001958096729978461,0.18269042490699042,0.09888388486391228,0.2866653612688467,0.2140199725866458,0.29763070295672606,0.018797728607793225,0.013119248090855688,
Ependymal,Park2023_AD_hippocampus_scRNA,1906,0.05823714585519412,0.10965372507869885,0.049842602308499476,0.2203567681007345,0.20514165792235048,0.5960125918153201,0.4249737670514166,0.14323189926547744,0.11909758656873033,0.17785939139559287,0.007869884575026232,0.008394543546694649,0.236096537250787,0.007345225603357817,0.8971668415529905,0.0026232948583420775,0.0,0.0,0.27229800629590767,0.21038824763903463,0.46379853095487933,0.3357817418677859,0.5178384050367262,0.03672612801678909,0.23924449108079748,
Immune (lymphoid/myeloid),Park2023_AD_hippocampus_scRNA,1644,0.0024330900243309003,0.12652068126520682,0.0,0.015815085158150853,0.0030413625304136255,0.18795620437956204,0.16727493917274938,0.045012165450121655,0.019464720194647202,0.020072992700729927,0.0364963503649635,0.04318734793187348,0.06995133819951338,0.0,0.6618004866180048,0.041970802919708027,0.0,0.0006082725060827251,0.0340632603406326,0.024330900243309004,0.12043795620437957,0.10158150851581509,0.08090024330900243,0.0018248175182481751,0.004257907542579075,
Microglia,Park2023_AD_hippocampus_scRNA,13952,0.005805619266055046,0.10428612385321101,0.0005733944954128441,0.008959288990825688,0.0028669724770642203,0.2342316513761468,0.11181192660550458,0.06500860091743119,0.010966169724770642,0.027666284403669725,0.031034977064220183,0.0794868119266055,0.23322821100917432,0.00021502293577981653,0.7689936926605505,0.036768922018348624,0.0,0.0,0.019208715596330275,0.032611811926605505,0.14564220183486237,0.09532683486238532,0.06981077981651376,0.0011467889908256881,0.005303899082568808,
Neuron,Park2023_AD_hippocampus_scRNA,3298,0.012734990903577926,0.1012734990903578,0.006973923590054579,0.0739842328684051,0.004548211036992117,0.2926015767131595,0.36143117040630685,0.021224984839296544,0.031534263189812006,0.03820497271073378,0.0066707095209217705,0.006064281382656155,0.05366889023650697,0.00030321406913280777,0.7104305639781686,0.001212856276531231,0.0,0.0,0.01637355973317162,0.01879927228623408,0.11249241964827168,0.1134020618556701,0.05670103092783505,0.0027289266221952697,0.01607034566403881,
OPC,Park2023_AD_hippocampus_scRNA,2471,0.059490084985835696,0.1396195872116552,0.011736139214892756,0.18737353298259815,0.05625252934034804,0.3597733711048159,0.22703358963982193,0.24281667341157426,0.15985430999595304,0.1375961149332254,0.024686361796843383,0.010117361392148928,0.09388911371914205,0.0,0.7628490489680292,0.008903278025091057,0.0,0.0,0.12343180898421692,0.05584783488466208,0.21003642250101173,0.26062322946175637,0.26588425738567384,0.053419668150546336,0.2444354512343181,
Oligodendrocyte,Park2023_AD_hippocampus_scRNA,10237,0.008205528963563543,0.3206994236592752,0.004493503956237179,0.082348344241477,0.0032236006642571064,0.36768584546253785,0.2607209143303702,0.020904561883364266,0.13910325290612485,0.2856305558269024,0.05460584155514311,0.03868320797108528,0.024909641496532187,0.00019536973722770342,0.7908566962977435,0.0007814789489108137,0.00039073947445540685,0.0,0.02520269610237374,0.0683794080296962,0.2025007326365146,0.30272540783432644,0.04796327048940119,0.004102764481781772,0.010745335547523688,
Vascular/Fibroblast,Park2023_AD_hippocampus_scRNA,1575,0.10222222222222223,0.11238095238095239,0.014603174603174604,0.06222222222222222,0.025396825396825397,0.28634920634920635,0.26031746031746034,0.03492063492063492,0.04317460317460318,0.07682539682539682,0.019682539682539683,0.01650793650793651,0.02603174603174603,0.0,0.8222222222222222,0.0019047619047619048,0.0006349206349206349,0.0044444444444444444,0.0653968253968254,0.05015873015873016,0.30793650793650795,0.1473015873015873,0.22793650793650794,0.02349206349206349,0.02095238095238095,
Astrocyte,Sadick2022_AD_human_astro_oligo_snRNA,47240,0.0011854360711261642,0.2125740897544454,0.2673793395427604,0.22944538526672312,0.1874259102455546,0.23611346316680779,0.2642887383573243,0.7704276037256562,0.21411939034716343,0.1077688399661304,0.026735817104149025,0.05829805249788315,0.018035563082133783,0.0023920406435224387,0.6418501270110076,0.0,0.0,0.0006773920406435225,0.46591871295512277,0.08044030482641829,0.3161727349703641,0.4754445385266723,0.16731583403895003,0.5326206604572397,0.45237087214225236,0.0
Endothelial,Sadick2022_AD_human_astro_oligo_snRNA,866,0.0,0.057736720554272515,0.013856812933025405,0.04387990762124711,0.042725173210161664,0.11662817551963048,0.1697459584295612,0.06004618937644342,0.07390300230946882,0.2817551963048499,0.049653579676674366,0.09353348729792148,0.06928406466512702,0.0011547344110854503,0.5011547344110855,0.0,0.0,0.0,0.1720554272517321,0.026558891454965358,0.13279445727482678,0.23094688221709006,0.07505773672055427,0.12702078521939955,0.025404157043879907,0.003464203233256351
Immune (lymphoid/myeloid),Sadick2022_AD_human_astro_oligo_snRNA,3556,0.0005624296962879641,0.1437007874015748,0.021372328458942633,0.07367829021372328,0.03402699662542182,0.12120359955005625,0.14285714285714285,0.27080989876265465,0.17519685039370078,0.06946006749156355,0.048087739032620924,0.3222722159730034,0.05427446569178852,0.001968503937007874,0.20106861642294713,0.0005624296962879641,0.00028121484814398203,0.0044994375703037125,0.19291338582677164,0.05399325084364454,0.23368953880764903,0.3231158605174353,0.1015185601799775,0.2407199100112486,0.03993250843644545,0.0
Neuron,Sadick2022_AD_human_astro_oligo_snRNA,12399,0.001048471650939592,0.12742963142188887,0.47761916283571254,0.5202032421969514,0.021292039680619403,0.4603597064279377,0.3521251713847891,0.07645777885313332,0.22171142834099525,0.11017017501411404,0.5327042503427696,0.031292846197273974,0.0465360109686265,0.12154205984353576,0.4626986047261876,0.00016130333091378336,8.065166545689168e-05,0.0005645616581982418,0.07718364384224534,0.02290507298975724,0.4481813049439471,0.30857327203806756,0.04113234938301476,0.12936527139285425,0.41680780708121623,8.065166545689168e-05
OPC,Sadick2022_AD_human_astro_oligo_snRNA,7116,0.0005621135469364812,0.17327150084317033,0.24255199550309162,0.22976391231028667,0.09499718943226532,0.31885890949971896,0.26489600899381677,0.5389263631253514,0.17608206857785272,0.1322372119168072,0.21107363687464867,0.03625632377740304,0.03864530635188308,0.0016863406408094434,0.38701517706576727,0.0005621135469364812,0.0,0.0008431703204047217,0.3149241146711636,0.05691399662731872,0.2847105115233277,0.4052838673412029,0.08965711073636874,0.42776840921866216,0.38518830803822374,0.0
Oligodendrocyte,Sadick2022_AD_human_astro_oligo_snRNA,33750,0.0005037037037037037,0.1109037037037037,0.03765925925925926,0.0984,0.0653037037037037,0.13842962962962962,0.14577777777777778,0.2488,0.4030222222222222,0.09837037037037037,0.1906962962962963,0.014992592592592592,0.003703703703703704,0.0006222222222222223,0.1995851851851852,0.0,0.001511111111111111,0.0002666666666666667,0.03573333333333333,0.029066666666666668,0.17137777777777777,0.21401481481481482,0.04340740740740741,0.2180740740740741,0.033274074074074074,0.0
Vascular/Fibroblast,Sadick2022_AD_human_astro_oligo_snRNA,2465,0.0,0.11075050709939148,0.09330628803245436,0.04300202839756592,0.07464503042596349,0.18661257606490872,0.163894523326572,0.14198782961460446,0.14523326572008113,0.056795131845841784,0.1797160243407708,0.026774847870182555,0.07910750507099391,0.0008113590263691683,0.6032454361054767,0.00040567951318458417,0.0,0.0,0.4511156186612576,0.03569979716024341,0.16024340770791076,0.27626774847870184,0.05963488843813387,0.2973630831643002,0.0795131845841785,0.0
Astrocyte,Schirmer2019_MS_human_snRNA,5381,0.00037167812674224123,0.04311466270209998,0.11707860992380599,0.0828842222635198,0.017097193830143097,0.06801709719383014,0.07712321129901506,0.3923062627764356,0.05946850027875859,0.022858204794647834,0.03493774391377068,0.013752090689462926,0.006318528154618101,0.0024159078238245677,0.25571455119866193,,0.0,0.00037167812674224123,0.15350306634454564,0.012637056309236202,0.09570711763612712,0.132503252183609,0.02378740011150344,0.19810444155361456,0.18713993681471847,
Endothelial,Schirmer2019_MS_human_snRNA,375,0.0,0.042666666666666665,0.04,0.021333333333333333,0.005333333333333333,0.12533333333333332,0.24,0.05333333333333334,0.08266666666666667,0.3253333333333333,0.08533333333333333,0.13066666666666665,0.10133333333333333,0.0,0.8373333333333334,,0.0,0.0,0.20533333333333334,0.021333333333333333,0.10933333333333334,0.19466666666666665,0.037333333333333336,0.096,0.024,
Immune (lymphoid/myeloid),Schirmer2019_MS_human_snRNA,158,0.0,0.04430379746835443,0.0379746835443038,0.05063291139240506,0.006329113924050633,0.12658227848101267,0.11392405063291139,0.06962025316455696,0.02531645569620253,0.0379746835443038,0.1518987341772152,0.06962025316455696,0.05063291139240506,0.0,0.2721518987341772,,0.0,0.0,0.06962025316455696,0.006329113924050633,0.08227848101265822,0.10759493670886076,0.0189873417721519,0.08860759493670886,0.0379746835443038,
Microglia,Schirmer2019_MS_human_snRNA,1425,0.0,0.0343859649122807,0.008421052631578947,0.028771929824561403,0.004912280701754386,0.04912280701754386,0.051228070175438595,0.07298245614035087,0.056842105263157895,0.015438596491228071,0.016140350877192983,0.1143859649122807,0.005614035087719298,0.002105263157894737,0.09964912280701754,,0.0,0.0,0.018947368421052633,0.011929824561403509,0.07298245614035087,0.08421052631578947,0.013333333333333334,0.08701754385964912,0.009824561403508772,
Neuron,Schirmer2019_MS_human_snRNA,6917,0.001301142113633078,0.057973109729651584,0.3348272372415787,0.2499638571635102,0.004770854416654619,0.34856151510770567,0.2382535781408125,0.026890270348416945,0.1123319358103224,0.07170738759577852,0.40841405233482725,0.021830273239843864,0.03802226398727772,0.09628451640884776,0.309960965736591,,0.0,0.0017348561515107706,0.04799768685846465,0.014312563249963857,0.2219170160474194,0.15657076767384703,0.009541708833309239,0.13517420847188089,0.2806129825068671,
OPC,Schirmer2019_MS_human_snRNA,3844,0.0007804370447450572,0.030697190426638918,0.028355879292403748,0.1095213319458897,0.0018210197710718003,0.14646201873048909,0.08246618106139438,0.0803850156087409,0.04656607700312175,0.036420395421436005,0.2008324661810614,0.008324661810613945,0.0065036420395421434,0.0015608740894901144,0.13397502601456815,,0.0,0.0005202913631633715,0.055150884495317375,0.011706555671175858,0.10978147762747138,0.10509885535900104,0.00858480749219563,0.11004162330905307,0.14542143600416232,
Oligodendrocyte,Schirmer2019_MS_human_snRNA,12394,0.0006454736162659351,0.028400839115701147,0.013070840729385186,0.03146683879296434,0.009601420041955785,0.061723414555430046,0.059060835888333066,0.05655962562530257,0.1438599322252703,0.04139099564305309,0.09504598999515895,0.004760367919961272,0.002743262869130224,0.001532999838631596,0.10609972567371309,,0.0007261578182991771,0.0005647894142326933,0.01065031466838793,0.008310472809423914,0.06656446667742456,0.0760852025173471,0.008633209617556882,0.05938357269646603,0.008875262223656607,
Other,Schirmer2019_MS_human_snRNA,18272,0.0021344133099824867,0.08192863397548161,0.4323007880910683,0.33466506129597196,0.007497810858143608,0.42053415061295973,0.2925788091068301,0.04482267950963222,0.15969789842381787,0.09654115586690018,0.5350262697022767,0.022602889667250436,0.05626094570928196,0.041922066549912436,0.45271453590192645,,0.00021891418563922942,0.0019154991243432575,0.07399299474605954,0.01466725043782837,0.3353218038528897,0.18520140105078808,0.008154553415061296,0.07612740805604203,0.3371825744308231,
Vascular/Fibroblast,Schirmer2019_MS_human_snRNA,153,0.0,0.032679738562091505,0.026143790849673203,0.006535947712418301,0.006535947712418301,0.12418300653594772,0.058823529411764705,0.0457516339869281,0.026143790849673203,0.026143790849673203,0.1437908496732026,0.013071895424836602,0.06535947712418301,0.0,0.45098039215686275,,0.0,0.0,0.1437908496732026,0.0196078431372549,0.0718954248366013,0.09803921568627451,0.0,0.10457516339869281,0.05228758169934641,
primary progressive MS,SenescentGlia2025_MS_human_Visium,2700,,0.01925925925925926,0.011851851851851851,0.007037037037037037,0.04925925925925926,0.020370370370370372,0.06851851851851852,0.052592592592592594,0.015925925925925927,0.10222222222222223,0.01037037037037037,0.008888888888888889,0.005185185185185185,0.0,0.14037037037037037,,,0.00037037037037037035,0.044814814814814814,0.016666666666666666,0.06,0.07666666666666666,0.07333333333333333,0.07333333333333333,0.024074074074074074,
progressive MS,SenescentGlia2025_MS_human_Visium,5726,,0.008557457212713936,0.0019210618232623122,0.006461753405518687,0.028641285365001747,0.015717778553964373,0.021131680055885435,0.01728955640936081,0.028815927348934685,0.034229828850855744,0.004016765630457562,0.03318197694725812,0.003318197694725812,0.0,0.0815578064966818,,,0.0,0.013447432762836185,0.005413901501921062,0.014320642682500873,0.04383513796716731,0.02759343346140412,0.009954593084177437,0.001047851903597625,
secondary progressive MS,SenescentGlia2025_MS_human_Visium,19193,,0.006669098108685458,0.008075860990986297,0.011358307716354921,0.02047621528682332,0.02573855051320794,0.03261605793778982,0.020632522273745638,0.018287917469910906,0.06200177147918512,0.009534726202261241,0.006616995779711353,0.0009899442505079978,0.0006773302766633669,0.12822383160527276,,,0.0006252279476892617,0.0365237326108477,0.006200177147918512,0.02058041994477153,0.037722086177252125,0.027978950659094462,0.02813525764601678,0.006981712082530089,
Astrocyte,Serpina3n_Cuprizone_snRNA_mouse,2968,0.013477088948787063,0.11522911051212938,0.37163072776280326,0.13173854447439354,0.02122641509433962,0.5805256064690026,0.27931266846361186,0.5121293800539084,0.3419811320754717,0.05357142857142857,0.2695417789757412,0.004380053908355795,0.11489218328840971,0.0006738544474393531,0.13881401617250674,0.0,,0.00033692722371967657,0.16273584905660377,0.015835579514824796,0.09669811320754718,0.22371967654986524,0.04009433962264151,0.18194070080862534,0.49056603773584906,0.0
Endothelial,Serpina3n_Cuprizone_snRNA_mouse,427,0.04918032786885246,0.03747072599531616,0.14988290398126464,0.0117096018735363,0.0,0.20608899297423888,0.12177985948477751,0.02107728337236534,0.0936768149882904,0.08665105386416862,0.1592505854800937,0.00234192037470726,0.02107728337236534,0.0,0.4426229508196721,0.0,,0.0,0.08899297423887588,0.01873536299765808,0.04215456674473068,0.12646370023419204,0.0117096018735363,0.01873536299765808,0.11241217798594848,0.0
Ependymal,Serpina3n_Cuprizone_snRNA_mouse,2307,0.0008669267446900737,0.129172084958821,0.20112700476809708,0.09189423493714781,0.002600780234070221,0.6007802340702211,0.33073255309926314,0.052882531426094496,0.2635457303857824,0.04247941048981361,0.6631989596879063,0.0013003901170351106,0.09752925877763328,0.0,0.2106631989596879,0.00043346337234503684,,0.0,0.03857824013870828,0.006501950585175552,0.07715648027741656,0.21846553966189858,0.04681404421326398,0.025574338968357174,0.34460338101430427,0.0
Immune (lymphoid/myeloid),Serpina3n_Cuprizone_snRNA_mouse,301,0.0,0.1760797342192691,0.654485049833887,0.14285714285714285,0.0,0.7441860465116279,0.5083056478405316,0.059800664451827246,0.3654485049833887,0.10299003322259136,0.5514950166112956,0.0033222591362126247,0.0664451827242525,0.0,0.2591362126245847,0.0,,0.0,0.0033222591362126247,0.0,0.19601328903654486,0.17940199335548174,0.016611295681063124,0.026578073089700997,0.4883720930232558,0.0
Microglia,Serpina3n_Cuprizone_snRNA_mouse,2413,0.0004144218814753419,0.07335267302113552,0.1305428926647327,0.02154993783671778,0.0008288437629506838,0.29175300455864067,0.0899295482801492,0.12225445503522586,0.07086614173228346,0.02403646912556983,0.22378781599668462,0.007874015748031496,0.14421881475341897,0.0004144218814753419,0.11147948611686698,0.0012432656444260257,,0.0,0.02237878159966846,0.005801906340654786,0.04682967260671363,0.07542478242851222,0.009117281392457521,0.009117281392457521,0.11396601740571902,0.0
Neuron,Serpina3n_Cuprizone_snRNA_mouse,30390,0.0010200723922342875,0.18084896347482723,0.6471536689700559,0.1945705824284304,0.0011187890753537348,0.7606778545574202,0.4794998354721948,0.12273774267851267,0.3993418887792037,0.0721948009213557,0.6436327739387957,0.005100361961171438,0.1351431391905232,0.0007239223428759461,0.24304047384007899,0.0,,6.581112207963146e-05,0.01154985192497532,0.0033234616650213884,0.09325435998683777,0.27650542941757156,0.02178348140835801,0.00993747943402435,0.47647252385653177,9.871668311944718e-05
OPC,Serpina3n_Cuprizone_snRNA_mouse,4186,0.0019111323459149545,0.20926899187768752,0.6629240324892499,0.17654085045389392,0.000716674629718108,0.7159579550883899,0.4440993788819876,0.14142379359770665,0.411371237458194,0.08743430482560917,0.5195891065456283,0.005972288580984233,0.14476827520305782,0.001433349259436216,0.2267080745341615,0.0,,0.0,0.03296703296703297,0.013139034878165312,0.09125656951743909,0.29956999522216915,0.017200191113234592,0.02771141901576684,0.431438127090301,0.00023889154323936931
Oligodendrocyte,Serpina3n_Cuprizone_snRNA_mouse,8207,0.004142804922627026,0.11685146825880346,0.4515657365663458,0.08833922261484099,0.0031680272937736078,0.5536736931887413,0.24259778238089436,0.12696478615815768,0.25246740587303523,0.060314365785305225,0.4826367734860485,0.0036554161082003166,0.09065431948336786,0.00012184720360667723,0.1134397465578165,0.00024369440721335446,,0.0,0.03460460582429633,0.009747776288534179,0.057755574509565005,0.16559034970147435,0.015109053247227977,0.033020592177409526,0.3040087729986597,0.0
Vascular/Fibroblast,Serpina3n_Cuprizone_snRNA_mouse,1238,0.07027463651050081,0.08239095315024232,0.20113085621970922,0.033117932148626815,0.030694668820678513,0.35379644588045234,0.17447495961227788,0.033925686591276254,0.08804523424878836,0.04361873990306947,0.154281098546042,0.0024232633279483036,0.1494345718901454,0.0,0.13489499192245558,0.0,,0.0008077544426494346,0.0654281098546042,0.021809369951534735,0.11147011308562198,0.14378029079159935,0.02827140549273021,0.09450726978998385,0.15266558966074315,0.0
Astrocyte,Ximerakis2019_aging_brain_scRNA,6747,0.03631243515636579,0.10226767452200979,0.009633911368015413,0.2217281754854009,0.05380168963983993,0.2841262783459315,0.21683711279087,0.22409959982214317,0.23151030087446273,0.11234622795316437,0.00044464206313917296,0.0008892841262783459,0.02578923966207203,0.0014821402104639098,0.7124647991700015,0.0,,,0.1351711871943086,0.07084630206017489,0.21239069215947828,0.21965317919075145,0.2830887801986068,0.016599970357195792,0.24262635245294203,
Endothelial,Ximerakis2019_aging_brain_scRNA,2413,0.22585992540406133,0.10857853294653957,0.0008288437629506838,0.01699129714048902,0.0037297969332780773,0.0920016576875259,0.14380439287194363,0.018234562784915042,0.03439701616245338,0.38541234977206795,0.0,0.014090343970161625,0.005387484459179445,0.0,0.9966846249481973,0.0004144218814753419,,,0.15540820555325321,0.06257770410277663,0.19560712805636138,0.15375051802735185,0.20596767509324493,0.007045171985080812,0.020721094073767096,
Ependymal,Ximerakis2019_aging_brain_scRNA,404,0.04455445544554455,0.08168316831683169,0.06930693069306931,0.2896039603960396,0.3886138613861386,0.6237623762376238,0.43564356435643564,0.1608910891089109,0.08663366336633663,0.400990099009901,0.0049504950495049506,0.009900990099009901,0.08663366336633663,0.04207920792079208,0.7475247524752475,0.0,,,0.2103960396039604,0.10148514851485149,0.4801980198019802,0.2871287128712871,0.3910891089108911,0.017326732673267328,0.27722772277227725,
Immune (lymphoid/myeloid),Ximerakis2019_aging_brain_scRNA,700,0.002857142857142857,0.16857142857142857,0.005714285714285714,0.02,0.0014285714285714286,0.23,0.2057142857142857,0.03142857142857143,0.022857142857142857,0.008571428571428572,0.022857142857142857,0.024285714285714285,0.06142857142857143,0.0,0.5571428571428572,0.045714285714285714,,,0.03142857142857143,0.03857142857142857,0.12142857142857143,0.11142857142857143,0.07,0.0014285714285714286,0.011428571428571429,
Microglia,Ximerakis2019_aging_brain_scRNA,3910,0.002813299232736573,0.13836317135549872,0.0002557544757033248,0.007161125319693095,0.0020460358056265983,0.390537084398977,0.14987212276214834,0.06982097186700767,0.0076726342710997444,0.01815856777493606,0.03350383631713555,0.089769820971867,0.2754475703324808,0.0,0.7570332480818415,0.070076726342711,,,0.01764705882352941,0.04296675191815857,0.16265984654731458,0.14194373401534527,0.07161125319693094,0.0002557544757033248,0.004859335038363171,
Neuron,Ximerakis2019_aging_brain_scRNA,1368,0.4378654970760234,0.1513157894736842,0.07602339181286549,0.07236842105263158,0.005116959064327485,0.3362573099415205,0.27850877192982454,0.07017543859649122,0.14473684210526316,0.22441520467836257,0.04093567251461988,0.005116959064327485,0.024853801169590642,0.0,0.8793859649122807,0.0,,,0.07383040935672515,0.05043859649122807,0.22295321637426901,0.3092105263157895,0.36330409356725146,0.019736842105263157,0.11257309941520467,
OPC,Ximerakis2019_aging_brain_scRNA,2187,0.003657978966620942,0.18198445358939186,0.038408779149519894,0.1440329218106996,0.002286236854138089,0.27709190672153633,0.22588020118884317,0.08367626886145405,0.04983996342021033,0.05212620027434842,0.02194787379972565,0.006858710562414266,0.010973936899862825,0.0027434842249657062,0.8523090992226795,0.0,,,0.04572473708276177,0.04618198445358939,0.16415180612711477,0.20804755372656608,0.02377686328303612,0.010059442158207591,0.08413351623228166,
Oligodendrocyte,Ximerakis2019_aging_brain_scRNA,12384,0.002018733850129199,0.27624354005167956,0.0029877260981912143,0.04707687338501292,0.0012919896640826874,0.22545219638242894,0.21729651162790697,0.007590439276485788,0.08737080103359172,0.1688468992248062,0.02535529715762274,0.018168604651162792,0.013323643410852713,8.074935400516796e-05,0.588501291989664,0.0,,,0.011950904392764857,0.04844961240310078,0.13848514211886304,0.20930232558139536,0.024305555555555556,0.001614987080103359,0.005813953488372093,
Other,Ximerakis2019_aging_brain_scRNA,5301,0.010186757215619695,0.0967741935483871,0.07564610450858329,0.10828145632899452,0.005847953216374269,0.4165251839275608,0.19845312205244295,0.012639124693454065,0.06527070364082249,0.026787398604036974,0.02244859460479155,0.008488964346349746,0.03357857008111677,0.003018298434257687,0.7125070741369552,0.00018864365214110544,,,0.006979815129220902,0.006413884172797585,0.08243727598566308,0.10167892850405584,0.03527636295038672,0.0,0.24014336917562723,
Vascular/Fibroblast,Ximerakis2019_aging_brain_scRNA,1655,0.18187311178247734,0.13293051359516617,0.010876132930513595,0.04954682779456193,0.11178247734138973,0.3595166163141994,0.27613293051359517,0.03987915407854985,0.07613293051359517,0.35891238670694864,0.004833836858006042,0.015105740181268883,0.024773413897280966,0.0012084592145015106,0.9069486404833836,0.0006042296072507553,,,0.16495468277945619,0.07250755287009064,0.311178247734139,0.22477341389728098,0.29425981873111784,0.010876132930513595,0.06102719033232629,
Astrocyte,Zhou2020_5XFAD_snRNA,7217,0.013856172925038105,0.06096716087016766,0.06484688928917832,0.16641263682970764,0.007482333379520576,0.3048358043508383,0.19939032839129833,0.2237771927393654,0.2721352362477484,0.06831093252043785,0.05403907440764861,0.00401829014826105,0.02535679645281973,0.0006928086462519052,0.49092420673410003,0.0002771234585007621,0.0,0.00013856172925038105,0.10516835250103922,0.018151586531799917,0.07579326589995843,0.1790217541914923,0.04960509907163641,0.1140363031730636,0.24830261881668284,0.0
Microglia,Zhou2020_5XFAD_snRNA,4152,0.0004816955684007707,0.06647398843930635,0.03564547206165703,0.03395953757225433,0.00024084778420038535,0.3453757225433526,0.11970134874759152,0.13704238921001927,0.04576107899807322,0.018063583815028903,0.12114643545279384,0.034922928709055875,0.22832369942196531,0.00024084778420038535,0.3143063583815029,0.014450867052023121,0.0,0.0,0.014691714836223507,0.011560693641618497,0.0691233140655106,0.11801541425818883,0.011801541425818882,0.0016859344894026974,0.02167630057803468,0.0
Neuron,Zhou2020_5XFAD_snRNA,91680,0.0002617801047120419,0.08596204188481675,0.1875,0.18044284467713786,0.0005017452006980803,0.3967277486910995,0.312587260034904,0.029581151832460732,0.18724912739965097,0.05073080279232112,0.22330933682373472,0.010951134380453751,0.05852966841186737,0.0004363001745200698,0.624869109947644,0.00015270506108202444,0.00042539267015706805,9.816753926701571e-05,0.0021924083769633506,0.0012761780104712042,0.054864746945898775,0.1868019197207679,0.012652705061082025,0.0012761780104712042,0.11787739965095986,0.00017452006980802793
OPC,Zhou2020_5XFAD_snRNA,3261,0.0,0.09199632014719411,0.10978227537565165,0.1088623121741797,0.0,0.2361238883777982,0.1846059490953695,0.1557804354492487,0.09107635694572216,0.05090463048144741,0.10487580496780129,0.008586323213738117,0.023305734437289175,0.0030665440049064702,0.6427476234283962,0.0,0.0,0.0,0.03771849126034959,0.007973014412756822,0.05335786568537258,0.1806194418889911,0.005519779208831647,0.024225697638761118,0.07605029132168047,0.0
Oligodendrocyte,Zhou2020_5XFAD_snRNA,17356,0.00040331873703618344,0.0912076515326112,0.039237151417377276,0.04678497349619728,0.00034570177460244297,0.1724475685641853,0.1257778289928555,0.014461857570868864,0.11448490435584235,0.07807098409771837,0.10929937773680572,0.00944918183913344,0.023104401935929938,0.00017285088730122148,0.3338326803410924,0.0005185526619036644,0.00034570177460244297,0.00011523392486748098,0.009622032726434662,0.008815395252362296,0.03601060152108781,0.10780133671352846,0.00466697395713298,0.0013828070984097719,0.027483291080894215,5.761696243374049e-05
Vascular/Fibroblast,Zhou2020_5XFAD_snRNA,2192,0.03968978102189781,0.037408759124087594,0.03923357664233577,0.052463503649635035,0.0333029197080292,0.20255474452554745,0.13138686131386862,0.010948905109489052,0.05291970802919708,0.12408759124087591,0.045164233576642336,0.006843065693430657,0.05885036496350365,0.0004562043795620438,0.6208941605839416,0.0004562043795620438,0.0004562043795620438,0.0018248175182481751,0.04562043795620438,0.017335766423357664,0.09078467153284671,0.12545620437956204,0.05474452554744526,0.030565693430656935,0.051094890510948905,0.0
