cell_type,dataset,Ketogenesis,Ketolysis,FA supply for ketogenesis
Oligodendrocyte,Absinta2021_MS_human_snRNA,-0.0066234655924734724,0.0011102440049330705,0.01991537498239195
Astrocyte,Absinta2021_MS_human_snRNA,0.021322516648781865,-0.04941228305836163,0.03549129236770543
Microglia,Absinta2021_MS_human_snRNA,-0.022341043834658188,-0.09137511000076695,-0.0033032836157651704
Neuron,Absinta2021_MS_human_snRNA,0.06910935618100827,0.07472486781767765,-0.047982318709943086
OPC,Absinta2021_MS_human_snRNA,-0.01448154897317119,0.018558784779734994,0.0086525825946135
Vascular/Fibroblast,Absinta2021_MS_human_snRNA,-0.03971296860490526,0.040382221313215255,0.03280824940192769
Immune (lymphoid/myeloid),Absinta2021_MS_human_snRNA,-0.01574308456928272,0.08513592257053393,0.016158727640204467
Neuron,Aging_snRNA_HIP_CP_mouse,0.0027123589492283767,-0.04780835222083662,-0.034693045755059215
Oligodendrocyte,Aging_snRNA_HIP_CP_mouse,-0.030959826983086688,-0.08937753221935502,-0.01566360981323251
Astrocyte,Aging_snRNA_HIP_CP_mouse,0.01919084465984663,-0.047828430341020925,0.12535065023141925
OPC,Aging_snRNA_HIP_CP_mouse,-0.014361481119315565,-0.12114564644347532,0.001098219445537107
Microglia,Aging_snRNA_HIP_CP_mouse,-0.06651252613482868,-0.019720140623556006,-0.013574977786549156
Vascular/Fibroblast,Aging_snRNA_HIP_CP_mouse,0.017083450838097945,-0.15603891067101922,0.06416967200007237
Endothelial,Aging_snRNA_HIP_CP_mouse,-0.052909297844166814,-0.19288645174427937,0.04485343261671711
Immune (lymphoid/myeloid),Aging_snRNA_HIP_CP_mouse,0.05030964316061565,-0.051829780813625874,-0.00908176880092848
Ependymal,Aging_snRNA_HIP_CP_mouse,0.011409842461631414,0.000281311602819531,0.1770633575537848
WT_3M,Chen2020_ST_AppNLGF_mouse,0.05610992084933855,-0.03598533281671478,-0.007631149362039052
AD_3M,Chen2020_ST_AppNLGF_mouse,0.023164968665761242,-0.03972195700981759,-0.025536637328982068
WT_18M,Chen2020_ST_AppNLGF_mouse,0.015238561195895171,-0.050915967300983196,-0.018987682938987206
AD_18M,Chen2020_ST_AppNLGF_mouse,0.019846408762972657,-0.06392856750582623,-0.01893592959925923
WT_6M,Chen2020_ST_AppNLGF_mouse,0.018852362085728887,-0.03831144158924795,-0.010852392433975922
AD_6M,Chen2020_ST_AppNLGF_mouse,0.011551554625257768,-0.040133430653549185,-0.011267990330555956
WT_12M,Chen2020_ST_AppNLGF_mouse,0.020714949858386282,-0.04029176468900181,0.025389420246445835
AD_12M,Chen2020_ST_AppNLGF_mouse,0.02638147731874174,-0.04967001536822701,0.015790774450677687
Oligodendrocyte,Jakel2019_MS_human_snRNA,-0.010699984065331448,-0.021510852113802627,0.007981152835128997
Neuron,Jakel2019_MS_human_snRNA,0.04737012709894563,0.05204076701764989,-0.03562030789937232
Astrocyte,Jakel2019_MS_human_snRNA,0.009756034412661579,-0.0480009217811978,0.024946740888063538
Endothelial,Jakel2019_MS_human_snRNA,-0.05255237771684292,0.007779467143556377,0.01042922509301556
Immune (lymphoid/myeloid),Jakel2019_MS_human_snRNA,-0.03667552208846522,-0.03690741071877667,0.03938439499245006
Vascular/Fibroblast,Jakel2019_MS_human_snRNA,-0.05303502321055495,-0.02365476760977844,0.022088701062444996
Other,Jakel2019_MS_human_snRNA,-0.021036202901778635,-0.023974776507088368,0.002907670523519579
Microglia,Jakel2019_MS_human_snRNA,-0.03528313151940942,-0.061438832595473426,0.006983105812417891
OPC,Jakel2019_MS_human_snRNA,-0.02003969692881655,-0.010157026880105481,-0.0036261055552075675
Oligodendrocyte,Kaya2022_aged_WM_vs_GM_scRNA,0.01497424345991359,0.019491943667111104,-0.02951480058056477
Immune (lymphoid/myeloid),Kaya2022_aged_WM_vs_GM_scRNA,-0.04534827918908344,-0.004418926162238182,-0.023866842643029094
Microglia,Kaya2022_aged_WM_vs_GM_scRNA,-0.05914253357342706,-0.01074372528094183,-0.03550090078010422
Astrocyte,Kaya2022_aged_WM_vs_GM_scRNA,0.030817894919654126,0.06374311524932733,0.14191258078995483
Neuron,Kaya2022_aged_WM_vs_GM_scRNA,-0.03878095976731725,-0.044930579437256875,-0.0629698219278211
Endothelial,Kaya2022_aged_WM_vs_GM_scRNA,-0.02060068800109208,0.03867196656174867,0.07305048766847473
Ependymal,Kaya2022_aged_WM_vs_GM_scRNA,0.06650076300499407,0.16058359904911507,0.4227428287550149
OPC,Kaya2022_aged_WM_vs_GM_scRNA,0.03872219971143487,-0.005689513410962304,0.005082160385449726
Oligodendrocyte,LPC_Cuprizone_CC_snRNA_mouse,-0.0010548287187057005,-0.0989685527638804,-0.002940120104686444
Microglia,LPC_Cuprizone_CC_snRNA_mouse,-0.04865826136215173,-0.06060622331100641,0.02912082645216485
Neuron,LPC_Cuprizone_CC_snRNA_mouse,0.08879000878323066,-0.036520006325616555,-0.06128498741765007
OPC,LPC_Cuprizone_CC_snRNA_mouse,0.0036193986360511334,-0.12349299554398266,-0.005311158315124857
Immune (lymphoid/myeloid),LPC_Cuprizone_CC_snRNA_mouse,-0.04440486486189401,-0.018978224417166924,0.01713276176924136
Astrocyte,LPC_Cuprizone_CC_snRNA_mouse,0.06843634384882427,-0.09649772663744624,0.07626789238305387
Vascular/Fibroblast,LPC_Cuprizone_CC_snRNA_mouse,-0.025893559163989444,-0.07194381797096945,0.007957715665065881
Ependymal,LPC_Cuprizone_CC_snRNA_mouse,0.08863761514027914,0.003817629241943359,-0.02548567232688268
Neuron,Leng2021_AD_human_snRNA,0.053140613368528294,0.05834397256332515,-0.015531300955472026
Oligodendrocyte,Leng2021_AD_human_snRNA,-0.010136756614957842,-0.01733522791944212,0.007469078812094146
Astrocyte,Leng2021_AD_human_snRNA,0.017892873239971973,-0.05142809830785653,0.06862740788210896
OPC,Leng2021_AD_human_snRNA,8.910811830056124e-05,0.0018992927836043564,0.02521814612108719
Microglia,Leng2021_AD_human_snRNA,-0.02191961651225261,-0.05590657232016003,0.020367897143278423
Immune (lymphoid/myeloid),Leng2021_AD_human_snRNA,-0.02249434930792352,-0.055617382128361495,0.013758942547642976
Endothelial,Leng2021_AD_human_snRNA,-0.015501223706968121,0.05114427603252347,0.05430264474056423
Chronic Active,LermaMartin2024_MS_human_Visium,-0.016725454677094888,0.015381889637781334,-0.009889011701965045
Control,LermaMartin2024_MS_human_Visium,0.01851230236013724,0.02524366621485742,0.010666537093683103
Chronic Inactive,LermaMartin2024_MS_human_Visium,-0.007239424407975411,0.014157884995815601,0.006276899749826257
Oligodendrocyte,LermaMartin2024_MS_human_snRNA,0.0046111396752857425,0.029336485499457377,0.00444648324759481
Astrocyte,LermaMartin2024_MS_human_snRNA,0.05929279711555915,-0.0016439352433170896,0.08637521257075177
Microglia,LermaMartin2024_MS_human_snRNA,-0.0532198043071132,-0.096825369324073,-0.0027611622532449642
Neuron,LermaMartin2024_MS_human_snRNA,0.03367654960233686,0.10020800910079483,-0.07125409593256034
OPC,LermaMartin2024_MS_human_snRNA,0.005106704951390265,0.07593568102186321,0.027225190877007893
Endothelial,LermaMartin2024_MS_human_snRNA,-0.057957943923002936,0.13128517926915342,0.09571385070318955
Immune (lymphoid/myeloid),LermaMartin2024_MS_human_snRNA,-0.043887990907386494,0.06985795746909249,0.049473790363029194
Microglia,Park2023_AD_hippocampus_scRNA,-0.03311199639411216,-0.011880029950380632,0.018763910499345504
Oligodendrocyte,Park2023_AD_hippocampus_scRNA,-0.0168995107802211,0.021312106838330656,-0.005689508654360878
Astrocyte,Park2023_AD_hippocampus_scRNA,0.030744247992354704,0.07995239822069804,0.1018159451170476
Endothelial,Park2023_AD_hippocampus_scRNA,0.042795859174483766,0.06228250155249103,0.08828361020211378
Neuron,Park2023_AD_hippocampus_scRNA,-0.04540269795983687,0.050074927518048234,-0.0349793962852349
OPC,Park2023_AD_hippocampus_scRNA,0.020323471448432093,0.06939485462606315,0.10149654369267654
Ependymal,Park2023_AD_hippocampus_scRNA,0.005216859739512236,0.13313228217198866,0.20053105446968558
Immune (lymphoid/myeloid),Park2023_AD_hippocampus_scRNA,-0.024138113211323746,0.009357254878230338,0.019149918492795372
Vascular/Fibroblast,Park2023_AD_hippocampus_scRNA,0.010024364954327781,0.03590291396247016,0.10914807040646178
Astrocyte,Sadick2022_AD_human_astro_oligo_snRNA,0.028203129167904226,-0.03006728220054096,0.06736979583853252
Oligodendrocyte,Sadick2022_AD_human_astro_oligo_snRNA,-0.033832830279606464,0.021349808121186715,-0.05369739543623159
Neuron,Sadick2022_AD_human_astro_oligo_snRNA,0.050432228011357605,0.176321179581739,-0.08580819665610727
OPC,Sadick2022_AD_human_astro_oligo_snRNA,0.007645178380127513,0.0340804683036386,0.012754812672212148
Immune (lymphoid/myeloid),Sadick2022_AD_human_astro_oligo_snRNA,-0.0923955222703107,-0.08849155629736054,-0.007924890357935343
Vascular/Fibroblast,Sadick2022_AD_human_astro_oligo_snRNA,-0.06533813806805357,-0.008848891328040452,0.07125760888598753
Endothelial,Sadick2022_AD_human_astro_oligo_snRNA,-0.12781027620574056,0.03627652429176166,0.005014483145836044
Other,Schirmer2019_MS_human_snRNA,0.09400841494030507,0.10629389437147124,-0.07557121805214066
Oligodendrocyte,Schirmer2019_MS_human_snRNA,-0.03384415659901402,-0.05445654375718181,-0.013132249793391544
Neuron,Schirmer2019_MS_human_snRNA,0.08754938545884709,0.08940438117149577,-0.04139950599678912
Astrocyte,Schirmer2019_MS_human_snRNA,0.028641292729623208,-0.11262457737358192,0.10618675075690631
OPC,Schirmer2019_MS_human_snRNA,-0.010798908617196297,0.01812247150212247,0.01789327535048732
Microglia,Schirmer2019_MS_human_snRNA,-0.07013324389625014,-0.1546386788753041,-0.02236819516522145
Endothelial,Schirmer2019_MS_human_snRNA,-0.08501996692975362,0.0742336268679301,0.029903627295176188
Immune (lymphoid/myeloid),Schirmer2019_MS_human_snRNA,-0.026903103952166402,-0.02419765831548956,-0.008515159234718933
Vascular/Fibroblast,Schirmer2019_MS_human_snRNA,-0.050829448949277795,-0.03128624648050545,0.07780437530567444
secondary progressive MS,SenescentGlia2025_MS_human_Visium,-0.003154724301559832,-0.004283881962035376,-0.002351208796870346
progressive MS,SenescentGlia2025_MS_human_Visium,0.01000028729709428,-0.0003516854183931177,0.004342289260580454
primary progressive MS,SenescentGlia2025_MS_human_Visium,0.0011541393684016332,-0.00774667752513179,0.02897202780870744
Neuron,Serpina3n_Cuprizone_snRNA_mouse,0.028954702936838078,-0.0681737051114788,-0.023156778620722577
Oligodendrocyte,Serpina3n_Cuprizone_snRNA_mouse,0.021607454573002748,-0.08266574725428438,-0.007656323209211136
OPC,Serpina3n_Cuprizone_snRNA_mouse,0.04810818293074131,-0.09122012237749541,-0.007082956956663475
Astrocyte,Serpina3n_Cuprizone_snRNA_mouse,0.0028457159820913947,-0.08828814564601109,0.06445230944273993
Microglia,Serpina3n_Cuprizone_snRNA_mouse,-0.02907851235406111,-0.07034038598123449,-0.009011786440113986
Ependymal,Serpina3n_Cuprizone_snRNA_mouse,-0.07554163023916012,-0.040478745762279764,-0.001241309271591764
Vascular/Fibroblast,Serpina3n_Cuprizone_snRNA_mouse,-0.01096604732608179,-0.1168174538150165,0.05149859084394873
Endothelial,Serpina3n_Cuprizone_snRNA_mouse,-0.04527917916880837,-0.14140960752098566,0.030698620337147556
Immune (lymphoid/myeloid),Serpina3n_Cuprizone_snRNA_mouse,0.059075465746496206,-0.03294037898592775,-0.017639775031097964
Oligodendrocyte,Ximerakis2019_aging_brain_scRNA,-0.0329014498577754,-0.0647461083177666,-0.041257706440549095
Astrocyte,Ximerakis2019_aging_brain_scRNA,0.011863462931671299,0.08954643638363495,0.1499695162757462
Other,Ximerakis2019_aging_brain_scRNA,-0.08073895814778152,-0.04067863766701055,-0.11543424354869002
Microglia,Ximerakis2019_aging_brain_scRNA,-0.09500456471821232,-0.03121826310615174,-0.010784133435065171
Endothelial,Ximerakis2019_aging_brain_scRNA,-0.0106612615885697,-0.018540397026459418,0.03965165954321078
OPC,Ximerakis2019_aging_brain_scRNA,-0.048610247603605265,-0.048724956717769524,-0.031621038947969096
Vascular/Fibroblast,Ximerakis2019_aging_brain_scRNA,-0.03692844078548005,0.041390805402303846,0.06355057858154273
Neuron,Ximerakis2019_aging_brain_scRNA,0.10357344338071277,0.0018427633126867913,0.12014826480593713
Immune (lymphoid/myeloid),Ximerakis2019_aging_brain_scRNA,-0.05245552720682962,-0.04870470278316438,-0.026117780446949273
Ependymal,Ximerakis2019_aging_brain_scRNA,0.03607391737180181,0.23132382099460366,0.12113822153143236
Neuron,Zhou2020_5XFAD_snRNA,0.0006985012336594549,-0.06942466933942978,-0.03202888836252431
Oligodendrocyte,Zhou2020_5XFAD_snRNA,-0.038689500879992296,-0.0694452060262249,-0.023472887641151647
Astrocyte,Zhou2020_5XFAD_snRNA,-0.005682184434389662,-0.02612048425489322,0.06398427032470748
Microglia,Zhou2020_5XFAD_snRNA,-0.05061552922486034,-0.029357141777067625,-0.026204348199820777
OPC,Zhou2020_5XFAD_snRNA,-0.010605874507933882,-0.09696906185404543,-0.01017282015448953
Vascular/Fibroblast,Zhou2020_5XFAD_snRNA,-0.023531765133650052,-0.020722343765726205,0.02601185407199491
