,Bdh1,Acss1,Acss2,Slc16a1,Slc16a3,Hcar2,Ffar3,Ffar2,Cpt1a,Cpt2,Acaa2,Ppara,Ppargc1a,Fgf21
Oligodendrocytes,0.4197068,0.14511423,1.1309466,0.9593753,0.05920816,0.0061188443,0.0011394809,0.0037446718,0.215607,0.22552747,0.13811857,0.025802182,0.14706714,0.0014397047
Neurons,0.5789372,0.13783243,0.86528826,0.5005278,0.02786962,0.009311203,0.0016461877,0.003042109,0.18294264,0.106528915,0.16824222,0.021399122,0.40301248,0.002839965
Endothelial cells,0.30989343,0.16749245,0.28079066,1.0870602,0.19508654,0.01460852,0.00029958054,0.011789776,0.8113914,0.2599681,0.39097446,0.05166034,0.14616519,0.00053125713
Microglia,0.13721785,0.3191617,0.13868281,0.43689582,0.6526512,0.20726724,0.0009210517,0.024615146,0.42886612,0.13928032,0.23642482,0.02679678,0.04346419,0.0009022373
Astrocytes,1.2554525,1.0247521,1.2216113,1.0742849,0.019300189,0.0072885877,0.00055851846,0.0021318246,0.9552981,0.33467135,0.51086503,0.14781775,0.7170667,0.00074855064
DA Oligodendrocytes,0.33740342,0.11703721,0.7026273,0.9220121,0.16794206,0.03386653,0.00084268214,0.0077342098,0.22549209,0.1509333,0.10926164,0.015500114,0.049727846,0.0009485134
DA astrocytes,0.9920678,0.43116006,0.8682811,2.7790723,0.14291798,0.0154199,0.0011200674,0.0065907123,0.69246936,0.2926169,0.2910943,0.06876922,0.35043332,0.0013520381
T cells,0.24093582,0.23573539,0.22989087,0.6030796,0.6947023,0.055082586,0.0004713171,0.057383526,0.4993863,0.14047588,0.32440633,0.018383611,0.033329032,0.00076119305
Fibroblasts,0.21011919,0.049645986,0.14872369,0.67626953,0.14113675,0.00681047,0.00013696423,0.0074658636,0.43305418,0.20631815,0.37415743,0.075651154,0.11383879,0.00048609404
Schwann cells,0.10982391,0.17642929,0.40633726,0.5373691,0.0637874,0.0048454627,0.00077264104,0.010032549,0.38142386,0.11495262,0.4216753,0.07677142,0.08633396,0.0016560794
Macrophages,0.07732928,0.1173971,0.10974976,0.51834726,1.8069824,0.12849958,0.001090539,0.06800144,0.6565984,0.149829,0.31200162,0.0074194972,0.02234514,0.001336622
Activated Mic_Mac 2,0.12207251,0.45237035,0.14475082,0.65570587,1.2595376,0.3025471,0.00090573827,0.009884744,0.60913485,0.1483822,0.28431574,0.012433465,0.032670736,0.0016633457
OPCs,0.5674841,0.4732422,0.4472395,0.5616328,0.09259956,0.017942049,0.0011218811,0.0048654,0.4048134,0.12688723,0.10927568,0.049314335,0.16059396,0.00071814866
Stromal cells,0.19701335,0.09274907,0.18340532,0.47191966,0.3112409,0.012422643,0.00018322514,0.012091685,0.4174588,0.18320554,0.28138375,0.1218811,0.045583647,0.0019621241
Vascular cells,0.2967579,0.20977727,0.3143977,0.43922025,0.10904071,0.011070063,0.0009238008,0.023290938,0.5365243,0.16261542,0.46830615,0.097221926,0.13508227,0.00036808752
Activate Mic_Mac 1,0.48418602,0.48382366,0.41964477,0.49708647,0.287251,0.18351139,0.001207601,0.005129114,0.39384425,0.16079947,0.27591294,0.03453386,0.2669473,0.0010956918
Efflux Mic_Mac,0.060237277,0.094543464,0.06427798,0.35884148,0.51599365,0.010043062,0.00057703455,0.015901122,0.1892676,0.052780587,0.09163434,0.0027896028,0.02006218,0.0017254378
Foamy Mic_Mac,0.066765144,0.2169649,0.12846364,0.62696105,1.3793936,0.04552552,0.0007813336,0.011035796,1.0604281,0.17397499,0.46269304,0.0059870663,0.013551199,0.00063426397
APCs,0.15724078,0.33750862,0.17147586,0.5447941,0.45551002,0.039752692,0.00018276018,0.34376138,0.49068224,0.1313562,0.24077547,0.014927192,0.034767147,0.0005949317
B cells,0.121499024,0.39689788,0.10649518,0.45043623,0.34542862,0.025068484,0.0033000123,0.1214207,0.48519865,0.1553154,0.2903697,0.02954395,0.03162232,0.0030775527
Newly formed oligodendrocytes,1.1333842,0.22793071,0.5487548,0.51648396,0.25510395,0.025325952,0.0015330839,0.0072968407,0.40712452,0.17491083,0.101333395,0.032864142,0.064281814,0.002674883
Myeloid cells,0.101631,0.07675271,0.15103528,0.5402378,1.8849581,0.57368433,0.00040483943,0.30843857,0.3328951,0.09576063,0.13537747,0.011786641,0.027815484,0.00048660082
Mic_AST,0.42891183,0.30124107,0.3315837,1.6491859,0.6136949,0.121838,0.00097632495,0.009518322,0.5111758,0.16868994,0.29255965,0.031868454,0.08931291,0.00018900442
Proliferating microglia,0.22669582,0.46511036,0.28224033,0.99631953,1.0010331,0.4735951,0.0003806194,0.010426207,0.55513906,0.19839625,0.22217117,0.020122293,0.0834142,0.002224564
Dendritic cells,0.11552405,0.09662124,0.09219002,0.41972306,0.5713717,0.027832432,0.00060464523,0.09891357,0.41375685,0.14455146,0.21165422,0.019458998,0.024953496,0.00079012394
Ependymal cells,0.70178646,0.20932652,0.3603435,0.97519046,0.030984405,0.010308461,0.00036697384,0.0008688449,0.4477771,0.18741533,0.48652658,0.029384647,0.41944167,0.00041028683
unclear,0.22349311,0.35843587,0.93800175,0.63080674,0.115555905,0.0007673128,0.0010930055,0.0091196,0.8477215,0.24468331,0.76111114,0.09997077,0.25434214,0.002911741
