cell_type,dataset,n_cells,Oxct1+,Bdh1+,both,both_expected_if_independent
Astrocyte,Absinta2021_MS_human_snRNA,8211,0.0979174278407015,0.057240287419315555,0.008159785653391791,0.005604821712961844
Immune (lymphoid/myeloid),Absinta2021_MS_human_snRNA,406,0.21921182266009853,0.04926108374384237,0.009852216748768473,0.010798611953699435
Microglia,Absinta2021_MS_human_snRNA,5432,0.060382916053019146,0.029823269513991165,0.0033136966126656848,0.0018008159794898936
Neuron,Absinta2021_MS_human_snRNA,2803,0.2033535497681056,0.16125579735997145,0.04138423118087763,0.032791938813836505
OPC,Absinta2021_MS_human_snRNA,2175,0.1825287356321839,0.13057471264367815,0.02574712643678161,0.02383363720438631
Oligodendrocyte,Absinta2021_MS_human_snRNA,45697,0.10079436286845964,0.05249797579709828,0.006958881327001773,0.0052915000223523355
Vascular/Fibroblast,Absinta2021_MS_human_snRNA,1708,0.11124121779859485,0.013466042154566744,0.001756440281030445,0.0014979789282012186
Astrocyte,Aging_snRNA_HIP_CP_mouse,12690,0.6610717100078802,0.22758077226162332,0.16501182033096926,0.15044721028390529
Endothelial,Aging_snRNA_HIP_CP_mouse,1012,0.3073122529644269,0.045454545454545456,0.03260869565217391,0.013968738771110312
Ependymal,Aging_snRNA_HIP_CP_mouse,210,0.8,0.3619047619047619,0.3047619047619048,0.2895238095238095
Immune (lymphoid/myeloid),Aging_snRNA_HIP_CP_mouse,350,0.9028571428571428,0.3628571428571429,0.3342857142857143,0.3276081632653061
Microglia,Aging_snRNA_HIP_CP_mouse,3112,0.5520565552699229,0.031169665809768637,0.02602827763496144,0.017207418335855568
Neuron,Aging_snRNA_HIP_CP_mouse,67036,0.8717107225968137,0.21473536607196134,0.19602899934363627,0.18718712112568073
OPC,Aging_snRNA_HIP_CP_mouse,4754,0.31173748422381153,0.06268405553218342,0.036600757257046694,0.019540969772548558
Oligodendrocyte,Aging_snRNA_HIP_CP_mouse,19593,0.39350788546930027,0.050885520338896546,0.0324605726534987,0.020023853509564253
Vascular/Fibroblast,Aging_snRNA_HIP_CP_mouse,1065,0.336150234741784,0.03192488262910798,0.018779342723004695,0.010731556789878551
AD_12M,Chen2020_ST_AppNLGF_mouse,874,0.8878718535469108,0.47368421052631576,0.43592677345537756,0.4205708779959051
AD_18M,Chen2020_ST_AppNLGF_mouse,3816,0.9454926624737946,0.5511006289308176,0.5343291404612159,0.5210616009387814
AD_3M,Chen2020_ST_AppNLGF_mouse,3831,0.9921691464369616,0.7126076742364917,0.7092143043591751,0.7070273478916484
AD_6M,Chen2020_ST_AppNLGF_mouse,958,0.7317327766179541,0.2766179540709812,0.2348643006263048,0.2024104235947368
WT_12M,Chen2020_ST_AppNLGF_mouse,935,0.8684491978609625,0.36470588235294116,0.32834224598930484,0.3167285309845863
WT_18M,Chen2020_ST_AppNLGF_mouse,3817,0.9279538904899135,0.4126277181032224,0.39140686402934244,0.3828994963378605
WT_3M,Chen2020_ST_AppNLGF_mouse,3832,0.9822546972860126,0.7012004175365344,0.694937369519833,0.6887574038641742
WT_6M,Chen2020_ST_AppNLGF_mouse,958,0.7129436325678496,0.2567849686847599,0.1931106471816284,0.18307320836293425
Astrocyte,Jakel2019_MS_human_snRNA,1242,0.04830917874396135,0.04106280193236715,0.00322061191626409,0.0019837102382786066
Endothelial,Jakel2019_MS_human_snRNA,836,0.023923444976076555,0.004784688995215311,0.0,0.00011446624390467251
Immune (lymphoid/myeloid),Jakel2019_MS_human_snRNA,782,0.023017902813299233,0.0038363171355498722,0.0,8.830397498708147e-05
Microglia,Jakel2019_MS_human_snRNA,428,0.02102803738317757,0.004672897196261682,0.0,9.826185693073629e-05
Neuron,Jakel2019_MS_human_snRNA,5031,0.24647187437885112,0.15066587159610415,0.05386603061021666,0.0371348997772151
OPC,Jakel2019_MS_human_snRNA,352,0.07386363636363637,0.056818181818181816,0.005681818181818182,0.004196797520661157
Oligodendrocyte,Jakel2019_MS_human_snRNA,7973,0.04201680672268908,0.016430452778126176,0.0013796563401479995,0.0006903551587447974
Other,Jakel2019_MS_human_snRNA,449,0.11804008908685969,0.066815144766147,0.022271714922048998,0.007886865640547419
Vascular/Fibroblast,Jakel2019_MS_human_snRNA,697,0.06743185078909612,0.007173601147776184,0.0,0.0004837292022173323
Astrocyte,Kaya2022_aged_WM_vs_GM_scRNA,1933,0.4009311950336265,0.20693222969477496,0.1148473874806001,0.08296558614249902
Endothelial,Kaya2022_aged_WM_vs_GM_scRNA,181,0.20441988950276244,0.0055248618784530384,0.0,0.0011293916547113947
Ependymal,Kaya2022_aged_WM_vs_GM_scRNA,166,0.7168674698795181,0.29518072289156627,0.24096385542168675,0.21160545797648425
Immune (lymphoid/myeloid),Kaya2022_aged_WM_vs_GM_scRNA,5877,0.5564063297600816,0.01037944529521865,0.005274800068061937,0.005775189061658156
Microglia,Kaya2022_aged_WM_vs_GM_scRNA,5054,0.6745152354570637,0.008705975464978234,0.008112386228729718,0.005872313090643213
Neuron,Kaya2022_aged_WM_vs_GM_scRNA,546,0.3608058608058608,0.09523809523809523,0.07326007326007326,0.0343624629338915
OPC,Kaya2022_aged_WM_vs_GM_scRNA,90,0.8111111111111111,0.28888888888888886,0.25555555555555554,0.23432098765432097
Oligodendrocyte,Kaya2022_aged_WM_vs_GM_scRNA,15776,0.5711840770791075,0.07593813387423935,0.04671653144016227,0.04337465291206711
Astrocyte,LPC_Cuprizone_CC_snRNA_mouse,835,0.35808383233532937,0.1089820359281437,0.06706586826347305,0.03902470508085625
Ependymal,LPC_Cuprizone_CC_snRNA_mouse,100,0.55,0.09,0.06,0.0495
Immune (lymphoid/myeloid),LPC_Cuprizone_CC_snRNA_mouse,2680,0.3376865671641791,0.0033582089552238806,0.001119402985074627,0.0011340220539095567
Microglia,LPC_Cuprizone_CC_snRNA_mouse,5820,0.5372852233676976,0.007216494845360825,0.003951890034364261,0.003877316044921529
Neuron,LPC_Cuprizone_CC_snRNA_mouse,4343,0.5878425051807507,0.17061938752014735,0.13147593829150356,0.10029732819224872
OPC,LPC_Cuprizone_CC_snRNA_mouse,3130,0.29041533546325876,0.08210862619808307,0.04536741214057508,0.023845604221743612
Oligodendrocyte,LPC_Cuprizone_CC_snRNA_mouse,12880,0.18237577639751554,0.02608695652173913,0.010326086956521738,0.004757628949500405
Vascular/Fibroblast,LPC_Cuprizone_CC_snRNA_mouse,550,0.1290909090909091,0.016363636363636365,0.0,0.002112396694214876
Astrocyte,Leng2021_AD_human_snRNA,11901,0.05873456012099824,0.058146374254264346,0.0069742038484160995,0.003415201714455153
Endothelial,Leng2021_AD_human_snRNA,929,0.05059203444564048,0.015069967707212056,0.002152852529601722,0.000762420325337962
Immune (lymphoid/myeloid),Leng2021_AD_human_snRNA,2110,0.03933649289099526,0.016587677725118485,0.0009478672985781991,0.0006525010669122436
Microglia,Leng2021_AD_human_snRNA,4460,0.03228699551569507,0.021300448430493273,0.001569506726457399,0.0006877274829576303
Neuron,Leng2021_AD_human_snRNA,40386,0.2168573267964146,0.18964492645966424,0.07252513247164859,0.04112589179254542
OPC,Leng2021_AD_human_snRNA,5605,0.08688670829616414,0.06833184656556646,0.008385370205173952,0.005937129219880618
Oligodendrocyte,Leng2021_AD_human_snRNA,26808,0.04595643091614444,0.02137421665174575,0.0013055804237541032,0.0009822827109426575
Chronic Active,LermaMartin2024_MS_human_Visium,30282,0.09603064526781586,0.03206525328578033,0.011756158774189287,0.003079246963709438
Chronic Inactive,LermaMartin2024_MS_human_Visium,15588,0.10809597125994355,0.033166538362843216,0.016294585578650243,0.0035851691776617157
Control,LermaMartin2024_MS_human_Visium,24368,0.08740971766250821,0.0368516086671044,0.00693532501641497,0.003221188709000836
Astrocyte,LermaMartin2024_MS_human_snRNA,13985,0.2514122273864855,0.08566321058276725,0.03353593135502324,0.02153677857769107
Endothelial,LermaMartin2024_MS_human_snRNA,2230,0.2600896860986547,0.019282511210762333,0.009865470852017937,0.005015182288000965
Immune (lymphoid/myeloid),LermaMartin2024_MS_human_snRNA,270,0.26666666666666666,0.014814814814814815,0.007407407407407408,0.003950617283950617
Microglia,LermaMartin2024_MS_human_snRNA,9238,0.10121238363282095,0.04005195929854947,0.005304178393591687,0.004053754269770919
Neuron,LermaMartin2024_MS_human_snRNA,8171,0.5622322849100477,0.38587688165463224,0.31721943458573004,0.21695244086664797
OPC,LermaMartin2024_MS_human_snRNA,3945,0.30063371356147023,0.20659062103929024,0.08288973384030418,0.06210810559001222
Oligodendrocyte,LermaMartin2024_MS_human_snRNA,64833,0.14009840667561274,0.06731140005861212,0.01614918328628939,0.009430219899316304
Astrocyte,Park2023_AD_hippocampus_scRNA,7470,0.1821954484605087,0.09678714859437751,0.0214190093708166,0.017634177943366504
Endothelial,Park2023_AD_hippocampus_scRNA,5107,0.14685725474838457,0.017427060896808302,0.005678480516937537,0.002559290321638188
Ependymal,Park2023_AD_hippocampus_scRNA,1906,0.5960125918153201,0.2203567681007345,0.19359916054564533,0.1313354084797662
Immune (lymphoid/myeloid),Park2023_AD_hippocampus_scRNA,1644,0.18795620437956204,0.015815085158150853,0.004866180048661801,0.00297254337826558
Microglia,Park2023_AD_hippocampus_scRNA,13952,0.2342316513761468,0.008959288990825688,0.0020785550458715597,0.0020985490554772325
Neuron,Park2023_AD_hippocampus_scRNA,3298,0.2926015767131595,0.0739842328684051,0.03547604608853851,0.02164790318920889
OPC,Park2023_AD_hippocampus_scRNA,2471,0.3597733711048159,0.18737353298259815,0.09550789154188588,0.06741200761696875
Oligodendrocyte,Park2023_AD_hippocampus_scRNA,10237,0.36768584546253785,0.082348344241477,0.04581420337989645,0.030278320574867578
Vascular/Fibroblast,Park2023_AD_hippocampus_scRNA,1575,0.28634920634920635,0.06222222222222222,0.036825396825396824,0.017817283950617283
Astrocyte,Sadick2022_AD_human_astro_oligo_snRNA,47240,0.23611346316680779,0.22944538526672312,0.06371718882303133,0.05417514452296845
Endothelial,Sadick2022_AD_human_astro_oligo_snRNA,866,0.11662817551963048,0.04387990762124711,0.020785219399538105,0.0051176335678359795
Immune (lymphoid/myeloid),Sadick2022_AD_human_astro_oligo_snRNA,3556,0.12120359955005625,0.07367829021372328,0.016029246344206972,0.008930073982596945
Neuron,Sadick2022_AD_human_astro_oligo_snRNA,12399,0.4603597064279377,0.5202032421969514,0.31744495523832567,0.23948061186064992
OPC,Sadick2022_AD_human_astro_oligo_snRNA,7116,0.31885890949971896,0.22976391231028667,0.09541877459246768,0.07326227052164706
Oligodendrocyte,Sadick2022_AD_human_astro_oligo_snRNA,33750,0.13842962962962962,0.0984,0.020918518518518517,0.013621475555555556
Vascular/Fibroblast,Sadick2022_AD_human_astro_oligo_snRNA,2465,0.18661257606490872,0.04300202839756592,0.012981744421906694,0.008024719295286135
Astrocyte,Schirmer2019_MS_human_snRNA,5381,0.06801709719383014,0.0828842222635198,0.005017654711020256,0.005637544201532846
Endothelial,Schirmer2019_MS_human_snRNA,375,0.12533333333333332,0.021333333333333333,0.0,0.0026737777777777775
Immune (lymphoid/myeloid),Schirmer2019_MS_human_snRNA,158,0.12658227848101267,0.05063291139240506,0.0,0.006409229290177856
Microglia,Schirmer2019_MS_human_snRNA,1425,0.04912280701754386,0.028771929824561403,0.002105263157894737,0.0014133579562942444
Neuron,Schirmer2019_MS_human_snRNA,6917,0.34856151510770567,0.2499638571635102,0.11334393523203701,0.08712778077507924
OPC,Schirmer2019_MS_human_snRNA,3844,0.14646201873048909,0.1095213319458897,0.020031217481789803,0.01604071537084701
Oligodendrocyte,Schirmer2019_MS_human_snRNA,12394,0.061723414555430046,0.03146683879296434,0.002097789252864289,0.0019422407355670257
Other,Schirmer2019_MS_human_snRNA,18272,0.42053415061295973,0.33466506129597196,0.19319176882661995,0.14073808729193568
Vascular/Fibroblast,Schirmer2019_MS_human_snRNA,153,0.12418300653594772,0.006535947712418301,0.0,0.0008116536374898544
primary progressive MS,SenescentGlia2025_MS_human_Visium,2700,0.020370370370370372,0.007037037037037037,0.00037037037037037035,0.00014334705075445817
progressive MS,SenescentGlia2025_MS_human_Visium,5726,0.015717778553964373,0.006461753405518687,0.00017464198393293747,0.00010156440909826787
secondary progressive MS,SenescentGlia2025_MS_human_Visium,19193,0.02573855051320794,0.011358307716354921,0.0014588652112749439,0.0002923463769019607
Astrocyte,Serpina3n_Cuprizone_snRNA_mouse,2968,0.5805256064690026,0.13173854447439354,0.08928571428571429,0.07647759842634098
Endothelial,Serpina3n_Cuprizone_snRNA_mouse,427,0.20608899297423888,0.0117096018735363,0.0,0.002413220058246357
Ependymal,Serpina3n_Cuprizone_snRNA_mouse,2307,0.6007802340702211,0.09189423493714781,0.0658864325964456,0.055208239975243545
Immune (lymphoid/myeloid),Serpina3n_Cuprizone_snRNA_mouse,301,0.7441860465116279,0.14285714285714285,0.10963455149501661,0.10631229235880398
Microglia,Serpina3n_Cuprizone_snRNA_mouse,2413,0.29175300455864067,0.02154993783671778,0.012432656444260257,0.006287259111914346
Neuron,Serpina3n_Cuprizone_snRNA_mouse,30390,0.7606778545574202,0.1945705824284304,0.16561368871339258,0.1480055332016461
OPC,Serpina3n_Cuprizone_snRNA_mouse,4186,0.7159579550883899,0.17654085045389392,0.1505016722408027,0.12639582628053514
Oligodendrocyte,Serpina3n_Cuprizone_snRNA_mouse,8207,0.5536736931887413,0.08833922261484099,0.059948824174485195,0.04891110363858139
Vascular/Fibroblast,Serpina3n_Cuprizone_snRNA_mouse,1238,0.35379644588045234,0.033117932148626815,0.018578352180936994,0.01171700668909414
Astrocyte,Ximerakis2019_aging_brain_scRNA,6747,0.2841262783459315,0.2217281754854009,0.06966058989180376,0.06299880130510056
Endothelial,Ximerakis2019_aging_brain_scRNA,2413,0.0920016576875259,0.01699129714048902,0.005387484459179445,0.0015632275031863083
Ependymal,Ximerakis2019_aging_brain_scRNA,404,0.6237623762376238,0.2896039603960396,0.2103960396039604,0.18064405450446033
Immune (lymphoid/myeloid),Ximerakis2019_aging_brain_scRNA,700,0.23,0.02,0.01,0.0046
Microglia,Ximerakis2019_aging_brain_scRNA,3910,0.390537084398977,0.007161125319693095,0.004092071611253197,0.002796685003368633
Neuron,Ximerakis2019_aging_brain_scRNA,1368,0.3362573099415205,0.07236842105263158,0.043859649122807015,0.024334410587873192
OPC,Ximerakis2019_aging_brain_scRNA,2187,0.27709190672153633,0.1440329218106996,0.04983996342021033,0.03991035693520071
Oligodendrocyte,Ximerakis2019_aging_brain_scRNA,12384,0.22545219638242894,0.04707687338501292,0.014050387596899225,0.010613584503468675
Other,Ximerakis2019_aging_brain_scRNA,5301,0.4165251839275608,0.10828145632899452,0.06281833616298811,0.04510195351337859
Vascular/Fibroblast,Ximerakis2019_aging_brain_scRNA,1655,0.3595166163141994,0.04954682779456193,0.03262839879154079,0.017812907877803232
Astrocyte,Zhou2020_5XFAD_snRNA,7217,0.3048358043508383,0.16641263682970764,0.08646251905223777,0.05072853000212786
Microglia,Zhou2020_5XFAD_snRNA,4152,0.3453757225433526,0.03395953757225433,0.02432562620423892,0.01172879982625547
Neuron,Zhou2020_5XFAD_snRNA,91680,0.3967277486910995,0.18044284467713786,0.1143651832460733,0.07158668353617866
OPC,Zhou2020_5XFAD_snRNA,3261,0.2361238883777982,0.1088623121741797,0.0410916896657467,0.025704992448365032
Oligodendrocyte,Zhou2020_5XFAD_snRNA,17356,0.1724475685641853,0.04678497349619728,0.021721594837520165,0.008067954924759072
Vascular/Fibroblast,Zhou2020_5XFAD_snRNA,2192,0.20255474452554745,0.052463503649635035,0.023266423357664233,0.01062673157866695
