,spots,feature,kind,pearson_r,p,mean_Young,mean_Old,log2FC_old_vs_young
0,all spots,Hmgcs2,gene,0.7728379185529464,0.07154283858151025,0.07454127818346024,0.08340191841125488,0.1600105961425329
1,all spots,Hmgcl,gene,0.07860433500954118,0.8823363314881771,0.46237969398498535,0.46153122186660767,-0.0026440704806296074
2,all spots,Hmgcll1,gene,-0.7865735245683756,0.0634654108271053,0.21923592686653137,0.19807563722133636,-0.14573315794887723
3,all spots,Bdh1,gene,0.24163294679045486,0.6446046285396311,0.47528764605522156,0.4804874658584595,0.01566511356504978
4,all spots,Bdh2,gene,0.5480987351205734,0.26017967716046286,0.05231089890003204,0.06077921390533447,0.21269100560868154
5,all spots,Oxct1,gene,-0.3370653236700019,0.5135495212680147,1.6349018812179565,1.5967402458190918,-0.034053340555766025
6,all spots,Acat1,gene,-0.3662845028779571,0.47514440443295425,0.8697364926338196,0.8454849720001221,-0.04075173248585118
7,all spots,Acss1,gene,-0.3698897730035275,0.47046921212355824,0.25993093848228455,0.24672174453735352,-0.07494750296747058
8,all spots,Acss2,gene,-0.8204599329034289,0.04545824921198078,0.5193862915039062,0.47548526525497437,-0.12715135656977164
9,all spots,Slc16a1,gene,-0.15061154730066767,0.7757909030325251,0.44903895258903503,0.4403936266899109,-0.027984079004553214
10,all spots,Slc16a7,gene,-0.6931571587947352,0.12678377901534996,0.23946526646614075,0.210689514875412,-0.18387870833212785
11,all spots,Slc16a3,gene,0.4520802187208654,0.36807696379024074,0.032425399869680405,0.036214906722307205,0.1549358004452974
12,all spots,Slc16a6,gene,-0.16349543774297942,0.7569420218890427,0.07121199369430542,0.06632237881422043,-0.10115231959279879
13,all spots,Slc5a8,gene,0.19552375045106618,0.7104517655485911,0.0019012665143236518,0.002081755083054304,0.08706938124361806
14,all spots,Bsg,gene,0.9734346785218048,0.0010492006675992414,2.4911446571350098,2.601409912109375,0.062460410094554164
15,all spots,Hcar2,gene,0.6674247310742745,0.1475170026879362,0.002074998803436756,0.003666220000013709,0.6016684791452506
16,all spots,Ffar3,gene,0.03881703410260131,0.941803692864717,0.0005116011016070843,0.0002182660246035084,-0.3112482757897716
17,all spots,Ffar2,gene,0.17997433910184138,0.732953244405369,0.0007316730916500092,0.000996665796265006,0.20542627216893167
18,all spots,Cpt1a,gene,0.24849726256959553,0.6349265696471698,0.22838294506072998,0.23024693131446838,0.011676091981736168
19,all spots,Cpt2,gene,0.27480257784890555,0.5981721917249256,0.12798447906970978,0.12855887413024902,0.006410362196390045
20,all spots,Acadm,gene,-0.15901683708251282,0.7634852224312694,0.45735540986061096,0.45044583082199097,-0.021913812879673422
21,all spots,Hadha,gene,0.03743810539857341,0.9438690787460868,0.6393238306045532,0.6393831372261047,0.00013361584033588845
22,all spots,Acaa2,gene,0.6249969657569119,0.1845730859964538,0.3067614734172821,0.3250442147254944,0.08325497931085038
23,all spots,Ppara,gene,-0.15040612211770976,0.7760920605888142,0.004460322670638561,0.004224397242069244,-0.06372161008384969
24,all spots,Ppargc1a,gene,-0.5379772306577636,0.2708847047574908,0.391004741191864,0.35118812322616577,-0.15452484519838242
25,all spots,Fgf21,gene,-0.15237489949123195,0.7732065793515814,0.0008483260753564537,0.0008666680078022182,0.014246068449844771
26,all spots,Ketogenesis,score,0.9109092627252429,0.011552175507796861,-0.0018136075556261081,0.009675859615971498,
27,all spots,Ketolysis,score,-0.4021925971365045,0.42924021736776213,-0.14906415632029446,-0.1618746630346316,
28,all spots,FA supply for ketogenesis,score,0.7922064673962829,0.060281157900266794,-0.02227040214771664,-0.01027133828207145,
29,WM-rich,Hmgcs2,gene,0.4242033477877877,0.401862352199174,0.07872027158737183,0.08473216742277145,0.10488999200963754
30,WM-rich,Hmgcl,gene,0.023329083169392004,0.9650127236274288,0.5355080366134644,0.5297679305076599,-0.015518577606361472
31,WM-rich,Hmgcll1,gene,0.017646797760368843,0.9735325510494262,0.13399747014045715,0.12963572144508362,-0.0473829254223411
32,WM-rich,Bdh1,gene,0.8553641353650319,0.029866442611955427,0.36394691467285156,0.38561540842056274,0.08321251255176447
33,WM-rich,Bdh2,gene,0.47907332951539067,0.33636636628665334,0.08330985903739929,0.09145785123109818,0.13309448687997777
34,WM-rich,Oxct1,gene,0.2947132630695296,0.5707288993433516,1.365262746810913,1.3649067878723145,-0.00037592118048528317
35,WM-rich,Acat1,gene,0.30633596691476034,0.5548695973529256,0.722726583480835,0.724414050579071,0.0033599244371989626
36,WM-rich,Acss1,gene,-0.18305503021673222,0.7284844633666524,0.25255057215690613,0.24253642559051514,-0.0581359585242036
37,WM-rich,Acss2,gene,-0.694650267420927,0.12562251948988512,0.5030788779258728,0.4153028726577759,-0.27601598965513324
38,WM-rich,Slc16a1,gene,0.30264590730687724,0.5598914961593446,0.6600693464279175,0.6862857341766357,0.05610839506905428
39,WM-rich,Slc16a7,gene,0.12630538329992383,0.8115494030882019,0.15716809034347534,0.1615077257156372,0.039049734032004436
40,WM-rich,Slc16a3,gene,0.7634490927493067,0.07731623706416255,0.036289528012275696,0.05715964734554291,0.6412479849295988
41,WM-rich,Slc16a6,gene,0.23045114342905904,0.6604426533514037,0.051704563200473785,0.051158417016267776,-0.015027791776156088
42,WM-rich,Slc5a8,gene,0.11435245408212714,0.8292189828808614,0.003422045148909092,0.0029308898374438286,-0.16985782205783292
43,WM-rich,Bsg,gene,0.898014617899418,0.01507115133754893,2.4361534118652344,2.6212210655212402,0.10559224917489936
44,WM-rich,Hcar2,gene,0.7065947947532898,0.11650079130562047,0.005733339581638575,0.012132817879319191,0.9637823742622472
45,WM-rich,Ffar3,gene,0.12214875685314247,0.8176881139169695,0.0004820062895305455,0.0,-0.5675515703531078
46,WM-rich,Ffar2,gene,0.06178261539747894,0.9074439918538412,0.0011852469760924578,0.0018222613725811243,0.3690552616305321
47,WM-rich,Cpt1a,gene,0.0038684014085364317,0.9941974268315987,0.2793457508087158,0.2759936451911926,-0.017354324851652995
48,WM-rich,Cpt2,gene,-0.03132305662226851,0.9530307811225758,0.18109628558158875,0.1734103560447693,-0.06221578814371181
49,WM-rich,Acadm,gene,0.7920053382495165,0.06039355939719673,0.44083213806152344,0.4624719023704529,0.06898351771040033
50,WM-rich,Hadha,gene,0.4863198709060176,0.32802922458949635,0.756645917892456,0.7946721315383911,0.0706502999648268
51,WM-rich,Acaa2,gene,0.3078501845267295,0.5528124714350802,0.3072908818721771,0.31140708923339844,0.019134971529388263
52,WM-rich,Ppara,gene,0.5865016194854799,0.2211212011979761,0.0020787317771464586,0.006160642020404339,1.217752761257667
53,WM-rich,Ppargc1a,gene,0.16932335861665568,0.7484422462662588,0.3147779107093811,0.31509149074554443,0.0014319427375121554
54,WM-rich,Fgf21,gene,-0.35091268601737213,0.49523661473254305,0.0009300834499299526,0.0005601998418569565,-0.3069323939318855
55,WM-rich,Ketogenesis,score,0.4580938359415337,0.36092473324093366,0.019410122008789353,0.024264005269266635,
56,WM-rich,Ketolysis,score,0.03436367006820411,0.9484747842706927,-0.1216686297944985,-0.12104092399844651,
57,WM-rich,FA supply for ketogenesis,score,0.222383900698346,0.671923102301252,0.07334850958914979,0.07878730479098475,
