gene,mean_DA_astro,mean_astro,log2FC,n_samples,wilcoxon_p
Bdh1,0.9856353,1.2454865,-0.3372784734391386,107,3.5610339561319415e-15
Acss1,0.4342354,1.0245072,-1.236469782976716,107,2.7312613078476504e-19
Acss2,0.90665764,1.2026975,-0.40725276596342913,107,4.270185348334913e-18
Slc16a1,2.7253828,1.1595926,1.2321264709813808,107,2.7312613078476504e-19
Slc16a3,0.13145462,0.022149721,2.51643140921032,107,2.2115779015196925e-18
Hcar2,0.014582809,0.008080581,0.7790987812875715,107,4.781704146144488e-08
Ffar3,0.0011179235,0.00060874637,0.39671360704514097,107,0.0858958258699641
Ffar2,0.006537078,0.0023702409,1.1611536110957013,107,1.3888887079123478e-06
Cpt1a,0.68704456,0.95475036,-0.4741318335795192,107,5.674071885692666e-19
Cpt2,0.28194314,0.3395531,-0.2673675420176388,107,1.380630712413181e-11
Acaa2,0.2768968,0.49889845,-0.8470857982006894,107,2.7312613078476504e-19
Ppara,0.06859451,0.1426568,-1.0455809521382013,107,3.8305803374265504e-19
Ppargc1a,0.35824972,0.68229926,-0.9275305086919552,107,2.7312613078476504e-19
Fgf21,0.0012694034,0.00074542034,0.3787385483160632,107,0.06419212043823669
