gene,pathway,frac_in_C4b-,frac_in_C4b+,frac_in_C4b-high,mean_in_C4b-,mean_in_C4b+,enrichment(+/-),spearman_rho,fisher_p
Bdh1,Ketone body synthesis,0.06858529055022604,0.15172868830826075,0.12075153050453874,0.21029385924339294,0.3678271770477295,2.2122628203659436,0.029719891164006165,1.7678013614482156e-109
Acss1,Ketone body utilisation,0.027015106406439518,0.054948535233570864,0.03303778762930124,0.07637209445238113,0.12677042186260223,2.033992922584711,-0.013220027451163737,5.784337045753806e-32
Acss2,Ketone body utilisation,0.1517256588377991,0.2933227764581684,0.24794173527549082,0.48097625374794006,0.755679726600647,1.933244374781344,0.030678040929480503,6.829766703233001e-181
Slc16a1,Monocarboxylate transporters,0.19263424853897895,0.3748482449195038,0.3134895503483217,0.6156522035598755,0.9953396320343018,1.9459065444619232,0.042381136936797154,6.70208824290756e-256
Slc16a3,Monocarboxylate transporters,0.03594663138162973,0.07740828714700448,0.04148195060164661,0.10672964155673981,0.18259330093860626,2.1534225648349192,-0.032922168572205326,1.065270347317502e-50
Hcar2,Ketone / SCFA receptors,0.005844084243025692,0.017550804961731326,0.006966434452184927,0.014765501953661442,0.03843837231397629,3.0031745320366303,-0.025135536092922985,1.7781517363874412e-19
Ffar3,Ketone / SCFA receptors,0.00011026574043444702,0.0004486671945104249,0.00010555203715431708,0.00036610744427889585,0.0009567506494931877,4.068962787015043,-0.003462840969869701,0.22812283665494842
Ffar2,Ketone / SCFA receptors,0.0026463777704267286,0.002982317234098707,0.0020054887059320244,0.00948956049978733,0.007314065471291542,1.1269431248350488,-0.009338703757249512,0.6651448186378097
Cpt1a,Fatty acid beta-oxidation,0.04631161098246775,0.10519926101873846,0.07536415452818239,0.13839510083198547,0.24633879959583282,2.2715526147117595,0.007110180021469824,3.938303020072922e-77
Cpt2,Fatty acid beta-oxidation,0.027786966589480648,0.07278965426233835,0.05309267468862149,0.0800778791308403,0.16789259016513824,2.619561009941058,0.01111964632697195,4.963662973714849e-66
Acaa2,Fatty acid beta-oxidation,0.025802183261660602,0.050488255476378995,0.031982267257758074,0.08065181225538254,0.11610943078994751,1.9567435423729962,-0.008225334761769829,5.558397826507507e-27
Ppara,Nutrient sensing / regulators,0.0037490351747711988,0.00728424386381631,0.004538737597635635,0.011982700787484646,0.016342008486390114,1.9429649294397093,-0.002061455590930675,8.992969859668769e-05
Ppargc1a,Mitochondrial biogenesis / dynamics,0.012460028669092514,0.02314594879915545,0.016466117796073463,0.038502056151628494,0.052414752542972565,1.8576160146862015,-0.0029674705622801003,1.964491636903519e-11
Fgf21,ketone extras,0.0,0.00047505938242280285,0.00021110407430863416,0.0,0.001175540848635137,,0.0016964399658693455,0.034201551457263654
