dataset,pathway,mean_C4b_high,mean_C4b_neg,diff_cells,MWU_p_cells,n_samples_paired,diff_paired_median,wilcoxon_p_samples
Aging_snRNA_HIP_CP_mouse,Ketone synthesis,0.024151973328875295,0.023031542792470574,0.0011204305364047214,0.004189542433234885,4,0.0020340841744921536,1.0
Aging_snRNA_HIP_CP_mouse,Ketone utilisation,-0.08150361764880847,-0.07830339134561701,-0.0032002263031914585,0.7831121479985632,4,-0.00668151722334296,0.625
Aging_snRNA_HIP_CP_mouse,Glycolysis,0.0016551920229037767,0.0016058603851683553,4.9331637735421444e-05,0.4318129688449015,4,0.0022493998257830153,0.625
Aging_snRNA_HIP_CP_mouse,Pyruvate to lactate,0.011342192882012023,-0.0007535749017007577,0.01209576778371278,0.060550716007169936,4,0.011510006431368972,0.125
Aging_snRNA_HIP_CP_mouse,Pentose phosphate,0.09645592893609939,0.09750203855006068,-0.001046109613961288,0.06376443187516308,4,-0.012634457522760732,0.875
Aging_snRNA_HIP_CP_mouse,TCA cycle,0.0276661281679123,0.01771765479875623,0.00994847336915607,0.16014897576624554,4,0.008661748170279697,0.125
Aging_snRNA_HIP_CP_mouse,OXPHOS,0.014380072314679061,0.01162632115528094,0.002753751159398122,0.7133025622617072,4,0.010670315656120926,0.375
Aging_snRNA_HIP_CP_mouse,Beta-oxidation,-0.027033976844693507,-0.03355653889663845,0.0065225620519449405,0.08588939046639633,4,0.007039966022097626,0.25
Aging_snRNA_HIP_CP_mouse,Lipid synthesis,0.11943638574589723,0.1195366516761766,-0.00010026593027936959,0.8364307423155646,4,0.0007103783112545614,1.0
Aging_snRNA_HIP_CP_mouse,Cholesterol synthesis,0.0013457487939792915,-0.012759240877548665,0.014104989671527957,0.04609642548896643,4,0.011788686098892396,0.125
Aging_snRNA_HIP_CP_mouse,Lipid transport / storage,0.17950715710365425,0.1490213238489019,0.030485833254752348,1.659798335747258e-05,4,0.026547734927960684,0.25
Aging_snRNA_HIP_CP_mouse,Myelin lipids,0.5764214535491771,0.5311957972160299,0.045225656333147124,0.0003087486508386672,4,0.02881277277602895,0.625
Kaya2022_aged_WM_vs_GM_scRNA,Ketone synthesis,-0.002208191333810226,0.012465352136311395,-0.014673543470121621,1.2383354113312906e-06,5,-0.015277125508775788,0.0625
Kaya2022_aged_WM_vs_GM_scRNA,Ketone utilisation,-0.03249256031973044,-0.010632693910989073,-0.021859866408741366,1.314100535950101e-05,5,-0.02414447085460892,0.0625
Kaya2022_aged_WM_vs_GM_scRNA,Glycolysis,0.09738048574708551,0.08774705270028169,0.009633433046803822,6.686004058157821e-06,5,0.009932690345053105,0.125
Kaya2022_aged_WM_vs_GM_scRNA,Pyruvate to lactate,-0.18009425470500234,-0.16254359401094567,-0.01755066069405667,3.24015792990772e-09,5,-0.016882257960460806,0.0625
Kaya2022_aged_WM_vs_GM_scRNA,Pentose phosphate,0.3831523075188009,0.36087031088107385,0.022281996637727064,0.0009543213271652393,5,0.0172742444015056,0.625
Kaya2022_aged_WM_vs_GM_scRNA,TCA cycle,0.111068554223927,0.08978323649063732,0.021285317733289677,1.7663642470018376e-11,5,0.012055291222945672,0.0625
Kaya2022_aged_WM_vs_GM_scRNA,OXPHOS,0.3277298526163408,0.3241584783188047,0.003571374297536123,0.778736942299171,5,0.0023116939295892425,0.625
Kaya2022_aged_WM_vs_GM_scRNA,Beta-oxidation,0.04777987779044996,0.04520961879808937,0.0025702589923605884,0.163525448525769,5,0.0023599307111746015,0.3125
Kaya2022_aged_WM_vs_GM_scRNA,Lipid synthesis,0.12760218188902464,0.1461662964908405,-0.018564114601815868,1.5287254015328053e-05,5,-0.019467784761865115,0.125
Kaya2022_aged_WM_vs_GM_scRNA,Cholesterol synthesis,0.11522752206569399,0.11252754055445713,0.0026999815112368625,0.30326318417183085,5,0.008118122524970586,0.1875
Kaya2022_aged_WM_vs_GM_scRNA,Lipid transport / storage,0.5533618179413031,0.5018731459670307,0.051488671974272426,1.600742781298607e-42,5,0.00742902836393089,0.4375
Kaya2022_aged_WM_vs_GM_scRNA,Myelin lipids,0.4198563970788782,0.3451635597876496,0.07469283729122855,5.662761544990118e-40,5,0.058477479609367,0.0625
LPC_Cuprizone_CC_snRNA_mouse,Ketone synthesis,-0.006377021727867467,-0.006933885567832419,0.0005568638399649521,0.0526015810662741,6,0.0027899040511204813,0.84375
LPC_Cuprizone_CC_snRNA_mouse,Ketone utilisation,-0.15255470424769665,-0.11173974309243133,-0.040814961155265325,0.000986586499842942,6,-0.05203031515027548,0.03125
LPC_Cuprizone_CC_snRNA_mouse,Glycolysis,-0.008097654149190062,-0.01640835985212564,0.00831070570293558,0.12110302681011292,6,0.0021401388756646716,0.0625
LPC_Cuprizone_CC_snRNA_mouse,Pyruvate to lactate,0.003871825014753962,0.004711203606582115,-0.0008393785918281529,0.2105312286017258,6,-0.006398367474882819,1.0
LPC_Cuprizone_CC_snRNA_mouse,Pentose phosphate,0.03990818194941237,0.05260950083443601,-0.01270131888502364,0.03876136900272174,6,-0.0034153391762953163,0.6875
LPC_Cuprizone_CC_snRNA_mouse,TCA cycle,0.016111093254705777,0.016190654838371944,-7.956158366616631e-05,0.49288175377442545,6,-0.0006834729692387874,0.5625
LPC_Cuprizone_CC_snRNA_mouse,OXPHOS,0.11246511694240262,0.08394435356072157,0.028520763381681052,0.010006185439776487,6,0.03607071216709959,0.03125
LPC_Cuprizone_CC_snRNA_mouse,Beta-oxidation,-0.02247922807809775,-0.01828973756386426,-0.00418949051423349,0.37736983334349405,6,-0.00505197773775512,0.5625
LPC_Cuprizone_CC_snRNA_mouse,Lipid synthesis,0.19983002954561926,0.21002288753810042,-0.010192857992481152,0.3185522634620144,6,0.031520366591095986,0.21875
LPC_Cuprizone_CC_snRNA_mouse,Cholesterol synthesis,0.019977972305928716,0.03891994292376474,-0.01894197061783602,0.001579793526355203,6,-0.003686896523405315,0.4375
LPC_Cuprizone_CC_snRNA_mouse,Lipid transport / storage,0.5110064857932289,0.2830835590349182,0.22792292675831072,8.103741386755723e-58,6,0.12133203267385881,0.03125
LPC_Cuprizone_CC_snRNA_mouse,Myelin lipids,0.2472734426083066,0.3079204030693389,-0.06064696046103227,0.0005403328363371796,6,-0.044255471451804224,0.03125
Park2023_AD_hippocampus_scRNA,Ketone synthesis,-0.009699744377361891,-0.02332536327297904,0.013625618895617149,0.3045429794272859,2,0.011326410394106888,
Park2023_AD_hippocampus_scRNA,Ketone utilisation,0.010212918885093344,0.011001276775522557,-0.000788357890429213,0.7017125098931833,2,0.009360081999988272,
Park2023_AD_hippocampus_scRNA,Glycolysis,0.05126419838078751,0.06177052281684852,-0.010506324436061011,0.4501133904759489,2,-0.010211593888904821,
Park2023_AD_hippocampus_scRNA,Pyruvate to lactate,-0.06930339557807305,-0.06695165330477616,-0.002351742273296889,0.7091138423141976,2,-0.003977280093362446,
Park2023_AD_hippocampus_scRNA,Pentose phosphate,0.3828767006976124,0.45387291740551894,-0.07099621670790651,0.0021246864074922975,2,-0.07260134025301024,
Park2023_AD_hippocampus_scRNA,TCA cycle,-0.07467990425260206,-0.06228118768607771,-0.012398716566524345,0.3722517201620462,2,0.006317763214921498,
Park2023_AD_hippocampus_scRNA,OXPHOS,0.48592998411489025,0.5673803436720849,-0.08145035955719465,3.532966913748469e-05,2,-0.05042578238032333,
Park2023_AD_hippocampus_scRNA,Beta-oxidation,0.013930040093660338,0.020613600502410137,-0.0066835604087497995,0.23242101247738345,2,-0.012274321328024952,
Park2023_AD_hippocampus_scRNA,Lipid synthesis,0.21187967793327905,0.24965862334533054,-0.037778945412051484,0.03565312544621776,2,-0.04540679534588343,
Park2023_AD_hippocampus_scRNA,Cholesterol synthesis,0.09840688277752101,0.2035018723240172,-0.1050949895464962,3.717136234806118e-09,2,-0.04168223612293277,
Park2023_AD_hippocampus_scRNA,Lipid transport / storage,0.6005664162984252,0.5022984163904759,0.09826799990794932,7.218528522314687e-09,2,0.020558045197789726,
Park2023_AD_hippocampus_scRNA,Myelin lipids,0.45720696142671524,0.547702666124164,-0.09049570469744872,0.0015486245581246528,2,-0.03747739896703925,
Serpina3n_Cuprizone_snRNA_mouse,Ketone synthesis,0.006090412292074651,-0.005243663625669258,0.011334075917743908,0.12763032917897835,0,,
Serpina3n_Cuprizone_snRNA_mouse,Ketone utilisation,-0.1266798901050649,-0.1510688923400958,0.024389002235030904,0.6247371791764313,0,,
Serpina3n_Cuprizone_snRNA_mouse,Glycolysis,-0.08606868898691784,-0.10724578931294025,0.021177100326022408,0.1307455494851152,0,,
Serpina3n_Cuprizone_snRNA_mouse,Pyruvate to lactate,0.03045624987332654,0.005976769136719491,0.02447948073660705,0.18620821113871133,0,,
Serpina3n_Cuprizone_snRNA_mouse,Pentose phosphate,0.09962122639443012,0.015483683924162711,0.0841375424702674,0.011774418002258428,0,,
Serpina3n_Cuprizone_snRNA_mouse,TCA cycle,-0.025315661774083387,-0.013665183005253897,-0.01165047876882949,0.3849603380409392,0,,
Serpina3n_Cuprizone_snRNA_mouse,OXPHOS,-0.017197422941795045,-0.013144426423998181,-0.004052996517796864,0.6480454555310005,0,,
Serpina3n_Cuprizone_snRNA_mouse,Beta-oxidation,-0.02425963374989637,-0.015384873616158073,-0.008874760133738297,0.08197406795008592,0,,
Serpina3n_Cuprizone_snRNA_mouse,Lipid synthesis,0.08273558724306491,0.009441308910891172,0.07329427833217374,0.006783814544490353,0,,
Serpina3n_Cuprizone_snRNA_mouse,Cholesterol synthesis,-0.01338164817204331,0.0071493042978599385,-0.020530952469903246,0.30039310682359965,0,,
Serpina3n_Cuprizone_snRNA_mouse,Lipid transport / storage,0.2200910037019212,0.06270961430996481,0.1573813893919564,7.166754385202897e-09,0,,
Serpina3n_Cuprizone_snRNA_mouse,Myelin lipids,0.21235825353649485,0.1206838815622696,0.09167437197422525,0.1122858518493048,0,,
Ximerakis2019_aging_brain_scRNA,Ketone synthesis,-0.020476132194201153,-0.002049739065833258,-0.018426393128367895,0.335417007752174,9,-0.013158275130886476,0.25
Ximerakis2019_aging_brain_scRNA,Ketone utilisation,-0.08847934840520223,-0.07620536743256104,-0.012273980972641194,0.5928019253520487,9,-0.02132826988383342,0.203125
Ximerakis2019_aging_brain_scRNA,Glycolysis,0.09060875789961204,0.10365447275496198,-0.013045714855349944,0.022127393388279838,9,0.0018103057168356307,0.91015625
Ximerakis2019_aging_brain_scRNA,Pyruvate to lactate,-0.18213233650944852,-0.16736555802126615,-0.014766778488182364,0.017937779707121366,9,-0.011841498491871022,0.0546875
Ximerakis2019_aging_brain_scRNA,Pentose phosphate,0.3309597093371881,0.3144734238363562,0.01648628550083192,0.3667765875972636,9,0.0314009983657684,0.203125
Ximerakis2019_aging_brain_scRNA,TCA cycle,-0.08864270001317613,-0.0663669897247354,-0.022275710288440734,0.022787664290808893,9,0.010598594892311727,0.734375
Ximerakis2019_aging_brain_scRNA,OXPHOS,0.37428065467156374,0.4102640442060498,-0.03598338953448604,0.008455496525671194,9,-0.01936507427605144,0.65234375
Ximerakis2019_aging_brain_scRNA,Beta-oxidation,-0.023072255929141788,-0.017264842400158156,-0.005807413528983632,0.4659639837114833,9,-0.015015605666801301,0.1640625
Ximerakis2019_aging_brain_scRNA,Lipid synthesis,0.08546270985404651,0.056374196864670496,0.029088512989376016,0.10229818398591146,9,0.024014862929519876,0.12890625
Ximerakis2019_aging_brain_scRNA,Cholesterol synthesis,0.0005363687119924576,0.02298422822144706,-0.022447859509454604,0.062229397911988345,9,0.013641959945775696,0.359375
Ximerakis2019_aging_brain_scRNA,Lipid transport / storage,0.34809121295581125,0.3065958609455229,0.04149535201028837,7.745345729263593e-05,9,0.011949436941186942,0.1640625
Ximerakis2019_aging_brain_scRNA,Myelin lipids,0.3513468458973699,0.41670907358203585,-0.06536222768466593,0.00038571914600794095,9,-0.003221025469680394,0.8203125
Zhou2020_5XFAD_snRNA,Ketone synthesis,-0.02643033426708842,-0.03684452553903827,0.010414191271949848,1.4378215826903765e-17,8,0.002832836075034661,0.4609375
Zhou2020_5XFAD_snRNA,Ketone utilisation,-0.0922618679788162,-0.09098122430645247,-0.0012806436723637321,2.2675702423341347e-05,8,0.0011947021110429792,0.7421875
Zhou2020_5XFAD_snRNA,Glycolysis,0.03549690124381945,0.08593496284218045,-0.050438061598361006,1.696199693918493e-16,8,-0.03824753431957206,0.015625
Zhou2020_5XFAD_snRNA,Pyruvate to lactate,-0.005483428646770612,0.010260684314616991,-0.015744112961387603,0.06145930165187933,8,-0.013300078630911804,0.109375
Zhou2020_5XFAD_snRNA,Pentose phosphate,0.09322129487401551,0.12747776081578355,-0.03425646594176804,0.3300577486201468,8,0.037637656185130056,0.078125
Zhou2020_5XFAD_snRNA,TCA cycle,-0.03614915232864582,-0.020787029563819847,-0.015362122764825976,0.12912169678102484,8,0.009052793319824831,0.0390625
Zhou2020_5XFAD_snRNA,OXPHOS,0.06938436395294813,0.04419887120545497,0.025185492747493154,0.03189861875946549,8,-0.005234149893113552,0.4609375
Zhou2020_5XFAD_snRNA,Beta-oxidation,-0.002314350929574311,-0.0025187162318854543,0.00020436530231114332,0.05310081711358325,8,-0.010526935167049127,0.109375
Zhou2020_5XFAD_snRNA,Lipid synthesis,0.31244924462350265,0.32466803040718395,-0.012218785783681296,0.5469960178581511,8,0.0633931812872818,0.1484375
Zhou2020_5XFAD_snRNA,Cholesterol synthesis,-0.007392439176931176,-0.004128520062683464,-0.0032639191142477117,0.8056821600357328,8,-0.0019714330958293565,1.0
Zhou2020_5XFAD_snRNA,Lipid transport / storage,0.5825820710527204,0.38420074176074887,0.19838132929197155,6.924484620427013e-54,8,0.16663065909702074,0.0078125
Zhou2020_5XFAD_snRNA,Myelin lipids,0.5420305454835337,0.6129793123955813,-0.07094876691204766,0.0010959391012461397,8,0.15426943615729938,0.0078125
