dataset,pathway,n_genes,mean_rho,median_rank,n_ranked,frac_top_500,MWU_p,top_gene,top_rho
Aging_snRNA_HIP_CP_mouse,Myelin lipid synthesis,6,0.009126026066667212,1646.0,13295,0.3333333333333333,0.04242048968692204,Fa2h,0.02832827198520425
Aging_snRNA_HIP_CP_mouse,Cholesterol / lipid transport,10,0.007849244543699372,3262.0,13295,0.3,0.18615932102873667,Apod,0.047354573079753874
Aging_snRNA_HIP_CP_mouse,Fatty acid uptake / activation,6,0.007147675355121941,2088.5,13295,0.16666666666666666,0.037213109625455515,Acsl1,0.0260395414895382
Aging_snRNA_HIP_CP_mouse,Lipid synthesis,9,0.0048572313995144355,2506.0,13295,0.1111111111111111,0.07746533268352544,Acaca,0.03130973213488171
Aging_snRNA_HIP_CP_mouse,Fatty acid beta-oxidation,15,0.00261396004956156,2980.0,13295,0.0,0.01747397631112479,Eci1,0.011134048303677563
Aging_snRNA_HIP_CP_mouse,Pentose phosphate pathway,4,0.002061040664387507,4721.0,13295,0.0,0.36452601780186566,Tkt,0.012703294516245871
Aging_snRNA_HIP_CP_mouse,Cholesterol synthesis,12,0.000926547595884623,5419.5,13295,0.08333333333333333,0.3960188167936136,Fdft1,0.0295224245315162
Aging_snRNA_HIP_CP_mouse,Mitochondrial biogenesis / dynamics,8,0.0007858919256300589,4927.5,13295,0.125,0.4219229866410049,Prkn,0.02162818532231422
Aging_snRNA_HIP_CP_mouse,Monocarboxylate transporters,4,7.350901782102702e-05,5117.0,13295,0.0,0.6567790805237346,Slc16a7,0.018025381569819487
Aging_snRNA_HIP_CP_mouse,Nutrient sensing / regulators,14,-0.0014016290343352386,5892.5,13295,0.0,0.5453733028069547,Ppard,0.014390306752771923
Aging_snRNA_HIP_CP_mouse,TCA cycle,13,-0.0017061753996852173,6046.0,13295,0.07692307692307693,0.8999771634068452,Ogdh,0.027671162877293324
Aging_snRNA_HIP_CP_mouse,Glycogen,4,-0.002556646058144983,7071.5,13295,0.0,0.9553729789243446,Gbe1,0.0031285419969534637
Aging_snRNA_HIP_CP_mouse,Ketone body utilisation,5,-0.0038703535100023125,7086.0,13295,0.0,0.7637041262258079,Acat1,0.0037600645843544234
Aging_snRNA_HIP_CP_mouse,Anaplerosis / amino acids,8,-0.004778696630571206,8868.0,13295,0.0,0.4570846000743459,Glud1,0.00481318267271077
Aging_snRNA_HIP_CP_mouse,Pyruvate fate,10,-0.005080895442373838,7207.0,13295,0.0,0.5608787829617059,Pdk3,0.0010582949311288819
Aging_snRNA_HIP_CP_mouse,Glycolysis,18,-0.005579095267832951,8007.0,13295,0.0,0.22431150409559697,Ldha,0.0037485809364063405
Aging_snRNA_HIP_CP_mouse,Oxidative phosphorylation,15,-0.011201611304037557,10365.0,13295,0.0,0.0012044551912968426,Ndufs1,0.0008004782947286684
Kaya2022_aged_WM_vs_GM_scRNA,Myelin lipid synthesis,6,0.05382028723573349,991.5,11601,0.3333333333333333,0.00887857566651442,Cers2,0.09344820377676406
Kaya2022_aged_WM_vs_GM_scRNA,Cholesterol / lipid transport,11,0.030014761074529838,5238.0,11601,0.09090909090909091,0.7591116719215283,Apod,0.3188893427274524
Kaya2022_aged_WM_vs_GM_scRNA,Pentose phosphate pathway,4,0.02913597226031672,5731.5,11601,0.25,0.5957906530024604,G6pdx,0.08724216831525652
Kaya2022_aged_WM_vs_GM_scRNA,TCA cycle,13,0.02529417327274259,3010.0,11601,0.0,0.05990732242540237,Idh2,0.06758784246127517
Kaya2022_aged_WM_vs_GM_scRNA,Nutrient sensing / regulators,13,0.01720753093342488,3194.0,11601,0.0,0.24753326766187866,Nfe2l2,0.07583855742944057
Kaya2022_aged_WM_vs_GM_scRNA,Glycolysis,19,0.015384313656604596,6173.0,11601,0.15789473684210525,0.7683841341488531,Gapdh,0.18510263284546094
Kaya2022_aged_WM_vs_GM_scRNA,Pyruvate fate,11,0.012295055737924821,7048.0,11601,0.0,0.7637098027007502,Pdk3,0.06748985134744105
Kaya2022_aged_WM_vs_GM_scRNA,Fatty acid beta-oxidation,16,0.011688867420080743,5367.0,11601,0.0,0.8602713491323322,Decr1,0.03186804187038262
Kaya2022_aged_WM_vs_GM_scRNA,Glycogen,4,0.01108328926751704,5509.5,11601,0.0,0.9375743432143435,Pygb,0.024820729569851138
Kaya2022_aged_WM_vs_GM_scRNA,Cholesterol synthesis,12,0.010969624412679568,3651.0,11601,0.0,0.4037051312546368,Sqle,0.05656058704683213
Kaya2022_aged_WM_vs_GM_scRNA,Oxidative phosphorylation,15,0.0071267517960881994,4525.0,11601,0.0,0.7533288428335649,Atp5b,0.05663694489505989
Kaya2022_aged_WM_vs_GM_scRNA,Monocarboxylate transporters,5,0.0030563492057560453,5955.0,11601,0.0,0.8411593262627577,Slc16a7,0.06382460784242636
Kaya2022_aged_WM_vs_GM_scRNA,Fatty acid uptake / activation,7,-0.002218900032659847,9550.0,11601,0.14285714285714285,0.03391770708013942,Fabp5,0.1357760307882548
Kaya2022_aged_WM_vs_GM_scRNA,Mitochondrial biogenesis / dynamics,7,-0.005243105986966687,6436.0,11601,0.0,0.26476828189253676,Mfn2,0.03733023242250026
Kaya2022_aged_WM_vs_GM_scRNA,Ketone body utilisation,4,-0.005354078512270814,8876.0,11601,0.0,0.16296087293483041,Acat1,0.020010798630500905
Kaya2022_aged_WM_vs_GM_scRNA,Lipid synthesis,9,-0.015517057988705535,10391.0,11601,0.1111111111111111,0.1583794209136431,Fasn,0.09134359339132783
Kaya2022_aged_WM_vs_GM_scRNA,Anaplerosis / amino acids,8,-0.036117843071139855,5509.0,11601,0.0,0.9156868992059428,Slc25a1,0.044664926329327524
LPC_Cuprizone_CC_snRNA_mouse,Cholesterol / lipid transport,11,0.09498821421836517,849.0,10656,0.45454545454545453,7.532971732264216e-05,Apoe,0.23713157616844657
LPC_Cuprizone_CC_snRNA_mouse,Monocarboxylate transporters,4,0.061928992631703095,1120.0,10656,0.25,0.04534699842640019,Bsg,0.08226917316664467
LPC_Cuprizone_CC_snRNA_mouse,Mitochondrial biogenesis / dynamics,7,0.05234287686018262,2262.0,10656,0.0,0.04654169621547468,Dnm1l,0.07259825090198159
LPC_Cuprizone_CC_snRNA_mouse,Anaplerosis / amino acids,8,0.04661136548580748,4156.5,10656,0.125,0.3058882007323096,Glul,0.09115682537214306
LPC_Cuprizone_CC_snRNA_mouse,Nutrient sensing / regulators,13,0.04614841666852899,3205.0,10656,0.0,0.07638539231481012,Ppard,0.07621281837957752
LPC_Cuprizone_CC_snRNA_mouse,Fatty acid uptake / activation,5,0.04532058934317404,2954.0,10656,0.0,0.28029096336260384,Fabp7,0.06466162895016085
LPC_Cuprizone_CC_snRNA_mouse,TCA cycle,13,0.04207589280333102,3729.0,10656,0.0,0.3251825463371494,Aco2,0.0698117425668805
LPC_Cuprizone_CC_snRNA_mouse,Oxidative phosphorylation,15,0.041906651675456326,3900.0,10656,0.0,0.17912728118454235,Cox7c,0.059164483859473094
LPC_Cuprizone_CC_snRNA_mouse,Myelin lipid synthesis,6,0.04052736395558707,3988.5,10656,0.0,0.37768698162291703,Cers2,0.07809837522309616
LPC_Cuprizone_CC_snRNA_mouse,Pyruvate fate,9,0.03851391338592829,4903.0,10656,0.0,0.6917900559191176,Pdk2,0.06394297483301287
LPC_Cuprizone_CC_snRNA_mouse,Fatty acid beta-oxidation,13,0.033234833807806605,6252.0,10656,0.0,0.5323289272542377,Cpt1c,0.05914696852602203
LPC_Cuprizone_CC_snRNA_mouse,Glycolysis,18,0.03277607946273106,6878.0,10656,0.1111111111111111,0.3567209852437446,Gapdh,0.08240523025305135
LPC_Cuprizone_CC_snRNA_mouse,Lipid synthesis,9,0.029931686892056504,5705.0,10656,0.1111111111111111,0.8364801377318337,Acaca,0.0835239218348363
LPC_Cuprizone_CC_snRNA_mouse,Ketone body utilisation,5,0.02955340620243089,5881.0,10656,0.0,0.4038324343854295,Acss2,0.041389592469370386
LPC_Cuprizone_CC_snRNA_mouse,Pentose phosphate pathway,4,0.027430638908387893,7053.0,10656,0.0,0.30679695036459476,Taldo1,0.04094276617446951
LPC_Cuprizone_CC_snRNA_mouse,Glycogen,4,0.027330421850422063,6583.0,10656,0.0,0.37278773188824577,Gbe1,0.043956488499201564
LPC_Cuprizone_CC_snRNA_mouse,Cholesterol synthesis,12,0.023263271666234597,8296.5,10656,0.0,0.007541395563687202,Fdft1,0.05844886383852027
Park2023_AD_hippocampus_scRNA,Cholesterol / lipid transport,10,0.03373632934967556,4739.5,11007,0.2,0.27140792547120407,Plin4,0.08148310042982806
Park2023_AD_hippocampus_scRNA,Lipid synthesis,9,0.029719060155226622,4360.0,11007,0.1111111111111111,0.5257252746534375,Acaca,0.08182535794625737
Park2023_AD_hippocampus_scRNA,Mitochondrial biogenesis / dynamics,7,0.02941560628397789,3738.0,11007,0.0,0.29597585563915574,Nrf1,0.04116457897965311
Park2023_AD_hippocampus_scRNA,TCA cycle,13,0.025915714551024684,5233.0,11007,0.0,0.6350575147153661,Dlst,0.05893454085429931
Park2023_AD_hippocampus_scRNA,Glycolysis,19,0.025554558251571203,6431.0,11007,0.10526315789473684,0.26379309328611344,Gapdh,0.12805072420581337
Park2023_AD_hippocampus_scRNA,Nutrient sensing / regulators,13,0.023674751539617615,5130.0,11007,0.0,0.9537216152577116,Mtor,0.04065481151750959
Park2023_AD_hippocampus_scRNA,Fatty acid beta-oxidation,16,0.0224527386072075,5885.0,11007,0.0625,0.6558931048944159,Hadha,0.0633953799302926
Park2023_AD_hippocampus_scRNA,Ketone body utilisation,5,0.0217633971629977,7613.0,11007,0.0,0.7377565956331098,Acat1,0.04505341761302605
Park2023_AD_hippocampus_scRNA,Cholesterol synthesis,12,0.01847401629552513,6498.0,11007,0.08333333333333333,0.3012657455306108,Srebf2,0.09076095559337666
Park2023_AD_hippocampus_scRNA,Pyruvate fate,10,0.017477573991006596,6556.0,11007,0.0,0.37854104981911907,Pdhb,0.03297712457071003
Park2023_AD_hippocampus_scRNA,Pentose phosphate pathway,4,0.016507695014740514,5615.5,11007,0.0,0.561260649135386,Pgd,0.030114372544592725
Park2023_AD_hippocampus_scRNA,Myelin lipid synthesis,6,0.014984232113179579,6211.5,11007,0.0,0.505812303668328,Sptlc1,0.04354609283488833
Park2023_AD_hippocampus_scRNA,Anaplerosis / amino acids,8,0.013360890843425623,5503.5,11007,0.0,0.46037429607766445,Gls,0.04041248367956161
Park2023_AD_hippocampus_scRNA,Monocarboxylate transporters,5,0.011945529106708219,6154.0,11007,0.0,0.3207422543561892,Slc16a7,0.042153302464082734
Park2023_AD_hippocampus_scRNA,Fatty acid uptake / activation,7,0.010557871242302239,8079.0,11007,0.0,0.09621932517957953,Acsl1,0.045880175964573694
Park2023_AD_hippocampus_scRNA,Oxidative phosphorylation,15,0.007384058395877366,8071.0,11007,0.0,0.009584633703322895,Atp5a1,0.03542168916704299
Serpina3n_Cuprizone_snRNA_mouse,Pentose phosphate pathway,4,0.0914183327199958,1095.5,13537,0.0,0.009200669592790735,Pgd,0.10600194820822115
Serpina3n_Cuprizone_snRNA_mouse,Cholesterol / lipid transport,10,0.08564168084581487,2579.0,13537,0.1,0.001360620902304845,Apoe,0.17313492716251785
Serpina3n_Cuprizone_snRNA_mouse,Fatty acid uptake / activation,6,0.07574918925032052,2804.5,13537,0.16666666666666666,0.10041672222047157,Acsbg1,0.1309770801612296
Serpina3n_Cuprizone_snRNA_mouse,Lipid synthesis,10,0.07259770151840676,3340.5,13537,0.2,0.04742479831680229,Mlxipl,0.15125019478896767
Serpina3n_Cuprizone_snRNA_mouse,Myelin lipid synthesis,6,0.0716504540007879,3259.5,13537,0.0,0.04442981959460496,Gal3st1,0.08978825752034214
Serpina3n_Cuprizone_snRNA_mouse,Nutrient sensing / regulators,15,0.06826912933610084,2994.0,13537,0.06666666666666667,0.03143276621632216,Nfe2l2,0.1416297043231021
Serpina3n_Cuprizone_snRNA_mouse,Glycolysis,20,0.06714121888136534,4069.0,13537,0.15,0.05143703141424999,Hk2,0.18818471277686832
Serpina3n_Cuprizone_snRNA_mouse,Fatty acid beta-oxidation,14,0.06358683393873928,3920.0,13537,0.07142857142857142,0.07268337446480838,Cpt1a,0.12310668495431748
Serpina3n_Cuprizone_snRNA_mouse,Oxidative phosphorylation,15,0.060588365617780075,4524.0,13537,0.0,0.08437949540460336,Ndufa4,0.09479362849334845
Serpina3n_Cuprizone_snRNA_mouse,Pyruvate fate,11,0.059571606657510164,5452.0,13537,0.0,0.1783559053740753,Pdk4,0.08729172272828722
Serpina3n_Cuprizone_snRNA_mouse,Anaplerosis / amino acids,8,0.058223623879836,4016.0,13537,0.0,0.2486584244820058,Glul,0.10194662563784349
Serpina3n_Cuprizone_snRNA_mouse,Glycogen,4,0.057864076913487855,4308.5,13537,0.0,0.4531424478827021,Pygb,0.07095207621534824
Serpina3n_Cuprizone_snRNA_mouse,Monocarboxylate transporters,4,0.0549850185610564,6822.5,13537,0.0,0.8010223262729552,Slc16a6,0.09977369865504307
Serpina3n_Cuprizone_snRNA_mouse,TCA cycle,13,0.047795712242711695,6099.0,13537,0.0,0.907775619301489,Idh2,0.07093355711877927
Serpina3n_Cuprizone_snRNA_mouse,Ketone body utilisation,5,0.0441269259011568,10552.0,13537,0.0,0.6225581654064357,Acss1,0.09938014688323898
Serpina3n_Cuprizone_snRNA_mouse,Cholesterol synthesis,12,0.03986781816377711,8672.0,13537,0.0,0.25022676992804027,Fdps,0.07677919112139471
Serpina3n_Cuprizone_snRNA_mouse,Mitochondrial biogenesis / dynamics,8,0.03006345320938941,9021.5,13537,0.0,0.07785087418309397,Nrf1,0.057021067713472436
Ximerakis2019_aging_brain_scRNA,Ketone body utilisation,4,0.01895960194156746,3614.0,9724,0.0,0.31884648756531897,Acat1,0.030561252468334136
Ximerakis2019_aging_brain_scRNA,TCA cycle,13,0.018119368200509352,3407.0,9724,0.07692307692307693,0.1480668364123684,Sucla2,0.03937010869396522
Ximerakis2019_aging_brain_scRNA,Cholesterol / lipid transport,10,0.016382770434993175,5550.0,9724,0.2,0.9214865697966887,Apod,0.06009186878514686
Ximerakis2019_aging_brain_scRNA,Fatty acid beta-oxidation,15,0.01615104020903328,3485.0,9724,0.0,0.25516488946566396,Acaa2,0.03232281489038721
Ximerakis2019_aging_brain_scRNA,Mitochondrial biogenesis / dynamics,6,0.015660746343697924,5216.5,9724,0.0,0.6355872016681007,Dnm1l,0.03150053383319118
Ximerakis2019_aging_brain_scRNA,Nutrient sensing / regulators,13,0.015560730998364605,4754.0,9724,0.15384615384615385,0.5376155759370228,Txnip,0.043221774734540114
Ximerakis2019_aging_brain_scRNA,Pentose phosphate pathway,4,0.010690134349249437,4225.0,9724,0.0,0.8947664488319966,G6pdx,0.029697298236849017
Ximerakis2019_aging_brain_scRNA,Pyruvate fate,10,0.00948771310313474,4228.0,9724,0.0,0.7986382385205156,Pdk4,0.024842867364099477
Ximerakis2019_aging_brain_scRNA,Lipid synthesis,9,0.007893111639263392,4556.0,9724,0.2222222222222222,0.7516431189872683,Acaca,0.04824996541978925
Ximerakis2019_aging_brain_scRNA,Glycolysis,17,0.0076116966799982585,6262.0,9724,0.0,0.37296787018999644,Gpi1,0.031030965859599805
Ximerakis2019_aging_brain_scRNA,Monocarboxylate transporters,5,0.0009977346499834311,8609.0,9724,0.0,0.0873880974246431,Slc16a7,0.02143939572818188
Ximerakis2019_aging_brain_scRNA,Fatty acid uptake / activation,7,0.000666593446964458,8814.0,9724,0.2857142857142857,0.20089616596111404,Slc27a1,0.03925770101909144
Ximerakis2019_aging_brain_scRNA,Cholesterol synthesis,12,-0.0003160490263846815,8362.5,9724,0.0,0.0007333225224007173,Srebf2,0.03196150929653361
Ximerakis2019_aging_brain_scRNA,Oxidative phosphorylation,15,-0.009122267893858338,8524.0,9724,0.06666666666666667,0.004285665283804721,Ndufs1,0.035363414166156217
Ximerakis2019_aging_brain_scRNA,Anaplerosis / amino acids,8,-0.009356811839941841,5101.5,9724,0.0,0.4624173300723202,Got1,0.02283243567731535
Ximerakis2019_aging_brain_scRNA,Myelin lipid synthesis,6,-0.0117094486572682,8764.0,9724,0.0,0.0013323855669007917,Sptlc1,0.0041036639611242405
Zhou2020_5XFAD_snRNA,Cholesterol / lipid transport,10,0.0174408373978353,2262.0,11527,0.3,0.022460396423849206,Apod,0.10670383460744763
Zhou2020_5XFAD_snRNA,Fatty acid beta-oxidation,11,-0.0016600645910150836,2951.0,11527,0.0,0.1355912574991071,Hadhb,0.010841717050381986
Zhou2020_5XFAD_snRNA,Cholesterol synthesis,12,-0.002866878295142166,4897.0,11527,0.0,0.20358430776756953,Cyp51,0.008153717687694455
Zhou2020_5XFAD_snRNA,Monocarboxylate transporters,4,-0.003173506955569794,5115.0,11527,0.0,0.59885016875301,Slc16a1,0.007400225898723339
Zhou2020_5XFAD_snRNA,Nutrient sensing / regulators,14,-0.00593859238790232,4152.5,11527,0.0,0.8131321157038618,Nfe2l2,0.009573610094737391
Zhou2020_5XFAD_snRNA,Lipid synthesis,9,-0.006175030769317463,4492.0,11527,0.1111111111111111,0.8870442121863723,Elovl1,0.015726427180297604
Zhou2020_5XFAD_snRNA,Fatty acid uptake / activation,5,-0.008665127101117224,7688.0,11527,0.2,0.451800113558232,Fabp5,0.021866718478135788
Zhou2020_5XFAD_snRNA,Pyruvate fate,11,-0.008720234170693867,7729.0,11527,0.0,0.2580206279971261,Pdk3,-0.00021540199978682843
Zhou2020_5XFAD_snRNA,Myelin lipid synthesis,6,-0.008915628250398905,4877.0,11527,0.0,0.9038402597254136,Cers2,0.006399845688574108
Zhou2020_5XFAD_snRNA,Mitochondrial biogenesis / dynamics,7,-0.009022982257554643,6736.0,11527,0.0,0.29247560042304743,Nrf1,0.004334109385182193
Zhou2020_5XFAD_snRNA,Glycogen,4,-0.010102979243607793,6847.0,11527,0.0,0.427543256627412,Gbe1,-0.002270853114377243
Zhou2020_5XFAD_snRNA,TCA cycle,13,-0.01043662423678645,6987.0,11527,0.0,0.06301032269276599,Idh2,0.0007012605999103496
Zhou2020_5XFAD_snRNA,Ketone body utilisation,5,-0.011035871597816363,10035.0,11527,0.0,0.3469069570956651,Acss1,0.003929608495190717
Zhou2020_5XFAD_snRNA,Pentose phosphate pathway,4,-0.012042102432371835,8418.0,11527,0.0,0.12581238258579794,G6pdx,-0.006734128980847891
Zhou2020_5XFAD_snRNA,Oxidative phosphorylation,14,-0.013493643088756358,9322.5,11527,0.0,0.004820843871111696,Ndufb8,0.003605642378976234
Zhou2020_5XFAD_snRNA,Anaplerosis / amino acids,8,-0.01667413618187208,9372.5,11527,0.0,0.01265506658943846,Gls,-0.0005812229079615303
Zhou2020_5XFAD_snRNA,Glycolysis,18,-0.016733959047823863,8553.5,11527,0.0,0.00046325376698596514,Pfkfb3,-0.001966195728361525
