cell_type,dataset,Ketone synthesis,Ketone utilisation,Glycolysis,Pyruvate to lactate,Pentose phosphate,TCA cycle,OXPHOS,Beta-oxidation,Lipid synthesis,Cholesterol synthesis,Lipid transport / storage,Myelin lipids
Oligodendrocyte,Absinta2021_MS_human_snRNA,0.004136140595709132,-0.02141701404900423,-0.05880260812348895,-0.013856833905733567,0.02078850091303256,0.03777475325970652,-0.005399595976937101,-0.0020735909523605794,0.0755121895063943,0.07001015339665112,0.02868875423104078,0.276198839770595
Astrocyte,Absinta2021_MS_human_snRNA,-0.01500160267249688,-0.0633336647589682,0.06249388904933662,-0.034189103772594126,-0.02143210885615053,-0.003920630887605622,-0.045147822774766505,0.01473266923779575,-0.08312896469294018,-0.13564585826784387,0.020875292425891687,-0.24891160291266134
Microglia,Absinta2021_MS_human_snRNA,-0.01248597672239319,-0.13107279294062082,0.09380307631257304,-0.0065123042315512894,-0.019892005279045746,-0.030384558928296005,-0.03181372174410818,-0.01865494953715183,-0.03849813044010237,-0.11747639741099343,0.015567920974881463,-0.2382744888228305
Neuron,Absinta2021_MS_human_snRNA,-0.01603490047632606,-0.12565425750148582,-0.041794724024432815,-0.03971253723528693,-0.0857337774213535,-0.021053137296038932,-0.04565109537695159,-0.03023852857431189,-0.05414344928808708,-0.16124802458837748,-0.17339860220269399,-0.22394126088903094
OPC,Absinta2021_MS_human_snRNA,-0.00281614106550984,-0.11752767384664309,-0.035670105577902025,-0.058586634877693305,-0.07385858597097726,-0.023021579584835063,-0.03770767544829862,-0.006567160979428514,-0.047024819282858156,0.03537287920727127,-0.08762876243300885,-0.15764813349192447
Vascular/Fibroblast,Absinta2021_MS_human_snRNA,-0.032661812344535454,-0.10452898453726236,0.0927156477079687,0.018772117320584845,-0.07744117961974,-0.02846819613528654,0.001409757355507497,0.010391895847260675,-0.07866088492064434,-0.14651465725179857,0.033120037612932626,-0.21232779637513843
Immune (lymphoid/myeloid),Absinta2021_MS_human_snRNA,-0.008851392738924825,-0.03528403344608489,0.012185867411162465,0.0020851373744258874,-0.06564032385061527,-0.024825198924253878,-0.02829744304565197,-0.013670199114994756,-0.016833516418379255,-0.06719403684139251,-0.13623156356095026,-0.16940864486490168
Neuron,Aging_snRNA_HIP_CP_mouse,-0.006292803968712523,-0.07666632795359826,0.04544440254369587,0.008591327657061559,-0.005561323622119259,0.04353884060210189,-0.030202475046945846,-0.059197922410527334,-0.1445431298865745,-0.06596162989631525,-0.08130004481633965,-0.1229573595808864
Oligodendrocyte,Aging_snRNA_HIP_CP_mouse,0.02257441433268947,-0.07845808701391566,0.001114917505343643,0.000223768778574213,0.09796502943481128,0.017668687621476085,0.009321103059543886,-0.03334161433627353,0.12075448745453526,-0.012382012604377265,0.15145742315285185,0.5348211114583619
Astrocyte,Aging_snRNA_HIP_CP_mouse,0.02406450987676521,0.2229082954183726,0.06818683655680101,0.0038254094211308495,0.026111991930746273,0.09384912595697163,0.00924577211721475,0.017406658581381854,0.07326734807046968,0.03416496481232433,0.1307339124397046,-0.09627322280439049
OPC,Aging_snRNA_HIP_CP_mouse,-0.017864050408923228,-0.05168222317567231,0.0665300470334938,0.004124022414204739,0.01898091214287519,0.03534085969330895,0.08600402140726471,-0.020794935518965836,-0.013538654238725342,-0.031271276442787134,0.07710449419599655,0.020700009791743388
Microglia,Aging_snRNA_HIP_CP_mouse,-0.01657666694564424,0.08248992281654194,0.06632352494360118,0.031467868813750605,0.020037727109277783,-0.001636424744704028,-0.018644072821424197,-0.06725861760480736,-0.060909254847041745,-0.10722273398853172,0.06820598805095442,-0.07055995682517789
Vascular/Fibroblast,Aging_snRNA_HIP_CP_mouse,0.039681154779565166,-0.09220390631402602,-0.006553459948343325,-0.052900318021256915,-0.0025147744388211764,0.020059479473828225,0.01205893342862797,-0.0021534704939300464,-0.06702633556793554,-0.07454281314868946,0.1252020228956326,-0.08982432888184727
Endothelial,Aging_snRNA_HIP_CP_mouse,0.0188421882444573,-0.18529834999255984,0.07437182607819814,-0.03312965915254925,0.029576036266730166,0.0043355580862103945,0.056262616319906096,0.0018816842179112283,-0.08966352435616637,-0.088315878907897,0.03446292958608158,-0.08534149160380419
Immune (lymphoid/myeloid),Aging_snRNA_HIP_CP_mouse,-0.0036644518196582805,-0.016113787758009777,0.048582221746734745,-0.0033139563401540124,-0.006117829007604664,0.07141442867837483,-0.03174357904920987,-0.07411971829295158,-0.08796020111015865,0.03566708003309951,-0.066657214352559,-0.13081653970082602
Ependymal,Aging_snRNA_HIP_CP_mouse,0.035415754001765026,0.1691956104255858,0.056495087233220644,-0.02529013694404925,0.012817584803121352,0.14927950477936952,0.04266765150156393,0.04108426392858936,-0.025001796052569435,-0.07685407747784206,-0.0010475367558939312,-0.11371159126550431
Oligodendrocyte,Jakel2019_MS_human_snRNA,0.006175048320352365,0.023220692186671766,0.03615790788690126,0.0025793474860636976,0.020418498505666467,-0.008916634055376401,-0.048783081299415665,0.013585935944917055,0.21053962663961914,0.05674978185684781,0.25807945989048336,0.26131327043755653
Neuron,Jakel2019_MS_human_snRNA,0.011209265020017765,0.007137694241140769,0.23722088076716666,0.009801608268410237,-0.1522373552519214,0.015750374414109022,0.08995455518549529,-0.026309173309444035,-0.09317510190417147,-0.10161027950146682,-0.08789209942646926,-0.21660491633554435
Astrocyte,Jakel2019_MS_human_snRNA,0.014021676784397637,0.07138586751056882,0.1965348002557879,0.015773666005091537,-0.022821024838181124,-0.0067491993129237295,-0.010910727716682422,0.05767948971165711,0.013340021239385236,-0.0755117871149711,0.2708401772906175,-0.06674281542321485
Endothelial,Jakel2019_MS_human_snRNA,-0.04240723685685882,-0.0652057794302084,0.3081933095672901,0.04835491137802463,-0.055360279827121724,-0.04650562462581844,0.05316282184880696,0.004140093209044698,-0.05170019668676923,-0.09641236091440929,0.0590870751129193,-0.10918476009845472
Immune (lymphoid/myeloid),Jakel2019_MS_human_snRNA,-0.029435268981816736,-0.047416669974851486,0.19594395194459172,0.09378845877435578,0.13499730682434025,0.011070796088205409,0.13492314892148524,0.01608595228202124,-0.04272783260506903,-0.06096903905223649,6.153736831993442e-05,-0.048857796922113186
Vascular/Fibroblast,Jakel2019_MS_human_snRNA,-0.05143167183032105,-0.0604620991615175,0.24232321363759807,0.04700598519319572,-0.0727781178060757,-0.014017255110675243,0.06741514760532315,0.015054065531923445,-0.0890027305384051,-0.11443111617729901,0.17365918309023826,-0.13323303711537082
Other,Jakel2019_MS_human_snRNA,-0.002274936745782275,0.005666057647557813,0.08823409236094173,-0.018905175396337726,-0.020047402051350055,-0.0182755274481261,-0.06538176621165909,0.013199967520937888,0.11282014940338299,-0.017874818848378327,0.28777095492583515,0.12458265025493435
Microglia,Jakel2019_MS_human_snRNA,-0.02378306506509009,-0.005360965038014348,0.05669334287413671,-0.02781352314326734,-0.03609292653955032,-0.03793575965768527,-0.07352393985908721,0.0001627016501433144,-0.005156758853979541,-0.10686583319156755,0.2862077379941569,-0.08576780025691809
OPC,Jakel2019_MS_human_snRNA,0.00584382933858257,-0.026810572237679454,0.029827370878349226,-0.04764226916176017,-0.14866686633251833,-0.04392969265955207,-0.11007917227167073,0.013845443507479764,-0.06161322048589175,-0.04759537609039067,0.12165512351262751,-0.0640710395906704
Oligodendrocyte,Kaya2022_aged_WM_vs_GM_scRNA,0.005476240446996334,-0.02154654586481395,0.09037299764450728,-0.17069929654979715,0.3735362664074779,0.1009384019950405,0.3399996538399804,0.051581782853695565,0.1353851177597914,0.10688223645275641,0.5311813238078215,0.37318942632201235
Immune (lymphoid/myeloid),Kaya2022_aged_WM_vs_GM_scRNA,-0.05227188385102234,0.016944346730352482,0.2712313559457014,0.05086609315717132,0.03953693297978842,0.03104733481587987,0.1430974763824857,0.015420324418625831,-0.3620645408374612,-0.13121196932949833,0.3396939171431562,-0.4547500066674443
Microglia,Kaya2022_aged_WM_vs_GM_scRNA,-0.07203741653237229,0.032571204600713444,0.1836575709135823,0.05103203915367181,-0.03629462793514638,0.009821955103025309,0.012226945876509106,-0.002944544587717317,-0.38273681502524565,-0.2023249391998529,0.08209726015476813,-0.48317426780242434
Astrocyte,Kaya2022_aged_WM_vs_GM_scRNA,0.01581648558290853,0.19139280629737723,0.5239134915081453,0.14248215619768226,0.11872368960334097,0.2785555869317368,0.5054807684079884,0.18303052667770303,0.07374627771565413,0.30699995940422004,0.40696349329845405,-0.23238884392967102
Neuron,Kaya2022_aged_WM_vs_GM_scRNA,-0.06465279878914283,0.011717616772913672,0.05582712897875467,-0.12332463854835146,-0.061903645906037905,0.049082381677809164,0.41808544122255764,-0.06245624957920554,-0.22840273033537553,-0.02715272681093882,0.031200492136296068,-0.3623553619218105
Endothelial,Kaya2022_aged_WM_vs_GM_scRNA,-0.03736198005316227,-0.049408171824987426,0.2690482397778656,0.046771324545858535,0.06746207545585176,0.06538170411441867,0.2874299487927122,0.06852485773945659,-0.19214335388297815,-0.05848083488318895,0.22734833205100644,-0.24384836583067263
Ependymal,Kaya2022_aged_WM_vs_GM_scRNA,0.07103337125665692,0.16507297954789127,0.7115486083056588,0.3268609859984882,0.08284183005970644,0.6494976820715939,1.3693999839307793,0.3900281800795497,-0.32844140237256936,-0.0316051989058508,0.17331920105085521,-0.35850281935619066
OPC,Kaya2022_aged_WM_vs_GM_scRNA,-0.006665107866128286,0.03004685792393154,0.21243330431981997,-0.04282639940285388,-0.06495922210039917,0.06856768587452668,0.4032370354687726,0.04530191716661938,-0.12476213116275739,0.09079379274950287,0.14383077763375782,-0.16823384750772405
Oligodendrocyte,LPC_Cuprizone_CC_snRNA_mouse,-0.006737378556983194,-0.11552940788639875,-0.01724283574098262,0.005465926897044724,0.05158200234903706,0.016767771943663343,0.08522836664912925,-0.0192480827499418,0.21070145728517764,0.03779670272502608,0.3073896095545704,0.3111424409913104
Microglia,LPC_Cuprizone_CC_snRNA_mouse,-0.03751071797130376,-0.05270627532395847,0.04605574918999364,0.019308320186465205,-0.006931575624290144,-0.0018212801472054598,0.010984454394069598,-0.03329837404582828,0.01088825073928358,-0.06619910409756649,0.43077054017980215,-0.20726389470374187
Neuron,LPC_Cuprizone_CC_snRNA_mouse,-0.032546087736471885,-0.018883762567222087,-0.005262845620994456,-0.04771891190663046,-0.11603731623012539,0.034694785695562336,0.0027038771021584795,-0.07402730049383259,-0.1343823804051926,0.017629748758282295,-0.06803368082026562,-0.2601594866691249
OPC,LPC_Cuprizone_CC_snRNA_mouse,-0.020307395651539804,-0.08642872137637438,-0.04631062278765649,-0.05221930497020115,-0.03407906416042177,0.013526439041184737,0.04869677620764357,-0.036460059729456804,-0.001016517466782761,0.019322819095323136,0.12940385050647935,0.002100272973657797
Immune (lymphoid/myeloid),LPC_Cuprizone_CC_snRNA_mouse,-0.04112420959058982,-0.0630584966902116,0.0405526270308972,0.0029629361302436824,-0.003412494071368328,-0.002197598506304887,0.02514546632351567,-0.022224619150874807,0.05734795845355561,-0.04227703644456534,0.5747260209182602,-0.17010352931615727
Astrocyte,LPC_Cuprizone_CC_snRNA_mouse,-0.005876711884896437,0.04552152690202176,0.03391636482855517,-0.019235179068314075,-0.01173886435447561,0.07852683237434976,0.0870552403741254,-0.001082357251370232,0.14639330191183947,0.037702226920713545,0.32424169712390255,-0.13522394065066964
Vascular/Fibroblast,LPC_Cuprizone_CC_snRNA_mouse,-0.02680022401231708,-0.09044707614147302,0.1521669140809955,0.009069726806644102,0.06760390668195261,0.049053006869213024,0.28068201988827096,-0.010839179717827614,0.09297586734945124,0.014166701800830952,0.5814376937851762,0.0029537184455178025
Ependymal,LPC_Cuprizone_CC_snRNA_mouse,0.007845952775081,0.05070798846880594,-0.03231191111842791,-0.06249860131650939,-0.05631325725484733,0.06295346161223846,0.029760602569580078,-0.07137232256861856,0.007358901834487913,-0.03960564980904262,0.20978107759555184,-0.15390410374005636
Neuron,Leng2021_AD_human_snRNA,0.016806421870994737,0.000672553828671388,0.09840833054190347,0.015225243551493777,0.00410386821373496,0.030943951062105325,0.04435550931488512,-0.0012088725285730392,-0.14219623174902093,-0.05378630196318921,-0.12460418805631691,-0.10091393439210412
Oligodendrocyte,Leng2021_AD_human_snRNA,-0.007402511202365881,0.03225792405442979,-0.005627770049526359,0.005945052874685257,0.03670870654855624,0.010209948074227907,0.029848325154572926,-4.444413148006122e-05,0.045911945292381594,0.04991892716799884,0.08539199444065715,0.26483164372214296
Astrocyte,Leng2021_AD_human_snRNA,0.005514578313629583,0.11394360524230493,0.10282843874906329,0.018632441718207788,0.047587048361953384,0.029780975434132776,0.0374504015776176,0.07233306355901738,-0.055552269099249714,-0.014205676734280621,0.062474365434075516,-0.06665874971439478
OPC,Leng2021_AD_human_snRNA,0.004150333523750305,0.00541448760266606,0.014312858798712046,-0.0013649912693890676,0.005042543807803893,-0.0030122056404940424,-0.005364834527797999,0.015575995421740365,-0.12735904781777507,-0.03358966733620728,0.03202892871685928,0.011136483137294964
Microglia,Leng2021_AD_human_snRNA,-0.019775367509156067,-0.016709812373145633,0.014061017145080377,0.01783419345627392,-0.0030975635985889772,-0.00977959358087693,0.0010402884453630538,-0.005307791370106103,-0.0748678058294378,-0.07870874889184498,0.03660390613226969,-0.06591727990463482
Immune (lymphoid/myeloid),Leng2021_AD_human_snRNA,-0.019365958871434653,-0.012488525532998179,0.032856633824913044,-0.004264172638206048,-0.015024213371495312,-0.0023423556839697723,0.016662921809149335,-0.010323817370831245,-0.03654689066381188,-0.052187193711965445,0.005914601155115844,-0.014795382608252907
Endothelial,Leng2021_AD_human_snRNA,-0.02110278906715699,-0.0126704653420669,0.1781355737295857,0.10271530267119984,-0.013446807984622267,0.003507853659424499,0.07978175903110894,0.022826657098645745,-0.11066701965359976,-0.03453473718592007,0.08658010514939377,-0.04736473309988865
Oligodendrocyte,LermaMartin2024_MS_human_snRNA,0.013282091770962784,0.026481250382544636,-0.021267246195665494,0.004338753832979298,0.051455898215105364,0.025503621357367303,-0.02920897660180519,-0.0059379363605648,0.13696269652002477,0.04067340433501399,0.012779344185861262,0.2437233318877353
Astrocyte,LermaMartin2024_MS_human_snRNA,0.00802247038979082,0.008946292018140262,0.09275411976458249,-0.0319538655599299,0.05097814812488031,0.010263670413820189,-0.08412131171975028,0.018094602636118833,-0.07690447858071973,-0.17788816074986954,-0.017155276817113905,-0.23214659381450506
Microglia,LermaMartin2024_MS_human_snRNA,-0.04518040772378251,-0.0895231727602472,0.048861188192874244,-0.010182997755490543,-0.007515303912675595,-0.02409128189464115,-0.0684107941741421,0.003303232328485289,-0.10490948691613226,-0.2210934455423338,0.024296712800457147,-0.2016128495280091
Neuron,LermaMartin2024_MS_human_snRNA,-0.041288552358409156,-0.08408365429662285,0.15094960959698925,0.00041925196412847106,-0.03171844079167445,0.015013810248079249,0.06930266393606738,-0.04615777573471029,-0.08880818179291788,-0.10978488553508389,-0.22068069737683152,-0.3055328702398746
OPC,LermaMartin2024_MS_human_snRNA,0.01090957991161274,-0.03935220687319873,-0.04164261545522103,-0.06549160657640578,-0.061908245498765405,-0.02621563688628539,-0.0690997390238881,-0.013250818320707354,-0.08595077238121833,-0.10025031485127335,-0.11612634515213373,-0.14422222941708454
Endothelial,LermaMartin2024_MS_human_snRNA,-0.05197684139033337,-0.1396705758456692,0.23987318106169073,0.14174683464328341,-0.03239115916306128,-0.01007015748703303,0.08642387546957553,0.010748339889476806,-0.10671166330525456,-0.21005519328954467,0.007389107058222874,-0.2327097622595382
Immune (lymphoid/myeloid),LermaMartin2024_MS_human_snRNA,-0.038052276534062845,0.01395367438704879,-0.035291664035599905,0.21568740549998094,-0.0058312283831614044,0.04546788913775713,-0.023636260481140998,0.0025963787300876833,-0.11592151651460939,-0.08492531684623061,-0.1563865012857649,-0.17965302769195884
Microglia,Park2023_AD_hippocampus_scRNA,-0.043515161565463666,0.011918534658071927,0.14635617506350737,0.1286638423069366,0.09843907070921488,-0.08220158734212805,0.30946635794619703,0.013707038607402947,-0.12067913882590565,-0.06891640017041022,0.17728391953560127,-0.2740226201149165
Oligodendrocyte,Park2023_AD_hippocampus_scRNA,-0.02413659873321317,0.01110202559750683,0.06309455684978571,-0.06759292516327661,0.4550056392323761,-0.06200410957102309,0.5665209201246679,0.02037259240780794,0.25028495823395713,0.20190589661302966,0.5047258022891913,0.548135366852128
Astrocyte,Park2023_AD_hippocampus_scRNA,0.028428441414605394,0.10423396360599675,0.3492466345016934,0.1509080133064329,0.10654668287159555,0.12883907232514347,0.7729345656245702,0.12373193657218433,0.08707407336755152,0.1125299437426963,0.4378273315222828,-0.16720936139515075
Endothelial,Park2023_AD_hippocampus_scRNA,0.05075279453553774,-0.1116630207517027,0.2012802432063477,0.0892152467989448,-0.036471415752239,-0.022765139315099634,0.5929100070714685,0.08030721364002265,-0.17784055890338252,-0.09952952745965128,0.14205864775882887,-0.33545174804343686
Neuron,Park2023_AD_hippocampus_scRNA,-0.05926239243653391,0.1355760854861057,0.02776040218251864,-0.011206537435763398,-0.016048309587157566,0.04614438111384914,0.790275193826128,-0.0190994780349151,-0.13420485050986217,0.03168309199584202,0.07130513677013492,-0.31140457953808165
OPC,Park2023_AD_hippocampus_scRNA,0.015364300254609248,0.12732081603838716,0.2857563284259586,0.039011374458498414,0.14409181563426138,0.06004382189523349,0.514149895245697,0.10152489753476188,0.17069936485668885,0.14511029973392098,0.44802038160314794,-0.12629178900178684
Ependymal,Park2023_AD_hippocampus_scRNA,-0.005320791657720884,0.1260818056327984,0.32407074512507156,0.11176523604550895,0.025182469441741448,0.30520142399403555,0.9629142872229814,0.16440781015076347,-0.025227050662518475,0.005494648557449872,0.2588594268823477,-0.28314636554155953
Immune (lymphoid/myeloid),Park2023_AD_hippocampus_scRNA,-0.02537924576257654,0.019172228924208348,0.10283880816829502,0.03602453638521779,0.06819139615160512,-0.0366339943825295,0.4631384850905786,0.01762411337278279,-0.15143521895420872,-0.05701534661161721,0.2695432469016365,-0.30309682798622495
Vascular/Fibroblast,Park2023_AD_hippocampus_scRNA,-0.0012918541228014325,0.038823266195834434,0.1767379295471946,0.04108298572425909,-0.015973935709302386,0.08271398973923753,0.6867376453800891,0.09426734657676497,-0.06833592036684626,-0.008481629479120647,0.3187446808793229,-0.22635084516510132
Astrocyte,Sadick2022_AD_human_astro_oligo_snRNA,0.026916878254753956,-0.06418977257982843,0.10985413149474367,-0.0634243712485874,0.025749427345328216,-0.011802568984040916,0.050779504775795875,0.08902433353551055,-0.03550740280242157,-0.10798422055500326,0.0076805057826244555,-0.16318372115279167
Oligodendrocyte,Sadick2022_AD_human_astro_oligo_snRNA,-0.003646775381408234,-0.09887712578289598,-0.05895250306075034,-0.06148539542897464,-0.024227200177201518,-0.037349352602449974,-0.030742837671051987,-0.037988321821669245,0.08440000005429273,0.0447247855438568,0.06819394462276976,0.407848673385314
Neuron,Sadick2022_AD_human_astro_oligo_snRNA,0.010421572262288384,-0.1830453961195893,0.0004814224465684055,-0.03555719153883594,-0.1363350340291823,-0.014814235016851768,0.014690245124541765,-0.05971977276906075,-0.06758078412991227,-0.09870405189544951,-0.16336041098954546,-0.20070030555995552
OPC,Sadick2022_AD_human_astro_oligo_snRNA,0.003015672029464617,-0.12387691995948803,0.06974110944620755,-0.06868437543390216,-0.04566640395865875,-0.03652734353720035,-0.003872214456530964,0.02927184888601292,-0.10752438175909808,-0.12761665649284903,0.0035984579468847817,-0.09588871511547825
Immune (lymphoid/myeloid),Sadick2022_AD_human_astro_oligo_snRNA,-0.04368466469222314,-0.1472990654460893,0.08425066916863243,0.02673943669012138,-0.043104863748314744,-0.04345520251873235,-0.01269369740320253,-0.00042007769316103344,-0.009656876456609384,-0.1667529069780633,0.06127460860531675,-0.09871629483514527
Vascular/Fibroblast,Sadick2022_AD_human_astro_oligo_snRNA,-0.060677199128505666,-0.12542069988342616,0.09204485705240607,0.031076002023949233,-0.07614734073723789,-0.015028324547405564,0.0527212895461097,0.03522070367967784,-0.06520528256068338,-0.12000319423032339,0.10156855710557057,-0.0980921940181286
Endothelial,Sadick2022_AD_human_astro_oligo_snRNA,-0.10069917772256096,-0.11667133754312854,0.3023304505237728,0.11754515899393171,0.05070761320669437,-0.006996802800942693,0.1976580636241874,0.007205353952085846,0.0024231784402452316,-0.033788661688245014,-0.011849195382359214,-0.07465259762774806
Other,Schirmer2019_MS_human_snRNA,-0.008415820130054071,-0.08679455991044979,0.2053851272400971,0.02997650791250284,0.005419003663408438,-0.004225548638524464,0.1588722536971456,-0.005970021900085696,-0.24635676721633382,-0.13160847370844972,-0.10521464327896934,-0.11554681332053926
Oligodendrocyte,Schirmer2019_MS_human_snRNA,-0.03130878758037092,-0.01854964924348535,-0.0023017644378862763,-0.00836953688182533,0.06811536210745558,-0.040798621380644266,0.01816674485438367,0.004011346508552439,0.11486651040376908,0.048667855931068336,0.21530951380546687,0.558996350143719
Neuron,Schirmer2019_MS_human_snRNA,-0.007575542153444562,-0.0696548683512016,0.15254002426619057,0.016875882348928034,0.015180682529857844,0.005121033075442537,0.16387827047516362,0.018041092300760012,-0.22414653142035162,-0.13677891964987327,-0.11404214911420812,-0.14323414484014121
Astrocyte,Schirmer2019_MS_human_snRNA,-0.012986586442824036,0.08987002171585715,0.12147560885527862,-0.022021077767175427,0.04381180912848853,-0.01719230881300078,0.05217529728119205,0.09585785337875387,-0.09759440892197942,-0.07053776407643542,0.10459077578596469,-0.13550498462531202
OPC,Schirmer2019_MS_human_snRNA,-0.007882694509907641,-0.059150862452514955,0.012175532578002269,-0.019841148436641483,-0.013794482688946398,-0.051835565284507217,0.03592159456003008,0.02931783535735588,-0.1980127897138526,-0.12318975932412869,0.11828180078665712,0.07333535694606677
Microglia,Schirmer2019_MS_human_snRNA,-0.06523038499062521,-0.09258557957320186,0.13550584874599111,-0.0006679282387330053,0.001832252649954188,-0.08629541891375159,0.02660236700197812,-0.011262141634939242,-0.14928640196266693,-0.18390704745688632,0.16421063404947484,-0.1006210839257045
Endothelial,Schirmer2019_MS_human_snRNA,-0.09144584645589193,-0.07822491279813978,0.5276507859343367,0.11135131597024422,-0.023386736013624405,-0.048507520497639976,0.27434387098723373,0.024266533376552442,-0.19022751518136485,-0.1135139413717058,0.10750052275036212,-0.1278785787855784
Immune (lymphoid/myeloid),Schirmer2019_MS_human_snRNA,-0.03354390120204491,-0.058362094812755345,0.3076282371850575,0.1079163836158613,0.007803507935145737,-0.01464106544044566,0.29884572461389564,0.020640132573083482,-0.11648094324656512,-0.10664212858123617,0.08392646349322422,-0.06870086638836921
Vascular/Fibroblast,Schirmer2019_MS_human_snRNA,-0.05897599799960267,-0.0548001603103671,0.2635190448674528,0.05597561346592899,-0.010365798566855634,-0.038765833494909765,0.14568283101914795,0.05713775730081113,-0.13400539763456856,-0.16158378151766875,0.22609848703102298,-0.1339596814444382
Neuron,Serpina3n_Cuprizone_snRNA_mouse,-0.0038968042185031767,-0.13489294407166866,-0.07449118480668097,0.0008075971823024516,-0.005737497335360529,0.008937201795599745,0.0008376653291862354,-0.020891244636580836,-0.061647347926756614,0.005321525750601168,-0.010882211734046592,-0.03539343726910414
Oligodendrocyte,Serpina3n_Cuprizone_snRNA_mouse,-0.004783997665938665,-0.1503271707045229,-0.10694739931718407,0.006039478677782089,0.016398822062195936,-0.013799847974783919,-0.013290089529991379,-0.015414944840429342,0.0109621833219676,0.006677823542023535,0.06543552970886593,0.12282759434280346
OPC,Serpina3n_Cuprizone_snRNA_mouse,0.004931344873028484,-0.09553130576101376,-0.10139438732798776,-0.027820118259095854,0.0016930680079461282,0.004651308559535266,-0.006387073036305886,-0.016971865949287172,-0.034229289324825524,-0.01064394606681007,0.012542978151473249,0.019772161818220845
Astrocyte,Serpina3n_Cuprizone_snRNA_mouse,0.0058371444013361334,0.0522566614534977,-0.044160224430151676,-0.017068046905629183,0.021868179342998166,0.043422838938449664,0.0016199524975298273,0.013167692651304434,0.05287545552436572,0.04466127163458247,0.09270683413462533,-0.04457729856860016
Microglia,Serpina3n_Cuprizone_snRNA_mouse,-0.008587088238492677,-0.10016321614823102,-0.05811322114634962,0.01190914931810246,0.021159195563683755,-0.01654379571812935,0.0017070624505236072,-0.013713090524803864,0.0316562580591739,-0.02123114179650344,0.14337398258007336,0.029620635372620125
Ependymal,Serpina3n_Cuprizone_snRNA_mouse,-0.02140306768928403,-0.15593440079978393,-0.10821714406994115,0.031673622034120656,-0.015198750365436671,-0.011939571119051706,0.005303301843415787,-0.00772701272495147,-0.08875815107748507,-0.050663495140509135,-0.0122244615606587,-0.042675766877159356
Vascular/Fibroblast,Serpina3n_Cuprizone_snRNA_mouse,0.01955652179452252,-0.12924831648442972,-0.10380299867015057,-0.026348701524001455,-0.01116795260742042,-0.00876557317293226,-0.004566207688700788,0.0032081281880149584,-0.04536747061865031,-0.03711959543726203,0.0995634290105928,-0.029522046389217717
Endothelial,Serpina3n_Cuprizone_snRNA_mouse,-0.014108227472534225,-0.18761323866855345,-0.07348214753247603,-0.04494870556583591,-0.019593706055603205,-0.05238885272345024,-0.010456069850355233,6.536500401158784e-05,-0.05463115341687601,-0.02576653388500183,0.021613596837909057,-0.042821765928506665
Immune (lymphoid/myeloid),Serpina3n_Cuprizone_snRNA_mouse,0.001399286587372967,-0.10636169103292929,-0.08100032502840644,0.03919989181496527,-0.004775561564586487,0.03433844798972807,0.031046296989083007,-0.01983838712624987,-0.0371298356160171,0.03635429166055327,-0.0018494400459364833,-0.03283402173199659
Oligodendrocyte,Ximerakis2019_aging_brain_scRNA,-0.0034842968635376568,-0.07632607730453021,0.10444610784449866,-0.1686898618634708,0.3199393940194607,-0.06442181891870738,0.41008158583888277,-0.01667414875685537,0.05596033234980269,0.019237514736818857,0.3089191301625601,0.4151540858667283
Astrocyte,Ximerakis2019_aging_brain_scRNA,0.05104868970448059,0.18935900630388364,0.5388546437421261,0.09188290138480837,-0.011166751058574816,0.2363223575220957,0.7278882203216688,0.18959148772425383,0.11305105795013852,0.24645422228360003,0.10037773742425563,-0.33441590053225617
Other,Ximerakis2019_aging_brain_scRNA,-0.08855704947274443,-0.023633793695493368,0.4665602207455774,0.03778781763506674,-0.18102518930619882,0.19728219387666585,0.7226821082317527,-0.11975410414873165,-0.23165597574715197,-0.041795174041668846,-0.12282538745235003,-0.4115860951756229
Microglia,Ximerakis2019_aging_brain_scRNA,-0.07973611428701055,-0.018587838931217827,0.25168811184907686,0.11540521340534138,0.05876296038985354,-0.06794339327129868,0.26930083556119494,-0.014590648024033957,-0.2889740554701032,-0.1724509212837668,-0.028319258976244138,-0.3185582539979759
Endothelial,Ximerakis2019_aging_brain_scRNA,0.023301143868059426,-0.18509138392334998,0.2542498187783557,0.019797985499617792,-0.13064826057964735,-0.09199546309641146,0.3510989665230027,0.02157859776649758,-0.24900312976607267,-0.13330663086444233,0.035048803999791114,-0.39756020477951387
OPC,Ximerakis2019_aging_brain_scRNA,-0.03251188623016699,-0.022884244396417282,0.17786592103839916,-0.068660598633366,-0.05132210450571424,-0.014768499047563978,0.48839312051853856,-0.018776951799129773,-0.1455854115666385,-0.06658839986920995,0.01924121438292744,-0.109623024850734
Vascular/Fibroblast,Ximerakis2019_aging_brain_scRNA,-0.0012512414847976135,-0.06247147394479942,0.2696892486029394,0.018702017305200633,-0.12787771286212904,0.013898028916076024,0.43338910165031563,0.049527004185858356,-0.1894611253152561,-0.09137292306151791,0.0692398284898943,-0.4140909384092175
Neuron,Ximerakis2019_aging_brain_scRNA,0.14627217199849454,0.036452082068948025,0.3142774754450776,-0.008555994102558275,0.02022560222179685,0.021308613502488957,0.43103733475470263,0.09818447315760437,0.12923714196124272,0.1567058993114691,0.224817725960674,-0.31204290622687714
Immune (lymphoid/myeloid),Ximerakis2019_aging_brain_scRNA,-0.034659637684481485,-0.01892590835571289,0.13514198626380725,-0.10276999812353224,0.08745881041515441,-0.05149421996894888,0.45609375230189364,-0.05437480421422363,-0.3329791314079648,-0.09806735830697526,0.06644252173363158,-0.34254696453139893
Ependymal,Ximerakis2019_aging_brain_scRNA,0.07651905326707528,0.10903014151176603,0.3070194160615623,0.01443557889285785,-0.13459833761498874,0.26091355144683487,0.5353155988341146,0.11256473415545469,-0.16016618755784365,-0.10000661528928059,0.014716042758144494,-0.44734677843842957
Neuron,Zhou2020_5XFAD_snRNA,-0.02753733147167692,-0.08669990611171881,0.17686732993322918,0.009777294690328668,-0.059624164634527785,-0.005467304473388874,0.05190297796662426,-0.023008149237153375,-0.0729337939341629,-0.021639494158703112,-0.05086024913845578,-0.08785407751638626
Oligodendrocyte,Zhou2020_5XFAD_snRNA,-0.037079339602628304,-0.09199940800563974,0.08308650079502346,0.009347861349797886,0.12534014729496895,-0.022024090913663905,0.04330236519155958,-0.0019490812126805527,0.3233668757934234,-0.0035547163455549673,0.39381913936789403,0.6100646237207459
Astrocyte,Zhou2020_5XFAD_snRNA,-0.0028723471068404327,0.10639137818437297,0.2214170218846771,0.0481089426976066,0.08314805983240338,0.07294193319463221,0.125349153331915,0.03580436922230928,0.2617502408657309,0.19625119938324317,0.3675391661504695,-0.006332178894064717
Microglia,Zhou2020_5XFAD_snRNA,-0.051259539850754814,0.00970626767490421,0.12341436251585347,0.04044853055969701,-0.022208355651808304,0.008526852820156547,0.018544659061162382,-0.02005794025645349,-0.007450631028023298,-0.1186529226168267,0.1132217839002396,-0.08311400605802091
OPC,Zhou2020_5XFAD_snRNA,-0.027817092685292227,-0.06195637383359187,0.07590082378715747,-0.02368143147013046,0.010475701902963798,-0.04209974766696711,0.04201086603180465,0.00022374574121285422,0.11437383237809208,-0.059870526042394824,0.24393402644990622,0.16660751978010183
Vascular/Fibroblast,Zhou2020_5XFAD_snRNA,-0.02028323107437568,-0.06091757369651502,0.16691342768622439,0.057084918741562796,0.01904068828916173,0.03331717222458073,0.1918379513509662,0.024111775830659987,0.03190847524380597,-0.05164268468870164,0.3675132017089659,-0.007396450225150016
