dataset|cell_type,condition,Ketone synthesis,Ketone utilisation,Glycolysis,Pyruvate to lactate,Pentose phosphate,TCA cycle,OXPHOS,Beta-oxidation,Lipid synthesis,Cholesterol synthesis,Lipid transport / storage,Myelin lipids
Absinta2021_MS_human_snRNA|Oligodendrocyte,MS_periplaque_white_matter,-0.0007067989722027469,-0.031563134380484574,-0.09108254828744047,-0.026814665708412334,-0.008540623661787997,0.03149687322813884,-0.029406792704807352,-0.009811372745267789,0.05778295003574518,0.046812273181372356,-0.04584077678551229,0.2600524819851299
Absinta2021_MS_human_snRNA|Oligodendrocyte,chronic_active_MS_lesion_edge,0.006039742121040623,-0.014698524219061692,-0.015267475241047572,0.007827176057238235,0.035736216094458456,0.041931058378469506,0.006219231318514488,-0.0001275089080455134,0.07632544180026364,0.11981813358808195,0.08122501952977182,0.24213643344107788
Absinta2021_MS_human_snRNA|Oligodendrocyte,chronic_inactive_MS_lesion_edge,0.003710993177277531,-0.018995449707440562,-0.0495290059984487,-0.005938712804025916,0.04542970894153685,0.04115868173208027,0.025549182451796753,0.005177548850787422,0.08403583566692119,0.08691360394412011,0.09666255607510851,0.299249622344268
Absinta2021_MS_human_snRNA|Oligodendrocyte,control_white_matter,0.019630278854947152,-0.00575630268579427,-0.07942185866687186,-0.04542732867656312,0.03251364286716391,0.04234475783319501,-0.02254439720984662,0.004924544170804611,0.1242537113317157,-0.025935124933505298,0.001173187969146222,0.3835636689560898
Absinta2021_MS_human_snRNA|Microglia,chronic_active_MS_lesion_edge,-0.008963447653828205,-0.12613014206475234,0.14664429241328245,0.009254545300845117,-0.01270204009140073,-0.03272469371036712,-0.025227481066480092,-0.014019351976341578,-0.04608735512588953,-0.10974522424582359,0.05801346073614888,-0.23942413312311592
Absinta2021_MS_human_snRNA|Microglia,chronic_inactive_MS_lesion_edge,-0.003005154799260947,-0.10939237934545662,0.01453339601415184,-0.032157813936929354,-0.028229829923039764,-0.01739088301769348,-0.0367391414821462,-0.01590763868848671,-0.04230064519477863,-0.11251478860670074,-0.01722665622822909,-0.19615648818121537
Absinta2021_MS_human_snRNA|Microglia,MS_periplaque_white_matter,-0.021612339239046364,-0.1569087263092476,0.11072358035090431,0.038737539097915524,-0.012796393414389902,-0.03934685841703599,-0.06276627289921773,-0.037272591751396036,0.01566684435377467,-0.06014442091032425,-0.030591075692720078,-0.24457016198253398
Absinta2021_MS_human_snRNA|Microglia,MS_lesion_core,-0.029659168882304073,-0.18057402910602685,-0.027153384686737135,-0.08799331188364674,-0.06522695283552835,-0.03290334850323149,-0.016575891646272878,-0.024903785386967636,-0.06911781395757376,-0.21846508277817622,-0.08134857426971602,-0.30288828548411184
Absinta2021_MS_human_snRNA|Microglia,control_white_matter,-0.012227091684060937,-0.063228159643787,0.028089001393485673,-0.025422875355959215,0.016234659043150378,-0.015588050446634276,-0.03449502572560829,-0.008981012351686782,-0.027623992210074323,-0.13453797126998815,0.03134077560648933,-0.18791870045931086
Absinta2021_MS_human_snRNA|Astrocyte,chronic_active_MS_lesion_edge,-0.0165680157335395,-0.058028903730345,0.11501205611743928,-0.0031856556030908693,-0.005344563917953428,0.00541954183162376,-0.020446949337088943,0.024179423695703747,-0.07035236703133003,-0.1158081138718853,0.06706040196481455,-0.2287358539334051
Absinta2021_MS_human_snRNA|Astrocyte,MS_lesion_core,-0.018002718175453906,-0.10660019836979782,-0.04674393879367498,-0.1008339846177369,-0.06541612670240701,-0.031234050103447705,-0.06880845975979494,-0.014083051995533816,-0.11853797613157238,-0.18286081196443998,-0.09228205208894319,-0.3079041356967258
Absinta2021_MS_human_snRNA|Astrocyte,chronic_inactive_MS_lesion_edge,-0.011141499047616917,-0.05132182405176036,0.026682861513941322,-0.05326477039119558,-0.015400152609931224,-0.004444563519491184,-0.060621868211699355,0.020159517067795975,-0.08593789021859631,-0.13306722578455382,0.00873741085296512,-0.24834734726422342
Absinta2021_MS_human_snRNA|Astrocyte,MS_periplaque_white_matter,-0.025818222766237724,-0.08831610686743437,0.1045117918918351,0.012196886591424426,-0.028356750498194177,-0.02504479597880642,-0.10108704645352472,-0.010075263258459791,-0.047378253519916334,-0.14588966083467303,0.07521631614484323,-0.23463391209849738
Absinta2021_MS_human_snRNA|Astrocyte,control_white_matter,0.01543970747691829,0.06792377487430727,0.099956244133132,-0.04241736963512452,-0.014667566883854751,0.05423596538402946,-0.06885780158659176,0.05407090802573688,-0.0953374755875205,-0.1360794702814362,0.017672017431823953,-0.21767815260845735
Jakel2019_MS_human_snRNA|Oligodendrocyte,Ctrl,0.01842190773667154,0.03268208082787151,0.04406511812704425,-0.0015335593775686522,0.032777966207327765,-0.005512872892990835,-0.04492889156422602,0.013895858435844793,0.16507169993452822,0.025346822713667595,0.252577678546014,0.25821524852534405
Jakel2019_MS_human_snRNA|Oligodendrocyte,NAWM,-0.00256949680574504,0.016730545215043174,0.05028320678188603,0.017612690759221682,0.024213615163226468,-0.011770221168946023,-0.032530523970366924,0.01781445667972403,0.22633969904817627,0.07064728916527116,0.2687741623443153,0.2519890876445163
Jakel2019_MS_human_snRNA|Oligodendrocyte,A,-0.0039040067350512974,0.0158579518401255,0.020103378687894205,-0.009675695917101365,0.008323112217426588,-0.010295087159819964,-0.062375038796601986,0.015693939964804077,0.2946140614445389,0.10839296227294433,0.2677297165223634,0.3152539008407435
Jakel2019_MS_human_snRNA|Oligodendrocyte,CI,-0.0013765812163380978,0.012644132200102978,0.017739249097379426,0.001974581723756137,0.016547343833802197,-0.004612572370269711,-0.048076278763019786,0.010024114590523499,0.2549947663806777,0.04570573242474991,0.2747551015837958,0.2437172755891518
Jakel2019_MS_human_snRNA|Oligodendrocyte,CA,-0.003216130083201767,0.002539378750826664,0.01622580031341216,-0.023261002724581162,-0.026471381069599897,-0.01644336866138276,-0.083600894613741,0.013736548751039277,0.27781301909196493,0.16805514890266862,0.24625151682448113,0.32582645037550295
Jakel2019_MS_human_snRNA|Oligodendrocyte,RM,-0.013407047294782164,0.03599739383326637,0.028502468010486167,0.05172040269983475,-0.0111856595840719,-0.03003115670634729,-0.07172016089050859,-0.0028815413692662236,0.12097638256706654,0.04780076875569943,0.2034003071575253,0.13910180943478223
Jakel2019_MS_human_snRNA|Microglia,A,-0.01900269329098917,-0.00973273592986827,0.0431907253951283,-0.0373033266139083,-0.014176822718494896,-0.042238197976924845,-0.06529097583315789,-0.009601362852109864,0.010051249210881949,-0.12045403677734481,0.3423933030195557,-0.09003365083198629
Jakel2019_MS_human_snRNA|Microglia,Ctrl,-0.028380568727174794,0.04837160088058211,0.08126203103760955,-0.0033817460471003294,-0.10542315542697907,-0.02480599234008727,-0.10064754924203595,0.01279879475056987,-0.026668268531490753,-0.07951295720464928,0.060231777546752206,-0.07100486355183386
Jakel2019_MS_human_snRNA|Microglia,NAWM,-0.011758783856536423,-0.04925805878220943,0.05128331048386949,-0.0513074548411038,-0.0446663484935872,-0.040144894512155964,-0.06891582608920092,0.01320161959367872,-0.004401555022450248,-0.08179925635635263,0.35119923157998695,-0.09867950719783518
Jakel2019_MS_human_snRNA|Microglia,CA,-0.039824639781053335,-0.041689326394864216,0.06653194717475078,-0.023295503405072342,-0.01937537916307527,-0.036946768175853996,-0.08309902997520881,0.006059034478558404,0.002225027767985301,-0.10337653364207702,0.24000171849398108,-0.07666623544501491
Jakel2019_MS_human_snRNA|Microglia,CI,-0.046160353660183465,0.01999597931901614,0.06853868728383672,0.014683816902419574,-0.01284786688784758,-0.037638861622071716,-0.05723524610201517,0.007051515924031023,-0.0713478486551666,-0.1284728934847979,0.4122160113851229,-0.08129810695966563
Jakel2019_MS_human_snRNA|Astrocyte,Ctrl,0.015449485536886659,0.09095156954773723,0.27282472799083624,0.042097582819505756,-0.011377586642288424,0.011678403599909475,0.036930517254071794,0.07652443236311787,-0.006487887243597358,-0.10163351979949563,0.32108684492356276,-0.05482154861368061
Jakel2019_MS_human_snRNA|Astrocyte,NAWM,0.025877159287636002,0.10666761031567724,0.15717925471130614,0.007155042640526444,-0.04565557502657989,0.006057873044579885,-0.024697603580078793,0.06985702645110191,0.026880800817530012,-0.029325509226143444,0.255158131717007,-0.06802569596191667
Jakel2019_MS_human_snRNA|Astrocyte,CA,-0.004659722269404442,0.003929798781186686,0.16673123772692497,-0.004119564482244451,0.006566173454810834,-0.025728967700206315,-0.010442251268474537,0.018300033163177475,0.012066669695017363,-0.07774356385613447,0.20394457373468355,-0.08073504698761876
Jakel2019_MS_human_snRNA|Astrocyte,A,0.007804554468383525,0.07343211193161317,0.13394137025382866,-0.02990784135106551,-0.04531656413911337,-0.044842226093796345,-0.10443955753701759,0.05903363606632873,0.04345698286080523,-0.0551421797606219,0.2970107269191359,-0.08082908741210873
Jakel2019_MS_human_snRNA|Astrocyte,CI,0.03172434637396035,0.077564272797626,0.12978301320479654,0.025175264157739144,-0.033377550650334015,-0.01878840978566815,-0.060490102933800735,0.04556583222307853,0.03348934433817056,-0.08406416945087268,0.2244921573417774,-0.05630379146944276
Jakel2019_MS_human_snRNA|Astrocyte,RM,0.007226740581834266,-0.021903139134889008,0.19487406861149967,0.05671114258055522,-0.07099072505069035,0.013257269660717073,0.07821184835126321,0.018240564142967045,-0.029345462406289363,-0.11713255531959083,0.1908376964958765,-0.08981382063840829
LPC_Cuprizone_CC_snRNA_mouse|Oligodendrocyte,Ctrl,-0.00472238275302319,-0.11543494566419857,-0.015515234167686414,0.008065435973098042,0.06014017982965289,0.01929281067559359,0.0979675247680384,-0.017773765565329523,0.23397288798819701,0.04420217051357969,0.26357554521606796,0.3268223420545653
LPC_Cuprizone_CC_snRNA_mouse|Oligodendrocyte,LPC,-0.006405226843122026,-0.11377816734560219,-0.015367264637857534,0.01083380624411876,0.045827601790381756,0.01690080958797071,0.06442480232234292,-0.02799258343564803,0.19060943190897014,0.028316440299643038,0.5014727107618896,0.33751934692176855
LPC_Cuprizone_CC_snRNA_mouse|Oligodendrocyte,Cuprizone,-0.021268562648613563,-0.11843023020126404,-0.031735806343119725,-0.019597052593637185,-0.000972572281748864,-0.001079449365278847,0.02264906350691426,-0.0183867364716629,0.07347872882806601,0.005077347756495475,0.36592257679825674,0.167640562995481
LPC_Cuprizone_CC_snRNA_mouse|Microglia,LPC,-0.03814449051499637,-0.04685887889972655,0.04821060209373507,0.018118531055518666,-0.009370418933581919,-0.0022987180569453347,0.0025894794167731845,-0.03430317327689836,0.0046782754314972485,-0.07233154508636043,0.4625930966916709,-0.2263492840350374
LPC_Cuprizone_CC_snRNA_mouse|Microglia,Ctrl,-0.02852948919901637,-0.08186220441849865,0.040600505427387704,0.023049391665569022,0.014958740740291656,0.009597581864985815,0.06780300180320026,-0.032619270094467,-0.0009481968885781808,-0.04070028229240976,0.20123073231859676,-0.12783076409093377
LPC_Cuprizone_CC_snRNA_mouse|Microglia,Cuprizone,-0.05009978501014334,-0.06732235710566582,0.027791570685788466,0.02761784168852914,-0.0245256770833917,-0.02263415440510667,-0.004456008729480563,-0.02024183343279373,0.13061992322732202,-0.0385057794828716,0.523775751255067,-0.1212609415755262
LPC_Cuprizone_CC_snRNA_mouse|Astrocyte,Ctrl,0.00364266026888462,0.06527059296109029,0.025865974054869876,-0.0085669987388001,-0.005302504230839153,0.09287725188777908,0.11079333196412648,0.0035271437950351713,0.17476552223790826,0.06831198415982226,0.28805916114534147,-0.11029706938640434
LPC_Cuprizone_CC_snRNA_mouse|Astrocyte,LPC,-0.01193090239150376,0.04002038207431297,0.0708863897313506,-0.020336486087216346,-0.006112415684291424,0.09163094179587579,0.09915166931637263,-0.012913318589943084,0.13403672914383774,0.026393134447597902,0.3558315157587245,-0.17029573922608532
LPC_Cuprizone_CC_snRNA_mouse|Astrocyte,Cuprizone,-0.02562662028286555,-0.006862423409065694,-0.0008651341891179891,-0.05055557107385446,-0.04080402204057687,0.012819230572544176,-0.00615101113711318,0.003739580432749942,0.0783353249634782,-0.03899143202216969,0.38544369438739673,-0.15587413393090305
Leng2021_AD_human_snRNA|Oligodendrocyte,6,-0.008475809939983217,0.029101056366185866,-0.013344607511310046,0.006270379594229312,0.030802665171610837,0.00988666129249278,0.040913890308299145,-0.0010049750372563167,0.016504098333834604,0.038581188119036255,0.07395926177462486,0.257428237086376
Leng2021_AD_human_snRNA|Oligodendrocyte,2,-0.005629303784678633,0.041328590075026796,-0.004448534318682043,0.006635762232911249,0.044209324081065815,0.00913024861492185,0.0037441451006298494,0.0004039855707661745,0.0905327811269386,0.06750812400099022,0.10535837912483774,0.2747096398767563
Leng2021_AD_human_snRNA|Oligodendrocyte,0,-0.003913226377126277,0.03169071242744426,0.05196218061952506,0.001437135875288251,0.062249151636866284,0.015794537345570816,0.015850079533732235,0.00627649246550104,0.15265292365391772,0.08998596729334145,0.11953061840711009,0.295510915712632
Leng2021_AD_human_snRNA|Microglia,6,-0.01750943926391673,-0.016730639864576728,0.013889457664773437,0.02104723646824619,-0.007247187319611379,-0.007565455063741045,0.007179190681712407,-0.0027266830645810525,-0.08443078553024913,-0.07852686707635373,0.040142440638459946,-0.06759367563823142
Leng2021_AD_human_snRNA|Microglia,2,-0.022992269920730415,-0.016310072032515176,0.006938204604647608,0.011400738557109881,0.011766489850040142,-0.014655847715540165,-0.01318432999179288,-0.012733144957455441,-0.06279356441926355,-0.08816931776521932,0.03933753169615159,-0.06350731960435038
Leng2021_AD_human_snRNA|Microglia,0,-0.030955034013717405,-0.017900266801157305,0.040642239426983834,0.008521382933937461,-0.013971350477587793,-0.014649850368668787,-0.010000845075422716,-0.004903279234448032,-0.022437950038568095,-0.04745725030554595,-0.007954809403761313,-0.057751090518400355
Leng2021_AD_human_snRNA|Astrocyte,6,0.002544756402787304,0.09186855984791563,0.07735141036413337,0.01309787697495807,0.03654010918050752,0.024020315267973227,0.044092198320359974,0.06446685429614869,-0.07741413223396094,-0.03149658525108736,0.0250785133636863,-0.07332938577120703
Leng2021_AD_human_snRNA|Astrocyte,2,0.007242090842792338,0.14646752091797854,0.14495736789444577,0.034082067229384186,0.06640900789549836,0.03978440087221606,0.031386437112585694,0.08460790961474064,-0.03047668375297056,-0.0018397397408126347,0.1083459838516427,-0.061125065031216994
Leng2021_AD_human_snRNA|Astrocyte,0,0.016755149821642324,0.1412476939585857,0.12121563244056752,0.0046300424397644905,0.05397466617432739,0.0325737818465168,0.018600043651898667,0.08010422665576307,-0.008124328505909006,0.04464362735130741,0.13509057814572029,-0.0461359163361335
LermaMartin2024_MS_human_snRNA|Oligodendrocyte,CA,0.0030993065648230052,0.016047618427893345,-0.024599400036446457,0.004430958952873265,0.04448762386490666,0.03406704674081287,-0.026691856763977964,-0.005480094646473166,0.0837806279691405,0.05559822353253554,0.01813063637440249,0.24620171955004636
LermaMartin2024_MS_human_snRNA|Oligodendrocyte,Ctrl,0.029283011600877776,0.05305725996345663,-0.013523449305469755,-0.0194790253717587,0.06319140775675847,0.016832780087244377,-0.03871609936247184,-0.007160708726513573,0.20194769966001208,-0.009253833572323268,0.004125335679610145,0.2584690031401915
LermaMartin2024_MS_human_snRNA|Oligodendrocyte,CI,0.009196612020713726,0.008590292257363191,-0.025979913000060688,0.03624253075396786,0.047602371872864965,0.022497532952832428,-0.020725632803007682,-0.005076691101836037,0.14064133966529496,0.08230001238749708,0.015256363577237409,0.2196256569197368
LermaMartin2024_MS_human_snRNA|Microglia,CA,-0.0550144087343124,-0.10856212055953453,0.061670744588849816,-0.01697987824693763,-0.011712753077911232,-0.02212230930798303,-0.0706523635227887,0.009293997319903349,-0.1149870112335751,-0.23783969927907664,0.044012884427495555,-0.21087712615385978
LermaMartin2024_MS_human_snRNA|Microglia,CI,-0.045817108448943066,-0.096549834002432,-0.015396409106759826,-0.004699988314610829,-0.0021211391856244873,-0.0199664471117103,-0.061536443452912544,0.005934445995020328,-0.13166539144152023,-0.24462941402624153,0.03789023297577675,-0.2223554143859768
LermaMartin2024_MS_human_snRNA|Microglia,Ctrl,-0.02264248990727042,-0.03772424504428566,0.11122311986349016,-0.0029523469040746947,-0.0058797601853817685,-0.03423684204142708,-0.07316520815079926,-0.013587895918245545,-0.04502896964087352,-0.15107520503455368,-0.03824640987935419,-0.1519958519836465
LermaMartin2024_MS_human_snRNA|Astrocyte,CA,0.003651290165960528,-0.010656368345152666,0.060662924762697745,-0.05410506843416081,0.06826633523476355,0.005163601396042197,-0.09452314891710445,0.016638716398828603,-0.08544918357843438,-0.2012556019697312,-0.0192026452650583,-0.23714079265084917
LermaMartin2024_MS_human_snRNA|Astrocyte,CI,-0.0005952166554289011,-0.014372857416311181,0.06489421934169343,-0.00789507756136927,0.058256151994110425,-0.003033737990733268,-0.0848604248854982,0.017445806720294034,-0.0756573058881727,-0.16257488095472258,-0.01782355004090499,-0.22160890364725416
LermaMartin2024_MS_human_snRNA|Astrocyte,Ctrl,0.036718011041529934,0.10646952497444565,0.23143461404247678,-0.02424321846364575,-0.008014038301013705,0.05033719479098704,-0.056027778790718685,0.023135479213860267,-0.05759689837352708,-0.14928724159546417,-0.010562761036747142,-0.24080460105812967
Schirmer2019_MS_human_snRNA|Oligodendrocyte,Acute/Chronic active,-0.033888452931420156,-0.02495792462447159,-0.0021528315289245734,-0.006002141965615908,0.06794141137664363,-0.04044555336139515,0.03200175573430023,0.006448034875279768,0.10297464377411489,0.040217035108828264,0.24538672610925064,0.5678523803058195
Schirmer2019_MS_human_snRNA|Oligodendrocyte,Control,-0.024982677664352942,0.0017383741835429547,-0.07406513691780658,-0.01839571260586192,0.05860685887489464,-0.04815265883135335,-0.05171294259052799,-0.0014198421636785754,0.13935184889298782,0.07084303777989295,0.15147623794720627,0.5542919697854728
Schirmer2019_MS_human_snRNA|Oligodendrocyte,Chronic inactive,-0.029510719197008244,-0.027352510889746818,0.2047705173086902,0.0022273185958734108,0.09706525025949135,-0.022217870221321285,0.11284580016864498,0.0007335423349996148,0.13672679433460072,0.050347134419485094,0.16554573306991222,0.5034561822608198
Schirmer2019_MS_human_snRNA|Microglia,Acute/Chronic active,-0.06846444549833157,-0.09183931778875741,0.11484995809680107,-0.006477011918097504,0.0017951824926128682,-0.08849739134738185,0.02554526670398465,-0.00907645088594012,-0.15526025490715625,-0.19808723839601497,0.21081137631558727,-0.09310593658701087
Schirmer2019_MS_human_snRNA|Microglia,Chronic inactive,-0.05119863479053927,-0.07822889394797239,0.23670592974317767,0.053152303872972255,0.015424274881835422,-0.06649954015904412,0.0811929096248582,-0.016380786679804298,-0.15921608742871843,-0.13993681881678244,0.07312669073181138,-0.1249463780387057
Schirmer2019_MS_human_snRNA|Microglia,Control,-0.06720545379554524,-0.1253783028616625,0.101009218846632,-0.0582916436475866,-0.02357137463840784,-0.1069947225053206,-0.06853617672266102,-0.01817494366756257,-0.08519121517231261,-0.15939522180487128,-0.01728489967102887,-0.11168013882637025
Schirmer2019_MS_human_snRNA|Astrocyte,Acute/Chronic active,-0.013680124706123408,0.08138778247224245,0.10565001982705162,-0.021144296152349546,0.030316689001473714,-0.018329147940736663,0.03041513051093853,0.10426456663345009,-0.11779345375267189,-0.09942972704805095,0.10071963534491271,-0.1459334976730877
Schirmer2019_MS_human_snRNA|Astrocyte,Control,-0.006582043575375495,0.13299409093458184,0.08193782675009675,-0.018366631577953995,0.021268007522830278,-0.013381514527541686,0.008157443086033968,0.08835064907249007,-0.06300466953493157,-0.041506706646944135,0.06893425624584172,-0.11779606639870964
Schirmer2019_MS_human_snRNA|Astrocyte,Chronic inactive,-0.019025338006981512,0.05586142712321909,0.1938411940956292,-0.027687288166581153,0.09287628554788263,-0.01952179977487392,0.13996720856227807,0.08968548915848455,-0.10149815099482884,-0.05298117683182303,0.1517033797814698,-0.13735141973502354
