pathway,slope_per_month,pearson_r,p,mean_Young,mean_Old
Ketone synthesis,0.0006621440671258475,0.8427590962852927,0.03514318547389243,-0.017745383815568134,-0.005743042673543959
Ketone utilisation,-0.0009655488687864164,-0.6702824663557088,0.14514807938450025,-0.1472180578480045,-0.16211104038061847
Glycolysis,0.002711901428468214,0.8590485016632393,0.02840082271993912,1.141314848172073,1.1816682783483572
Pyruvate to lactate,0.0005562122382820294,0.7638914353065798,0.07703967938064599,0.21822791708201428,0.22710801085895577
Pentose phosphate,0.0012998439659291988,0.5735706514942898,0.2339916033934508,-0.2575951101713928,-0.23099308436891394
TCA cycle,0.001285442501310409,0.8317609287494017,0.0400756259125226,0.4518825118784333,0.4683774987436612
OXPHOS,0.0028306528670893655,0.8367569008530467,0.03779738782035249,1.1551667422265548,1.1998523448391412
Beta-oxidation,0.0006614389397126217,0.7454622336574568,0.08893852768178882,-0.06596806826488358,-0.056120926857865974
Lipid synthesis,-0.00036743463374318475,-0.3227520010517815,0.5326823514897335,0.2865317351675445,0.28236733558590194
Cholesterol synthesis,0.0006657086886219792,0.6413937164572971,0.16983959080676755,-0.08843440928773533,-0.07519225794935072
Lipid transport / storage,0.00199024731192104,0.7146412240263134,0.1105261166191308,0.2622091521229284,0.2963545716840229
Myelin lipids,-0.001769182965572236,-0.5531121761706416,0.2549393914066024,0.08507663022717094,0.06902188214146167
