,cell_type,pathway,mean_EAE,mean_CONTROL,diff,MWU_p,n_EAE,n_CONTROL
0,Oligodendrocytes,Glycolysis,0.29356281544874535,0.2536673603006196,0.03989545514812576,0.12827768734325687,92,15
1,Oligodendrocytes,Pyruvate to lactate,0.08960985773342788,0.08778008090807647,0.0018297768253514035,0.7432779027488974,92,15
2,Oligodendrocytes,TCA cycle,-0.027627318902843322,0.03165368762626657,-0.05928100652910989,0.0005069636752095032,92,15
3,Oligodendrocytes,Beta-oxidation,-0.04253385258283047,-0.04900783861097018,0.006473986028139714,0.12827768734325687,92,15
4,Oligodendrocytes,Lipid synthesis,0.3827610924984917,0.41250027288818525,-0.02973918038969353,0.10922502745873773,92,15
5,Oligodendrocytes,Cholesterol synthesis,0.17539835905799547,0.3471627874849617,-0.17176442842696624,0.0010393848808469832,92,15
6,Oligodendrocytes,Lipid transport / storage,0.23265704114719002,0.09024934922348965,0.14240769192370037,3.196436289312572e-05,92,15
7,Neurons,Glycolysis,0.8128655777612235,0.8516846606135547,-0.038819082852331266,0.014122820553948874,92,15
8,Neurons,Pyruvate to lactate,0.059346173854802994,0.05136405400764774,0.007982119847155252,0.4116278128898847,92,15
9,Neurons,TCA cycle,0.43195803069908,0.51859774568772,-0.08663971498863998,7.44512174874537e-05,92,15
10,Neurons,Beta-oxidation,-0.13441807290007607,-0.12239027421247681,-0.012027798687599262,0.07786664084428159,92,15
11,Neurons,Lipid synthesis,0.012737165736996075,0.041684211257872326,-0.02894704552087625,0.0010729301175216592,92,15
12,Neurons,Cholesterol synthesis,-0.12275866713086497,-0.0939350455348935,-0.028823621595971474,0.17401534138678176,92,15
13,Neurons,Lipid transport / storage,-0.5017161501925118,-0.5644522458133507,0.06273609562083893,0.0008304102541277978,92,15
14,Endothelial cells,Glycolysis,0.5054049762335839,0.5425681692757365,-0.03716319304215254,0.014843373913736198,92,15
15,Endothelial cells,Pyruvate to lactate,0.13906946082117586,0.10476993234858455,0.03429952847259131,0.06012850460485851,92,15
16,Endothelial cells,TCA cycle,0.11926385855320135,0.23319406647067442,-0.11393020791747308,9.115177179967968e-06,92,15
17,Endothelial cells,Beta-oxidation,0.046726886375348727,0.04819266462871461,-0.0014657782533658847,0.7843324956811378,92,15
18,Endothelial cells,Lipid synthesis,-0.08448445190243144,-0.040897608634738576,-0.04358684326769286,0.004264405223697518,92,15
19,Endothelial cells,Cholesterol synthesis,-0.3569839835275132,-0.2630987418929052,-0.09388524163460799,0.0008039613344976861,92,15
20,Endothelial cells,Lipid transport / storage,0.03169113414858689,-0.11782689615047935,0.14951803029906624,7.088876345237726e-06,92,15
21,Microglia,Glycolysis,0.22540901782214035,0.1160602241346765,0.10934879368746385,9.50266706606302e-06,92,15
22,Microglia,Pyruvate to lactate,0.07066089153052986,0.014318717439788598,0.056342174090741264,0.012773723789980039,92,15
23,Microglia,TCA cycle,0.0007991555080962558,-0.00043567411101303626,0.001234829619109292,0.7637221534232842,92,15
24,Microglia,Beta-oxidation,-0.10486971355971975,-0.14329666771089122,0.03842695415117148,7.7299991919221e-05,92,15
25,Microglia,Lipid synthesis,0.034608567156218795,0.15574868223601615,-0.12114011507979736,2.8401426418619576e-05,92,15
26,Microglia,Cholesterol synthesis,-0.3793617380170609,-0.23786222834048973,-0.14149950967657118,1.5566564020886395e-05,92,15
27,Microglia,Lipid transport / storage,0.23410244292156576,-0.010870669687587724,0.2449731126091535,2.0928131364251997e-07,92,15
28,Astrocytes,Glycolysis,0.9602296389810098,0.9429058024803656,0.017323836500644174,0.24523237569486,92,15
29,Astrocytes,Pyruvate to lactate,0.33808649875143976,0.24410297987188645,0.09398351887955331,0.0003492210812532406,92,15
30,Astrocytes,TCA cycle,0.3618875149804401,0.46901804383956264,-0.10713052885912255,0.0004902591887734326,92,15
31,Astrocytes,Beta-oxidation,0.24744877558746955,0.22076976697178713,0.026679008615682426,0.03458801978380779,92,15
32,Astrocytes,Lipid synthesis,0.36717342232394956,0.37520621894277967,-0.008032796618830107,0.5447275065918334,92,15
33,Astrocytes,Cholesterol synthesis,0.10157550421214538,0.319066877668739,-0.21749137345659358,0.00027416212249157027,92,15
34,Astrocytes,Lipid transport / storage,-0.12390006254059639,-0.2539525369470566,0.13005247440646023,1.2921949359300848e-06,92,15
35,DA Oligodendrocytes,Glycolysis,0.17387592436639243,0.14723306022048208,0.026642864145910355,0.027603258195503123,92,15
36,DA Oligodendrocytes,Pyruvate to lactate,0.06002611322864232,0.051227589344686256,0.008798523883956064,0.481194297091768,92,15
37,DA Oligodendrocytes,TCA cycle,-0.10732938255431826,-0.01499250468669951,-0.09233687786761875,1.0761808976497191e-05,92,15
38,DA Oligodendrocytes,Beta-oxidation,-0.04240896162499743,-0.04129684519485792,-0.0011121164301395106,0.7981582447931944,92,15
39,DA Oligodendrocytes,Lipid synthesis,0.23682623560937885,0.22896194523699412,0.00786429037238473,0.6830733016840909,92,15
40,DA Oligodendrocytes,Cholesterol synthesis,0.025632954850808055,0.10529748329504256,-0.0796645284442345,0.030926733685747183,92,15
41,DA Oligodendrocytes,Lipid transport / storage,0.3878322441714759,0.15921006127909088,0.228622182892385,1.0576985624115174e-07,92,15
42,DA astrocytes,Glycolysis,0.7292153141133286,0.6610783261939595,0.06813698791936917,0.05098162665043172,92,15
43,DA astrocytes,Pyruvate to lactate,0.5790084882598637,0.4557237268090316,0.12328476145083211,2.1498535570592825e-05,92,15
44,DA astrocytes,TCA cycle,0.17469037212262942,0.19528272577344688,-0.020592353650817463,0.4924376263209037,92,15
45,DA astrocytes,Beta-oxidation,0.15194359839315916,0.11085872495759388,0.04108487343556527,0.01068523958978812,92,15
46,DA astrocytes,Lipid synthesis,0.26444400287796305,0.3300742529228337,-0.06563025004487066,0.0010393848808469832,92,15
47,DA astrocytes,Cholesterol synthesis,-0.12675406789989907,0.17427467171349684,-0.30102873961339593,0.00012971555759417285,92,15
48,DA astrocytes,Lipid transport / storage,0.2634344031037704,0.19711622524943967,0.06631817785433075,0.009633348868729984,92,15
49,T cells,Glycolysis,0.36331646616405394,0.23160231416076327,0.13171415200329067,,85,2
50,T cells,Pyruvate to lactate,0.09955890855343093,0.1420622556840951,-0.042503347130664185,,85,2
51,T cells,TCA cycle,0.05232475156030255,0.1478136162760958,-0.09548886471579324,,85,2
52,T cells,Beta-oxidation,-0.0870044530056878,-0.07806003615582928,-0.008944416849858527,,85,2
53,T cells,Lipid synthesis,-0.060500502730931376,-0.03916179488412657,-0.021338707846804805,,85,2
54,T cells,Cholesterol synthesis,-0.22581683214522064,-0.16252211885888115,-0.06329471328633948,,85,2
55,T cells,Lipid transport / storage,0.13659775787750078,0.18873028247464546,-0.05213252459714468,,85,2
56,Fibroblasts,Glycolysis,0.12393637991121458,0.16695714414955018,-0.043020764238335604,0.13284347687541,92,15
57,Fibroblasts,Pyruvate to lactate,0.002731765640915946,0.0061610980649881315,-0.0034293324240721856,0.7637221534232842,92,15
58,Fibroblasts,TCA cycle,0.040754999612607715,0.1474898291663557,-0.10673482955374798,0.0018762295345534183,92,15
59,Fibroblasts,Beta-oxidation,-0.0533484071468495,-0.04159716516456812,-0.011751241982281377,0.3484079530990708,92,15
60,Fibroblasts,Lipid synthesis,-0.0639563189721083,-0.04337134918257948,-0.020584969789528812,0.05098162665043172,92,15
61,Fibroblasts,Cholesterol synthesis,-0.23222909081331639,-0.12816874322998026,-0.10406034758333613,6.904887009348642e-05,92,15
62,Fibroblasts,Lipid transport / storage,0.3669953531628822,0.2406479935959475,0.12634735956693469,1.3221489666560828e-05,92,15
63,Schwann cells,Glycolysis,0.06881410586343394,0.05517487966969579,0.013639226193738148,0.25066313977323285,85,15
64,Schwann cells,Pyruvate to lactate,0.134035489208069,0.17949809491626073,-0.045462605708191745,0.0035535798700074453,85,15
65,Schwann cells,TCA cycle,-0.08369968997158554,-0.07391066706984459,-0.009789022901740954,0.44569660642491593,85,15
66,Schwann cells,Beta-oxidation,-0.04578595984697382,-0.038031749685998116,-0.0077542101609757025,0.23130399956258896,85,15
67,Schwann cells,Lipid synthesis,0.26125783932864677,0.44266482873103613,-0.18140698940238936,3.1169022682800814e-07,85,15
68,Schwann cells,Cholesterol synthesis,0.2029513481425135,0.5325612504463426,-0.32960990230382914,1.7671937597253432e-06,85,15
69,Schwann cells,Lipid transport / storage,0.3991135799870465,0.22548870288420525,0.17362487710284125,1.457428670667626e-06,85,15
70,Macrophages,Glycolysis,0.6044299448494687,,,,61,0
71,Macrophages,Pyruvate to lactate,0.3007678040265335,,,,61,0
72,Macrophages,TCA cycle,0.06689371832357358,,,,61,0
73,Macrophages,Beta-oxidation,-0.05963098906203781,,,,61,0
74,Macrophages,Lipid synthesis,-0.053146815700030714,,,,61,0
75,Macrophages,Cholesterol synthesis,-0.3153609293746195,,,,61,0
76,Macrophages,Lipid transport / storage,0.33557666676837644,,,,61,0
77,Activated Mic_Mac 2,Glycolysis,0.44278706089271647,0.27652467387795987,0.1662623870147566,,70,1
78,Activated Mic_Mac 2,Pyruvate to lactate,0.3148464210548543,0.22832335173844337,0.0865230693164109,,70,1
79,Activated Mic_Mac 2,TCA cycle,0.010528133803206875,0.004618964713029172,0.005909169090177703,,70,1
80,Activated Mic_Mac 2,Beta-oxidation,-0.023502477743029843,-0.041001609712240684,0.01749913196921084,,70,1
81,Activated Mic_Mac 2,Lipid synthesis,0.049564936589879136,0.1084738316404031,-0.05890889505052396,,70,1
82,Activated Mic_Mac 2,Cholesterol synthesis,-0.5236793790889317,-0.5283809948020867,0.004701615713154972,,70,1
83,Activated Mic_Mac 2,Lipid transport / storage,0.4643753898643047,0.41228885091934586,0.05208653894495885,,70,1
84,OPCs,Glycolysis,0.2546137902401858,0.3034602772344284,-0.0488464869942426,0.0010393848808469832,92,15
85,OPCs,Pyruvate to lactate,-0.051571345567697165,-0.05754342999446382,0.005972084426766652,0.6248202966690499,92,15
86,OPCs,TCA cycle,0.010383275993723316,0.08233951461551021,-0.0719562386217869,0.000524197548091939,92,15
87,OPCs,Beta-oxidation,0.0072615906131658975,0.019047777487538286,-0.011786186874372388,0.10339661137252167,92,15
88,OPCs,Lipid synthesis,0.1506931751016068,0.19971878231321366,-0.04902560721160687,0.005334207652950577,92,15
89,OPCs,Cholesterol synthesis,0.09745515277611361,0.23079249170843952,-0.1333373389323259,0.005483730628858261,92,15
90,OPCs,Lipid transport / storage,-0.17728076026950768,-0.29029905305578085,0.11301829278627318,8.041228896530703e-06,92,15
91,Stromal cells,Glycolysis,0.09043470106818516,0.09538163939152772,-0.004946938323342559,0.9749460664662738,92,15
92,Stromal cells,Pyruvate to lactate,-0.050177738952942474,-0.09820314656390874,0.04802540761096627,0.03946447689895955,92,15
93,Stromal cells,TCA cycle,-0.023378313907306568,0.039756908566673105,-0.06313522247397968,0.0005603152308686114,92,15
94,Stromal cells,Beta-oxidation,-0.08238563659192019,-0.060458803495857555,-0.021926833096062637,0.188661471350558,92,15
95,Stromal cells,Lipid synthesis,-0.12329994693258096,-0.05140613281244412,-0.07189381412013685,2.753372171936965e-06,92,15
96,Stromal cells,Cholesterol synthesis,-0.3941301716196447,-0.22448517601218895,-0.16964499560745575,1.5470628256540226e-06,92,15
97,Stromal cells,Lipid transport / storage,0.46399583379206005,0.32501180650274447,0.13898402728931558,5.497685360992221e-06,92,15
98,Vascular cells,Glycolysis,0.3998733251212394,0.41966292335193545,-0.019789598230696037,0.2309560540853307,92,15
99,Vascular cells,Pyruvate to lactate,0.0012369458416943155,-0.021844553453895073,0.023081499295589388,0.06012850460485851,92,15
100,Vascular cells,TCA cycle,0.1698147014998828,0.27918540454954216,-0.10937070304965937,0.00023011693603635473,92,15
101,Vascular cells,Beta-oxidation,-0.03319184399588266,-0.03282605673383117,-0.000365787262051491,0.875222737869217,92,15
102,Vascular cells,Lipid synthesis,-0.11617369798476973,-0.0834474288015573,-0.032726269183212434,0.020857410615333596,92,15
103,Vascular cells,Cholesterol synthesis,-0.27637539081937756,-0.1781006752604361,-0.09827471555894146,0.0023164244502639304,92,15
104,Vascular cells,Lipid transport / storage,0.11560051796648688,0.027829355256055375,0.0877711627104315,0.00044317435544946945,92,15
105,Activate Mic_Mac 1,Glycolysis,0.6665334754618788,0.6439969806511474,0.02253649481073139,0.07415441596507973,91,15
106,Activate Mic_Mac 1,Pyruvate to lactate,0.13648322121346015,0.07372717411345912,0.06275604710000103,0.00036768351253497957,91,15
107,Activate Mic_Mac 1,TCA cycle,0.25817556755991733,0.3742870314357764,-0.11611146387585908,3.575866886429681e-05,91,15
108,Activate Mic_Mac 1,Beta-oxidation,-0.058324358324099504,-0.07014590661258009,0.011821548288480588,0.2176729646196769,91,15
109,Activate Mic_Mac 1,Lipid synthesis,0.11104524903263649,0.21659490724023345,-0.10554965820759696,8.564976523378522e-06,91,15
110,Activate Mic_Mac 1,Cholesterol synthesis,-0.4125829301753671,-0.3673900275064054,-0.0451929026689617,0.19180650723895443,91,15
111,Activate Mic_Mac 1,Lipid transport / storage,-0.20446348011390875,-0.3072670757051287,0.10280359559121993,4.023774140986186e-05,91,15
112,Efflux Mic_Mac,Glycolysis,0.13630137577770132,0.12679411819827963,0.009507257579421696,,71,2
113,Efflux Mic_Mac,Pyruvate to lactate,0.012446541215367271,0.00625261860678953,0.006193922608577741,,71,2
114,Efflux Mic_Mac,TCA cycle,-0.0466205542055531,0.06342765232830339,-0.11004820653385648,,71,2
115,Efflux Mic_Mac,Beta-oxidation,-0.044425515068006884,0.010207127756383036,-0.05463264282438992,,71,2
116,Efflux Mic_Mac,Lipid synthesis,-0.04886922870149151,0.13447103802813534,-0.18334026672962686,,71,2
117,Efflux Mic_Mac,Cholesterol synthesis,-0.14059398920330207,-0.07819514147253911,-0.06239884773076296,,71,2
118,Efflux Mic_Mac,Lipid transport / storage,0.340275371261438,0.2004442140945516,0.13983115716688638,,71,2
119,Foamy Mic_Mac,Glycolysis,0.550700227719942,,,,37,0
120,Foamy Mic_Mac,Pyruvate to lactate,0.24311302431614346,,,,37,0
121,Foamy Mic_Mac,TCA cycle,0.13713343500753197,,,,37,0
122,Foamy Mic_Mac,Beta-oxidation,0.04202129814998216,,,,37,0
123,Foamy Mic_Mac,Lipid synthesis,-0.13342285272174145,,,,37,0
124,Foamy Mic_Mac,Cholesterol synthesis,-0.5564919974559529,,,,37,0
125,Foamy Mic_Mac,Lipid transport / storage,0.6720213408566603,,,,37,0
126,APCs,Glycolysis,0.2933028185507278,,,,77,0
127,APCs,Pyruvate to lactate,0.02595336540840055,,,,77,0
128,APCs,TCA cycle,0.18187278912828606,,,,77,0
129,APCs,Beta-oxidation,-0.0772246960687429,,,,77,0
130,APCs,Lipid synthesis,-0.04388727879567165,,,,77,0
131,APCs,Cholesterol synthesis,0.06530480462644449,,,,77,0
132,APCs,Lipid transport / storage,0.08499211434534862,,,,77,0
133,B cells,Glycolysis,0.12295411516204298,,,,57,0
134,B cells,Pyruvate to lactate,-0.13731771095289003,,,,57,0
135,B cells,TCA cycle,0.04576976395195385,,,,57,0
136,B cells,Beta-oxidation,-0.12879502604758647,,,,57,0
137,B cells,Lipid synthesis,-0.13629297380984814,,,,57,0
138,B cells,Cholesterol synthesis,-0.19136336732609094,,,,57,0
139,B cells,Lipid transport / storage,0.2177803686848277,,,,57,0
140,Newly formed oligodendrocytes,Glycolysis,0.1505418480886647,0.21128701191330806,-0.06074516382464337,0.026908015207280655,86,10
141,Newly formed oligodendrocytes,Pyruvate to lactate,-0.08804623744449641,-0.10132903464212362,0.013282797197627205,0.3108342238339452,86,10
142,Newly formed oligodendrocytes,TCA cycle,-0.03880182363626778,0.03749020498818502,-0.0762920286244528,0.010813300873279173,86,10
143,Newly formed oligodendrocytes,Beta-oxidation,0.06654461755161917,0.037054154270834166,0.029490463280785,0.15524085729867665,86,10
144,Newly formed oligodendrocytes,Lipid synthesis,0.30882920333149905,0.3685500299995932,-0.05972082666809414,0.11202114981611355,86,10
145,Newly formed oligodendrocytes,Cholesterol synthesis,0.52620595773333,0.6636253354659318,-0.13741937773260182,0.22805919755033088,86,10
146,Newly formed oligodendrocytes,Lipid transport / storage,-0.13556564615687003,-0.2717207180768058,0.13615507191993578,0.00017821365323081624,86,10
147,Myeloid cells,Glycolysis,0.5401715762997373,,,,46,0
148,Myeloid cells,Pyruvate to lactate,0.2912640842604856,,,,46,0
149,Myeloid cells,TCA cycle,-0.03904192599582274,,,,46,0
150,Myeloid cells,Beta-oxidation,-0.13577731268433887,,,,46,0
151,Myeloid cells,Lipid synthesis,-0.05638394343547429,,,,46,0
152,Myeloid cells,Cholesterol synthesis,-0.27843064146787155,,,,46,0
153,Myeloid cells,Lipid transport / storage,0.22784853001723843,,,,46,0
154,Mic_AST,Glycolysis,0.5400201755489464,0.43382712475410656,0.10619305079483987,,73,1
155,Mic_AST,Pyruvate to lactate,0.41563546986819344,0.3606782884722254,0.05495718139596806,,73,1
156,Mic_AST,TCA cycle,0.10683797302734958,0.053048994118001035,0.05378897890934855,,73,1
157,Mic_AST,Beta-oxidation,0.05605035974644044,0.10063501347157712,-0.04458465372513668,,73,1
158,Mic_AST,Lipid synthesis,0.07469284137979817,0.1699717822896738,-0.09527894090987563,,73,1
159,Mic_AST,Cholesterol synthesis,-0.4199641431278948,-0.4540441021747047,0.03407995904680988,,73,1
160,Mic_AST,Lipid transport / storage,0.2771645129973315,0.13707121801214153,0.14009329498519,,73,1
161,Proliferating microglia,Glycolysis,0.42325069779074964,,,,59,0
162,Proliferating microglia,Pyruvate to lactate,0.3382504231798097,,,,59,0
163,Proliferating microglia,TCA cycle,0.10739134095807884,,,,59,0
164,Proliferating microglia,Beta-oxidation,-0.03879920593240961,,,,59,0
165,Proliferating microglia,Lipid synthesis,0.14696143875141238,,,,59,0
166,Proliferating microglia,Cholesterol synthesis,-0.38224915808920207,,,,59,0
167,Proliferating microglia,Lipid transport / storage,0.10392447715371422,,,,59,0
168,Dendritic cells,Glycolysis,0.18607430013452814,,,,53,0
169,Dendritic cells,Pyruvate to lactate,-0.07845311500826506,,,,53,0
170,Dendritic cells,TCA cycle,-0.029446892151997285,,,,53,0
171,Dendritic cells,Beta-oxidation,-0.11744782274438631,,,,53,0
172,Dendritic cells,Lipid synthesis,-0.16671662666146708,,,,53,0
173,Dendritic cells,Cholesterol synthesis,-0.1985784018397799,,,,53,0
174,Dendritic cells,Lipid transport / storage,0.15378404118283617,,,,53,0
175,Ependymal cells,Glycolysis,0.5257041656964306,0.5278956273388683,-0.0021914616424376643,0.7941040196251062,90,15
176,Ependymal cells,Pyruvate to lactate,0.12922505386744476,0.13270119318143686,-0.0034761393139920993,0.5670945797327455,90,15
177,Ependymal cells,TCA cycle,0.40362010838081,0.5105129184811135,-0.10689281010030344,0.007809049414828269,90,15
178,Ependymal cells,Beta-oxidation,0.016649589994659056,-0.020154445266318974,0.03680403526097803,0.04950040404264942,90,15
179,Ependymal cells,Lipid synthesis,0.1777739124083231,0.14850701559836713,0.029266896809955978,0.4176946171032214,90,15
180,Ependymal cells,Cholesterol synthesis,-0.07503272971921178,0.034422302903813366,-0.10945503262302514,0.0017103601987058026,90,15
181,Ependymal cells,Lipid transport / storage,-0.19960564916833232,-0.2560796683781856,0.05647401920985326,0.023989839031484946,90,15
