gene,pathway,frac_in_C4b-,frac_in_C4b+,frac_in_C4b-high,mean_in_C4b-,mean_in_C4b+,enrichment(+/-),spearman_rho,fisher_p,rank,n_ranked
Bdh1,Ketone body synthesis,0.06858529055022604,0.15172868830826075,0.12075153050453874,0.21029385924339294,0.3678271770477295,2.2122628203659436,0.029719891164006165,1.7678013614482156e-109,1135.0,3673.0
Acss1,Ketone body utilisation,0.027015106406439518,0.054948535233570864,0.03303778762930124,0.07637209445238113,0.12677042186260223,2.033992922584711,-0.013220027451163737,5.784337045753806e-32,3222.0,3673.0
Acss2,Ketone body utilisation,0.1517256588377991,0.2933227764581684,0.24794173527549082,0.48097625374794006,0.755679726600647,1.933244374781344,0.030678040929480503,6.829766703233001e-181,1057.0,3673.0
Hcar2,Ketone / SCFA receptors,0.005844084243025692,0.017550804961731326,0.006966434452184927,0.014765501953661442,0.03843837231397629,3.0031745320366303,-0.025135536092922985,1.7781517363874412e-19,3424.0,3673.0
Ffar3,Ketone / SCFA receptors,0.00011026574043444702,0.0004486671945104249,0.00010555203715431708,0.00036610744427889585,0.0009567506494931877,4.068962787015043,-0.003462840969869701,0.22812283665494842,,
Ffar2,Ketone / SCFA receptors,0.0026463777704267286,0.002982317234098707,0.0020054887059320244,0.00948956049978733,0.007314065471291542,1.1269431248350488,-0.009338703757249512,0.6651448186378097,,
Slc16a1,Monocarboxylate transporters,0.19263424853897895,0.3748482449195038,0.3134895503483217,0.6156522035598755,0.9953396320343018,1.9459065444619232,0.042381136936797154,6.70208824290756e-256,592.0,3673.0
Slc16a3,Monocarboxylate transporters,0.03594663138162973,0.07740828714700448,0.04148195060164661,0.10672964155673981,0.18259330093860626,2.1534225648349192,-0.032922168572205326,1.065270347317502e-50,3524.0,3673.0
Slc2a1,Glucose transporters,0.14125041349652662,0.25154394299287414,0.20740975300823306,0.4373317062854767,0.6257710456848145,1.7808368610479124,0.013294765562432203,5.988315048368731e-121,1817.0,3673.0
Slc2a3,Glucose transporters,0.011688168486051384,0.029823172340987067,0.022482583913869536,0.03374151140451431,0.06840138137340546,2.551569339249167,0.009999624147561179,4.7735698767179475e-26,2044.0,3673.0
Slc2a4,Glucose transporters,0.12426948946962178,0.11776194246503036,0.10090774751952712,0.45918142795562744,0.3188408315181732,0.9476335902532035,-0.03247194078960569,0.08638530106835834,3512.0,3673.0
Hk1,Glycolysis,0.08733046642408204,0.18308260754816574,0.13996200126662445,0.27078676223754883,0.44640034437179565,2.09643455537161,0.021881164363086188,8.326580518902256e-122,1268.0,3673.0
Hk2,Glycolysis,0.05458154151505128,0.12325151755080496,0.0568925480261769,0.16072814166545868,0.2976702153682709,2.258117197309596,-0.05573036501115154,1.793848875502551e-90,3626.0,3673.0
Gpi1,Glycolysis,0.16639100231558054,0.3404592240696754,0.27369643234114416,0.521574854850769,0.8659074902534485,2.04613963093962,0.030151369664237586,9.365381333873972e-250,941.0,3673.0
Pfkl,Glycolysis,0.09019737567537767,0.2247558722618105,0.15780029554570404,0.27622443437576294,0.5597352385520935,2.4918227451618087,0.01601725638490619,1.3505795661759973e-210,1620.0,3673.0
Pfkp,Glycolysis,0.0942772080714522,0.2040643969385062,0.14502849905003168,0.2993786931037903,0.5189918875694275,2.1645146384038743,0.012253239346136835,3.1181998501185496e-147,1730.0,3673.0
Pfkfb2,Glycolysis,0.044216561914213255,0.11074162048033782,0.08950812750686088,0.1355675607919693,0.2638084590435028,2.5045280701650467,0.035461947119776786,6.803948100280178e-96,770.0,3673.0
Aldoa,Glycolysis,0.49167493659719924,0.7845077856954341,0.6857715853915981,1.821405291557312,2.6587889194488525,1.5955822176433936,0.0003675788915065727,0.0,2561.0,3673.0
Aldoc,Glycolysis,0.44448119969125593,0.6169437846397466,0.5320878192949124,1.6978150606155396,2.0016403198242188,1.3880087280818314,-0.038035730671139925,3.3612494842839796e-194,3547.0,3673.0
Tpi1,Glycolysis,0.1542617708677914,0.3580100290314067,0.2675744141861938,0.48959630727767944,0.9314741492271423,2.320795534871928,0.02170280576219024,0.0,1370.0,3673.0
Pgk1,Glycolysis,0.20884331238284265,0.4206650831353919,0.3302723242558581,0.6675710082054138,1.1204705238342285,2.0142616889941234,0.021249000462276804,0.0,1384.0,3673.0
Eno1,Glycolysis,0.030433344359907376,0.0778569543415149,0.050559425796917884,0.08835210651159286,0.1767026036977768,2.558277967113039,-0.0035690471407341614,2.151788245125603e-68,2818.0,3673.0
Eno2,Glycolysis,0.12879038482743413,0.24930060702032197,0.21310956301456618,0.41187068819999695,0.6464994549751282,1.9357082235165237,0.03872300411366328,1.0584726546458051e-147,665.0,3673.0
Pkm,Glycolysis,0.22439078178409969,0.4761678543151227,0.3980367321089297,0.7271679639816284,1.297404170036316,2.12204730751049,0.05222934628796583,0.0,427.0,3673.0
Ldha,Glycolysis,0.055684198919395744,0.1575349696489839,0.09552459362465696,0.17027705907821655,0.3781486749649048,2.829078494547792,-0.007191127131801928,1.1663462371636917e-167,3091.0,3673.0
Ldhb,Glycolysis,0.3347667879589811,0.5277381894959092,0.3980367321089297,1.1628276109695435,1.5377854108810425,1.5764353229704877,-0.056163622426711766,4.978299671562797e-243,3633.0,3673.0
Pdk1,Pyruvate fate,0.015216672179953688,0.03871733966745843,0.020688199282246147,0.04509279504418373,0.08882879465818405,2.544402561189714,-0.008570521644802088,1.6310590210973266e-33,3013.0,3673.0
Pdk4,Pyruvate fate,0.09174109604145991,0.14362628661916071,0.12254591513616213,0.2837793529033661,0.3561828136444092,1.56556104969852,0.02070507304498002,8.229859796464316e-42,1493.0,3673.0
Mpc1,Pyruvate fate,0.15745947734039034,0.31916072842438636,0.2620857082541693,0.49275293946266174,0.8042976260185242,2.0269388277876472,0.03648244238498584,1.4455623996776161e-224,813.0,3673.0
Mpc2,Pyruvate fate,0.06715183592457824,0.14967009765109526,0.11790162550137218,0.20098786056041718,0.3527694642543793,2.2288310600948815,0.023565188772262498,2.5957680990259697e-109,1394.0,3673.0
Pcx,Pyruvate fate,0.11026574043444702,0.2074162048033782,0.17595524593624656,0.3353874385356903,0.504219651222229,1.8810575613618368,0.023899035676137464,2.0670113019505166e-110,1200.0,3673.0
G6pdx,Pentose phosphate pathway,0.008380196273017974,0.020902612826603325,0.016466117796073463,0.023147139698266983,0.04624330252408981,2.4942867858482307,0.014549800569567062,5.7756786963993436e-18,1887.0,3673.0
Pygb,Glycogen,0.09901863491013342,0.19839007653734494,0.14260080219548238,0.3103747069835663,0.4892868995666504,2.0035630335380636,0.009336227649044319,1.5900179054738022e-121,2151.0,3673.0
Agl,Glycogen,0.05954349983460139,0.11892319873317499,0.08560270213215115,0.17603352665901184,0.27912962436676025,1.9972490542799333,0.0007014156345407608,3.9047526112523545e-68,2749.0,3673.0
Cs,TCA cycle,0.16804498842209725,0.3240432831881763,0.25195271268735486,0.5308516621589661,0.8259511590003967,1.9283126871611358,0.016424229504700183,5.1611372094880585e-205,1392.0,3673.0
Idh2,TCA cycle,0.05171463226375565,0.13475851148060175,0.10417986067131095,0.15605464577674866,0.3217763900756836,2.605810107926604,0.029056252552147804,7.711804842972969e-126,1122.0,3673.0
Ogdh,TCA cycle,0.12680560149961406,0.28809712325151754,0.23327000211104074,0.38657382130622864,0.7137901782989502,2.2719589658852284,0.04267369947886958,2.942697008927324e-245,588.0,3673.0
Sdha,TCA cycle,0.23442496416363437,0.4346001583531275,0.3602491028076842,0.7644938826560974,1.1527212858200073,1.8538987940284632,0.022630207108142564,9.572254123987153e-284,1324.0,3673.0
Sdhb,TCA cycle,0.20873304664240822,0.4081287938770124,0.3207726409119696,0.6634106040000916,1.073337197303772,1.9552667890494586,0.020970076936966047,1.416547977155353e-292,1371.0,3673.0
Fh1,TCA cycle,0.057999779468519135,0.12755344418052256,0.10808528604602069,0.17041811347007751,0.29917004704475403,2.1992056754242566,0.02869785192226189,1.6899031235606333e-89,1097.0,3673.0
Got2,Anaplerosis / amino acids,0.062189877605028115,0.14505146476642913,0.11853493772429807,0.18557363748550415,0.34408697485923767,2.3323966914304006,0.03776638387806858,1.6167008882900296e-114,700.0,3673.0
Glud1,Anaplerosis / amino acids,0.16958870878817953,0.2860649247822645,0.20857082541693053,0.5429595708847046,0.7237421274185181,1.6868158666127153,-0.021148734272019347,1.7280550772733363e-121,3412.0,3673.0
Idh1,Anaplerosis / amino acids,0.10828095710662697,0.23032462391132225,0.18249947223981422,0.3269723951816559,0.5604062080383301,2.1271018475069057,0.025326176963385665,2.153815380016562e-164,1249.0,3673.0
Ndufs1,Oxidative phosphorylation,0.16131877825559598,0.32636579572446556,0.2732742241925269,0.4955601394176483,0.8242937922477722,2.0231110057588366,0.0437493750761773,2.442875820745502e-230,632.0,3673.0
Atp5o,Oxidative phosphorylation,0.2600066159444261,0.5120612298759567,0.4228414608401942,0.84951251745224,1.4076746702194214,1.9694161551081641,0.03580420145515513,0.0,796.0,3673.0
Ppargc1a,Mitochondrial biogenesis / dynamics,0.012460028669092514,0.02314594879915545,0.016466117796073463,0.038502056151628494,0.052414752542972565,1.8576160146862015,-0.0029674705622801003,1.964491636903519e-11,2892.0,3673.0
Tfam,Mitochondrial biogenesis / dynamics,0.02888962399382512,0.06120348376880443,0.04971500949968334,0.08489757031202316,0.14195139706134796,2.118528222516364,0.018817782338482806,1.2495343032290468e-38,1440.0,3673.0
Nrf1,Mitochondrial biogenesis / dynamics,0.02888962399382512,0.07186592768540512,0.05467595524593625,0.08215373754501343,0.16581034660339355,2.4876034281638892,0.017629884079132813,2.3063053807435497e-60,1679.0,3673.0
Opa1,Mitochondrial biogenesis / dynamics,0.08027345903627743,0.15428873053576142,0.12697910069664345,0.23922739923000336,0.36818745732307434,1.9220391445450828,0.019939406642145382,6.326326238711087e-83,1486.0,3673.0
Mfn2,Mitochondrial biogenesis / dynamics,0.08589701179843423,0.1803906043811032,0.15452818239392022,0.2578392028808594,0.43713757395744324,2.100080091312227,0.03427083108750598,2.6748496845446346e-120,909.0,3673.0
Dnm1l,Mitochondrial biogenesis / dynamics,0.09185136178189436,0.21646872525732383,0.17236647667299979,0.2759368419647217,0.5206296443939209,2.3567285346442617,0.03426390441571107,4.417551195846874e-184,959.0,3673.0
Pink1,Mitochondrial biogenesis / dynamics,0.3622229573271585,0.4860121404064397,0.41323622545915134,1.2875553369522095,1.3542298078536987,1.3417485848846276,-0.03491684308772396,2.3415237537718133e-101,3534.0,3673.0
Prkn,Mitochondrial biogenesis / dynamics,0.02117102216341383,0.0544206914753233,0.04675955245936247,0.06175472214818001,0.1269731968641281,2.570527348904724,0.03008709894534752,9.747907752213443e-48,917.0,3673.0
Cd36,Fatty acid uptake / activation,0.01179843422648583,0.04040643969385062,0.01836605446485117,0.03626149892807007,0.09401856362819672,3.424728986761975,-0.015434729063808704,2.104361882770228e-50,3307.0,3673.0
Fabp7,Fatty acid uptake / activation,0.0982467747270923,0.26474003694906306,0.2016043909647456,0.3424566090106964,0.7164766192436218,2.6946435410673995,0.04354509081916476,6.956299877684102e-288,654.0,3673.0
Acsl1,Fatty acid uptake / activation,0.10783989414488919,0.1898390076537345,0.15727253535993244,0.3286914825439453,0.4633181095123291,1.7603782826295684,0.010312582139827225,1.3839033648287666e-83,1894.0,3673.0
Acsl6,Fatty acid uptake / activation,0.1073988311831514,0.19070994985484296,0.13489550348321722,0.34450778365135193,0.48451903462409973,1.7757171819646518,-0.004834558488233106,5.109723946137849e-86,2827.0,3673.0
Cpt1a,Fatty acid beta-oxidation,0.04631161098246775,0.10519926101873846,0.07536415452818239,0.13839510083198547,0.24633879959583282,2.2715526147117595,0.007110180021469824,3.938303020072922e-77,2108.0,3673.0
Cpt1c,Fatty acid beta-oxidation,0.05678685632374021,0.13760886777513856,0.12529026810217436,0.16712869703769684,0.3289943039417267,2.42325208126744,0.06084473054279441,3.6787492260552024e-115,339.0,3673.0
Cpt2,Fatty acid beta-oxidation,0.027786966589480648,0.07278965426233835,0.05309267468862149,0.0800778791308403,0.16789259016513824,2.619561009941058,0.01111964632697195,4.963662973714849e-66,1956.0,3673.0
Slc25a20,Fatty acid beta-oxidation,0.02999228139816959,0.08532594352071787,0.059531348955034834,0.08891530334949493,0.19799798727035522,2.844930080108053,0.01801986700430839,2.674587891312704e-87,1664.0,3673.0
Hadhb,Fatty acid beta-oxidation,0.08578674605799978,0.17038796516231194,0.12434029976778552,0.2587195932865143,0.40512996912002563,1.986180534777644,0.007783097473782763,5.166020371622775e-100,2140.0,3673.0
Echs1,Fatty acid beta-oxidation,0.1960524864924468,0.3805489575085775,0.29807895292379144,0.6133875250816345,0.9794394373893738,1.9410565217352582,0.018249182166244955,5.716880164280603e-260,1466.0,3673.0
Acaa2,Fatty acid beta-oxidation,0.025802183261660602,0.050488255476378995,0.031982267257758074,0.08065181225538254,0.11610943078994751,1.9567435423729962,-0.008225334761769829,5.558397826507507e-27,2914.0,3673.0
Decr1,Fatty acid beta-oxidation,0.03252839342816187,0.08709422011084719,0.06892548026176905,0.09750751405954361,0.20040573179721832,2.6774829904585533,0.02565843610540691,3.80261355028915e-82,1190.0,3673.0
Acox1,Fatty acid beta-oxidation,0.23751240489579886,0.49276854051200847,0.42748575047498416,0.770889937877655,1.343950629234314,2.074706543130643,0.07117322633840457,0.0,226.0,3673.0
Ehhadh,Fatty acid beta-oxidation,0.010034182379534679,0.02211665347057271,0.01804939835338822,0.031205536797642708,0.05027002468705177,2.2041311024683945,0.007271492902018615,1.778088117974024e-15,2294.0,3673.0
Acly,Lipid synthesis,0.2806263094056677,0.4708366323568224,0.3892759130251214,0.9304574131965637,1.2886134386062622,1.6778064514121893,0.0016615288826364058,6.698601756301109e-245,2659.0,3673.0
Acaca,Lipid synthesis,0.15051273569302018,0.34977566640274477,0.3061009077475195,0.47615453600883484,0.9009411334991455,2.323894152825269,0.07640859307552626,0.0,204.0,3673.0
Fasn,Lipid synthesis,0.30896460469732057,0.6136711533386118,0.5659700232214482,1.0293951034545898,1.809674620628357,1.9862183046494895,0.11445734346030054,0.0,86.0,3673.0
Elovl1,Lipid synthesis,0.13033410519351638,0.2661388229084191,0.2223981422841461,0.389209121465683,0.6567818522453308,2.0419737605384545,0.033227699362321006,1.6392341194529535e-180,857.0,3673.0
Srebf1,Lipid synthesis,0.08744073216451649,0.20042227500659804,0.17162761241291957,0.25941169261932373,0.49044468998908997,2.2920928272822665,0.052972073521032045,3.378500658913334e-160,411.0,3673.0
Mlxipl,Lipid synthesis,0.023817399933840556,0.03541831617841119,0.010660755752586026,0.06350240856409073,0.0806509330868721,1.4870773584352364,-0.05988934268255766,1.0362082677583656e-08,3650.0,3673.0
Hmgcr,Cholesterol synthesis,0.13717058110045208,0.2667194510424914,0.2150094996833439,0.42434364557266235,0.6814463138580322,1.944436255228581,0.0223819257762475,1.901534473479328e-162,1517.0,3673.0
Lss,Cholesterol synthesis,0.10188554416142905,0.1776194246503035,0.14988389275913025,0.3148995041847229,0.44614747166633606,1.7433231192138554,0.015408355416862892,3.19497308049536e-75,1760.0,3673.0
Srebf2,Cholesterol synthesis,0.2734590362774286,0.5040643969385062,0.4682288368165506,0.9030128717422485,1.3906826972961426,1.843290328965852,0.07757310873980647,0.0,191.0,3673.0
Ldlr,Cholesterol / lipid transport,0.09019737567537767,0.19081551860649248,0.17194426852438252,0.2745164930820465,0.4902116358280182,2.1155329318365284,0.05117945920567868,3.8925120341383346e-130,499.0,3673.0
Abca1,Cholesterol / lipid transport,0.09096923585841879,0.23892847717075746,0.1681443951868271,0.29571011662483215,0.6182560920715332,2.626475587226181,0.02211817388145515,5.1637697390926804e-245,1390.0,3673.0
Apod,Cholesterol / lipid transport,0.7041570184143786,0.9209026128266034,0.8883259446907326,3.159134864807129,4.206454277038574,1.3078086119205241,0.1551080804014953,0.0,42.0,3673.0
Lpl,Cholesterol / lipid transport,0.025802183261660602,0.06788070731063606,0.033671099852227146,0.08033502101898193,0.16750606894493103,2.630812541026318,-0.02169152196296507,8.313215542439516e-62,3351.0,3673.0
Nr1h2,Cholesterol / lipid transport,0.05678685632374021,0.11456848772763262,0.1032298923369221,0.171766996383667,0.2785758674144745,2.0175176994211657,0.03886007326110792,6.61321534254781e-67,709.0,3673.0
Nr1h3,Cholesterol / lipid transport,0.009703385158231338,0.0296648192135128,0.0210048553937091,0.029363730922341347,0.06754668802022934,3.057161880083495,0.010121253744149166,8.527872464339769e-33,1874.0,3673.0
Plin2,Cholesterol / lipid transport,0.05513287021722351,0.17051992610187386,0.1008021954823728,0.17529231309890747,0.4236832559108734,3.092890419635788,-0.004182921019180887,2.1760543689555886e-204,2869.0,3673.0
Plin4,Cholesterol / lipid transport,0.2478773844966369,0.5914225389284772,0.6533671099852227,0.9280729293823242,2.064148187637329,2.3859479562021173,0.28866979312593516,0.0,2.0,3673.0
Ugt8a,Myelin lipid synthesis,0.5336861837027236,0.8100290314067036,0.7616635001055521,2.100287914276123,2.8515164852142334,1.517800265666817,0.07168418067954838,0.0,241.0,3673.0
Cers2,Myelin lipid synthesis,0.3887970007718602,0.6961995249406175,0.660439096474562,1.3673617839813232,2.1615214347839355,1.7906504514141974,0.12595733958480826,0.0,72.0,3673.0
Hif1a,Nutrient sensing / regulators,0.1315470283382953,0.29947215624175244,0.21363732320033776,0.40303659439086914,0.7603973746299744,2.276540641204068,0.004283054514423503,9.990290038457841e-259,2478.0,3673.0
Epas1,Nutrient sensing / regulators,0.15227698753997132,0.2590921087358142,0.2124762507916403,0.5018945932388306,0.6779233813285828,1.7014528125453288,0.009585948314563013,6.466533913567677e-110,2035.0,3673.0
Prkaa1,Nutrient sensing / regulators,0.07939133311280185,0.17944048561625758,0.14534515516149463,0.23841924965381622,0.43470221757888794,2.260202450074778,0.03520132069158056,1.320145179331277e-137,747.0,3673.0
Prkaa2,Nutrient sensing / regulators,0.013011357371264748,0.03618368962787015,0.029026810217437197,0.03891822323203087,0.0830700546503067,2.7809311969080883,0.022129293282650897,1.810001608754026e-35,1355.0,3673.0
Mtor,Nutrient sensing / regulators,0.07145219980152166,0.17133808392715758,0.14903947646189572,0.2103242576122284,0.4081006348133087,2.397939943110173,0.045750079582188685,1.719685110465007e-144,556.0,3673.0
Rptor,Nutrient sensing / regulators,0.05215569522549344,0.1161520190023753,0.0896136795440152,0.1534518450498581,0.2731645107269287,2.2270246518658388,0.01169876175345984,8.979603560674008e-83,1795.0,3673.0
Tsc2,Nutrient sensing / regulators,0.11787407652442386,0.28260754816574296,0.25195271268735486,0.35382944345474243,0.6983798742294312,2.3975377495931927,0.0711138213228529,3.0355318936356856e-262,221.0,3673.0
Ddit4,Nutrient sensing / regulators,0.20983570404675267,0.3934283452098179,0.37175427485750473,0.6839425563812256,1.0766427516937256,1.8749351879704879,0.08475326130480933,2.3983365299872737e-251,171.0,3673.0
Txnip,Nutrient sensing / regulators,0.08942551549233653,0.2107680126682502,0.14048976145239603,0.2756749987602234,0.5308566093444824,2.3569113525133925,-0.002744969245835857,2.4558293637944192e-178,2809.0,3673.0
Sirt1,Nutrient sensing / regulators,0.022604476789061637,0.05505410398522038,0.050559425796917884,0.06504078954458237,0.12632909417152405,2.4355398489851883,0.03572275725552983,1.5172877073944138e-44,817.0,3673.0
Sirt3,Nutrient sensing / regulators,0.02150181938471717,0.041250989707046715,0.03483217226092464,0.061452750116586685,0.09615016728639603,1.918488336683111,0.01787548964717062,3.503451394533539e-21,1424.0,3673.0
Ppara,Nutrient sensing / regulators,0.0037490351747711988,0.00728424386381631,0.004538737597635635,0.011982700787484646,0.016342008486390114,1.9429649294397093,-0.002061455590930675,8.992969859668769e-05,2832.0,3673.0
Pparg,Nutrient sensing / regulators,0.0007718601830411291,0.0031406703615729746,0.002427696854549293,0.0024828484747558832,0.007114243693649769,4.068962787015044,0.00729344817862579,1.3571161998760038e-05,,
Nfe2l2,Nutrient sensing / regulators,0.11445583857095601,0.27149643705463183,0.19326578002955458,0.34307414293289185,0.6743475198745728,2.3720628012027514,0.008321800794775978,5.914009008124435e-245,2091.0,3673.0
Serpina3n,context,0.4039034072113794,0.8671681182370018,0.8732320033776652,1.7959377765655518,3.8733417987823486,2.1469690593206034,0.2745120009789234,0.0,3.0,3673.0
