pathway,n_genes,mean_rho,median_rank,n_ranked,frac_top_500,MWU_p,top_gene,top_rho
Cholesterol / lipid transport,8,0.08361646222184738,385.5,3777,0.5,0.00011164434531170388,Apod,0.2743766699769936
Lipid synthesis,6,0.01031739937910734,1044.0,3777,0.3333333333333333,0.12996177669065148,Acaca,0.044154693624347874
Fatty acid uptake / activation,4,-0.00465977303304093,980.5,3777,0.5,0.42406396181511985,Fabp7,0.08995595884360325
Fatty acid beta-oxidation,10,-0.008878049007430657,1671.5,3777,0.0,0.792375990240964,Acox1,0.02206130815642782
Glucose transporters,3,-0.011970867760541773,1910.0,3777,0.3333333333333333,0.9942948351195073,Slc2a4,0.05223005244155758
Nutrient sensing / regulators,13,-0.013097094376732845,1829.0,3777,0.15384615384615385,0.7659253179567714,Txnip,0.0668519992758534
Cholesterol synthesis,3,-0.013142544017754615,2272.0,3777,0.0,0.8706201733995136,Srebf2,0.024057115757605625
Pyruvate fate,5,-0.022636300986706104,2357.0,3777,0.2,0.46547257082141036,Pdk4,0.04997406015405651
Mitochondrial biogenesis / dynamics,8,-0.055117693912794224,3122.0,3777,0.0,0.006689832230623252,Nrf1,-0.011085239656105528
TCA cycle,6,-0.060490341779467695,3231.0,3777,0.0,0.018690188191338688,Idh2,0.023589377188314022
Anaplerosis / amino acids,3,-0.06536438917206436,3112.0,3777,0.0,0.08446063323383016,Idh1,-0.014328425110056778
Glycolysis,15,-0.06862250029524564,3261.0,3777,0.13333333333333333,0.0013964207373343023,Hk2,0.03871410173013711
